"sourceId","sourceType","sourceStatus","oldUrl","sourceTimestamp","title","contentReference","sourceChecksum","headings","author","publishedAt","modifiedAt","categories","tags","imageReferences","seoTitle","seoDescription","canonical","robots","schemaReference","proposedDestination","sanityId","action","approvalReference","migrationStatus","verificationEvidence"
"4296","post","publish","https://cash4goldanddiamond.com/best-gold-bars-2026-top-dealers-ranked/","2026-09-10T13:00:18","Best Gold Bars 2026: Top 5 Dealers Ranked & Compared","migration/pre-deployment/wordpress-api/posts.json#id=4296","c3be2d4c471cf613810412d57379c35dd6c2cb6c67f48b111cfd3324d0b6c97b","The Gold Bar Market in 2026 | Top Gold Bar Dealers Compared | #1: Cash 4 Gold & Diamonds (Best Overall) | #2: Texas Precious Metals (Best for Online Bulk Buyers) | #3: U.S. Gold Bureau (Best for First-Time Investors) | #4: APMEX (Best for Selection) | #5: JM Bullion (Best for Competitive Pricing) | Key Factors When Buying Gold Bars | Our Winner: Cash 4 Gold & Diamonds | Where to Buy Gold Bars in 2026 | FAQs About Gold Bars | What’s the difference between gold bars and gold coins? | Should I buy bars online or in person? | What size gold bar should I start with? | How do I verify a gold bar is authentic? | You might also like","WordPress author ID 2","2026-09-10T13:00:18","2026-09-10T13:00:18","[60]","[]","https://images.pexels.com/photos/346547/pexels-photo-346547.jpeg?auto=compress&cs=tinysrgb&h=650&w=940 | https://images.pexels.com/photos/16055836/pexels-photo-16055836.jpeg?auto=compress&cs=tinysrgb&h=650&w=940","Best Gold Bars 2026: Top 5 Dealers Ranked & Compared - Cash 4 Gold and Diamond","Compare top gold bar dealers in 2026. See ratings, pricing, premiums, and honest reviews. Find the best place to buy gold bars online or locally.","https://cash4goldanddiamond.com/best-gold-bars-2026-top-dealers-ranked/","follow, index, max-snippet:-1, max-video-preview:-1, max-image-preview:large","migration/pre-deployment/live-source/html/a10047478c82bd5532872941107d888540a6b5229fca4e358662c65b6b91b70d.html","https://cash4goldanddiamond.com/best-gold-bars-2026-top-dealers-ranked/","page-2f4dff677427816714f69943","Preserve route; proposed editorial revision retained separately","Rewrite preparation authorized; human factual/media approval not recorded","BLOCKED — route present; source/metadata/disposition approval incomplete","wordpress-reconciliation.json; migration-comparison.json; substantive-review.json; verification.json"
"4288","post","publish","https://cash4goldanddiamond.com/sell-gold-coins-best-price-los-angeles/","2026-09-10T13:06:38","Best Price for Gold Coins in Los Angeles, CA | Cash 4 Gold & Diamonds","migration/pre-deployment/wordpress-api/posts.json#id=4288","be822d4f509fa6f21caad6c49545221b3623695ef1a642ba0e8a01900f3f04ef","Why Los Angeles Gold Coin Sellers Choose Local Buyers | How to Get the Best Price on Gold Coins in LA | Types of Gold Coins Buyers Want in Los Angeles | Same-Day Cash: Why Speed Matters When Selling Gold Coins | What to Bring When You Visit a Gold Coin Buyer in LA | Where to Sell Gold Coins in Los Angeles | Understanding Gold Spot Price and Your Final Payout | Red Flags to Avoid When Selling Gold Coins | Preparing Your Gold Coins for Sale | Why Compare Multiple Buyers for the Best Price | How long does a gold coin evaluation take? | Can I sell gold coins if they’re old or damaged? | Do I need to clean or polish my gold coins before selling? | What’s the difference between bullion coins and numismatic/rare coins? | You might also like","WordPress author ID 2","2026-09-09T13:07:09","2026-09-10T13:06:38","[60]","[]","https://images.pexels.com/photos/7634157/pexels-photo-7634157.jpeg?auto=compress&cs=tinysrgb&h=650&w=940 | https://images.pexels.com/photos/8442324/pexels-photo-8442324.jpeg?auto=compress&cs=tinysrgb&h=650&w=940","Best Price for Gold Coins in Los Angeles, CA | Cash 4 Gold & Diamonds - Cash 4 Gold and Diamond","Sell gold coins for the best price in Los Angeles. Same-day cash payouts, expert evaluations, and transparent pricing. Visit Cash 4 Gold & Diamonds today.","https://cash4goldanddiamond.com/sell-gold-coins-best-price-los-angeles/","follow, index, max-snippet:-1, max-video-preview:-1, max-image-preview:large","migration/pre-deployment/live-source/html/f944e0626fa53b8b1a81f88c6c11e7e80aa8390c6a4aa775b1bad301469989b3.html","https://cash4goldanddiamond.com/sell-gold-coins-best-price-los-angeles/","page-4f7da224b56b7f5917c1e262","Preserve route; proposed editorial revision retained separately","Rewrite preparation authorized; human factual/media approval not recorded","BLOCKED — route present; source/metadata/disposition approval incomplete","wordpress-reconciliation.json; migration-comparison.json; substantive-review.json; verification.json"
"4236","post","publish","https://cash4goldanddiamond.com/best-gemstone-ring-buyers-los-angeles/","2026-09-09T13:08:50","Best Gemstone Ring Buyers Los Angeles 2026: Top 5 Ranked","migration/pre-deployment/wordpress-api/posts.json#id=4236","ba21b1f5a545f0ac583592adc1906f50f245bfe446600be09467b96c8e75551f","Why Finding the Right Gemstone Ring Buyer Matters | Comparison Table: Top Gemstone Ring Buyers | #1 Winner: Cash 4 Gold & Diamonds | Why Cash 4 Gold & Diamonds Wins | Pros | Cons | #2: Blue Nile | Pros | Cons | #3: Zales | Pros | Cons | #4: Mejuri | Pros | Cons | #5: Local Pawn Shops | Pros | Cons | How to Choose the Right Gemstone Ring Buyer | What to Bring to Your Appraisal | Getting Started With Your Sale | How long does an appraisal take? | What if I don’t like the offer? | Do I need an appointment? | Is the payment really same-day? | You might also like","WordPress author ID 2","2026-09-08T13:46:43","2026-09-09T13:08:50","[60]","[]","https://images.pexels.com/photos/36536888/pexels-photo-36536888.png?auto=compress&cs=tinysrgb&h=650&w=940 | https://images.pexels.com/photos/36536881/pexels-photo-36536881.png?auto=compress&cs=tinysrgb&h=650&w=940","Best Gemstone Ring Buyers Los Angeles 2026: Top 5 Ranked - Cash 4 Gold and Diamond","Compare the top gemstone ring buyers in Los Angeles. We ranked 5 local and online options. See which offers fair prices, expert appraisals, and same-day cash.","https://cash4goldanddiamond.com/best-gemstone-ring-buyers-los-angeles/","follow, index, max-snippet:-1, max-video-preview:-1, max-image-preview:large","migration/pre-deployment/live-source/html/4e7b687bbedd32ef8aa196463bcc4373400db45aae15fb280a0a3105e558b71a.html","https://cash4goldanddiamond.com/best-gemstone-ring-buyers-los-angeles/","page-408974d16f9d700e77a811f3","Preserve route; proposed editorial revision retained separately","Rewrite preparation authorized; human factual/media approval not recorded","BLOCKED — route present; source/metadata/disposition approval incomplete","wordpress-reconciliation.json; migration-comparison.json; substantive-review.json; verification.json"
"4229","post","publish","https://cash4goldanddiamond.com/where-to-sell-fine-jewelry-downtown-los-angeles/","2026-09-08T13:51:02","Best Fine Jewelry Buyers in Downtown Los Angeles, CA","migration/pre-deployment/wordpress-api/posts.json#id=4229","7199aac0bf5de304d9ff85a70dd162b187def129fc455f036e5b6af8d9e480e0","Why Downtown Los Angeles Is Your Best Bet for Selling Fine Jewelry | What to Expect When You Sell Fine Jewelry Downtown | Downtown Los Angeles Fine Jewelry Buyers: Your Options | Fine Jewelry Items You Can Sell Right Now | How to Get the Best Price for Your Fine Jewelry | Why Trust Matters When You Sell Fine Jewelry Downtown | Ready to Sell Your Fine Jewelry in Downtown Los Angeles? | How quickly can I get paid if I sell fine jewelry in Downtown LA? | What if my fine jewelry is damaged or broken? | How do I know if I’m getting a fair offer? | Can I sell inherited or estate jewelry to Downtown buyers? | You might also like","WordPress author ID 0","2026-09-07T13:24:12","2026-09-08T13:51:02","[60]","[]","https://images.pexels.com/photos/15426343/pexels-photo-15426343.jpeg?auto=compress&cs=tinysrgb&h=650&w=940 | https://images.pexels.com/photos/5357788/pexels-photo-5357788.jpeg?auto=compress&cs=tinysrgb&h=650&w=940","Best Fine Jewelry Buyers in Downtown Los Angeles, CA - Cash 4 Gold and Diamond","Ready to sell fine jewelry in Downtown Los Angeles? Find expert buyers who offer transparent pricing, fair market value, and same-day payment without the pressure.","https://cash4goldanddiamond.com/where-to-sell-fine-jewelry-downtown-los-angeles/","follow, index, max-snippet:-1, max-video-preview:-1, max-image-preview:large","migration/pre-deployment/live-source/html/39799383fe42d1f2c5a319391f6b91cca4f0faf1c70e1724554e40a883649b84.html","https://cash4goldanddiamond.com/where-to-sell-fine-jewelry-downtown-los-angeles/","page-a443d456a4a0ed35c68a3525","Preserve route; proposed editorial revision retained separately","Rewrite preparation authorized; human factual/media approval not recorded","BLOCKED — route present; source/metadata/disposition approval incomplete","wordpress-reconciliation.json; migration-comparison.json; substantive-review.json; verification.json"
"4219","post","publish","https://cash4goldanddiamond.com/best-certified-diamond-appraisers-los-angeles/","2026-09-08T13:51:00","Best Certified Diamond Appraisers Los Angeles 2026: Top 5 Ranked","migration/pre-deployment/wordpress-api/posts.json#id=4219","ee78e8f762abc29465c824d17c1a0660a29604910246cd3d5adeaea66936d097","Finding a Certified Diamond Appraiser in Los Angeles: What You Need to Know | Top 5 Certified Diamond Appraisers in Los Angeles (2026) | #1: Cash 4 Gold & Diamonds (Downtown Los Angeles) | #2: Beverly Hills Jewelry Buyers | #3: Diamonds by Angie | #4: J.R.’s Diamonds | #5: Hellen Jewelry | What Makes a Certified Diamond Appraiser Trustworthy? | The Appraisal Process: What to Expect | How Much Does a Diamond Appraisal Cost? | When Do You Need a Certified Diamond Appraisal? | How to Choose the Right Appraiser for Your Needs | What is the difference between an appraisal and an offer to buy? | How long does a diamond appraisal take? | Is a diamond appraiser the same as a jeweler? | Can I sell my diamond directly to an appraiser? | You might also like","WordPress author ID 2","2026-09-06T13:02:57","2026-09-08T13:51:00","[60]","[]","https://images.pexels.com/photos/39017189/pexels-photo-39017189.jpeg?auto=compress&cs=tinysrgb&h=650&w=940 | https://images.pexels.com/photos/827162/pexels-photo-827162.jpeg?auto=compress&cs=tinysrgb&h=650&w=940","Best Certified Diamond Appraisers Los Angeles 2026: Top 5 Ranked - Cash 4 Gold and Diamond","Find the best certified diamond appraiser in Los Angeles. Compare top 5 appraisers with expert credentials, transparent pricing, and fair valuations for your diamonds.","https://cash4goldanddiamond.com/best-certified-diamond-appraisers-los-angeles/","follow, index, max-snippet:-1, max-video-preview:-1, max-image-preview:large","migration/pre-deployment/live-source/html/13666ff27fa33a79b00f325146557a0deef716458e99ebd54596e3da851369eb.html","https://cash4goldanddiamond.com/best-certified-diamond-appraisers-los-angeles/","page-6b4c433882bb1c3cf404a128","Preserve route; proposed editorial revision retained separately","Rewrite preparation authorized; human factual/media approval not recorded","BLOCKED — route present; source/metadata/disposition approval incomplete","wordpress-reconciliation.json; migration-comparison.json; substantive-review.json; verification.json"
"4204","post","publish","https://cash4goldanddiamond.com/best-gold-bracelet-buyers-los-angeles-2026/","2026-09-08T13:50:59","Best Gold Bracelet Buyers Los Angeles 2026: Top 5 Ranked","migration/pre-deployment/wordpress-api/posts.json#id=4204","c11d19ee68dfb3413d198ee30e8b2bf5cc488adcfb9516c069c9bf12d431ea76","The Best Gold Bracelet Buyers in Los Angeles | Comparison Table: Top Gold Bracelet Buyers in Los Angeles | 1. Cash 4 Gold & Diamonds: The Clear Winner | 2. Hollywood Gold & Silver Exchange | 3. Gold Guys | 4. Magnolia Coin Company | 5. Local Pawn & Jewelry | What to Look For When Choosing a Gold Bracelet Buyer | Why Cash 4 Gold & Diamonds Wins Every Time | How to Get Started | Frequently Asked Questions | How is the price of gold determined? | Should I clean my gold bracelet before selling? | What if my bracelet is broken or damaged? | Can I sell multiple pieces at once? | You might also like","WordPress author ID 2","2026-09-05T13:17:18","2026-09-08T13:50:59","[60]","[]","https://images.pexels.com/photos/28358304/pexels-photo-28358304.jpeg?auto=compress&cs=tinysrgb&h=650&w=940 | https://images.pexels.com/photos/32610505/pexels-photo-32610505.jpeg?auto=compress&cs=tinysrgb&h=650&w=940","Best Gold Bracelet Buyers Los Angeles 2026: Top 5 Ranked - Cash 4 Gold and Diamond","Compare top gold bracelet buyers in Los Angeles. See expert ratings, fair offers, and same-day payment options. Cash 4 Gold & Diamonds ranked #1.","https://cash4goldanddiamond.com/best-gold-bracelet-buyers-los-angeles-2026/","follow, index, max-snippet:-1, max-video-preview:-1, max-image-preview:large","migration/pre-deployment/live-source/html/0c69fa97498445711b9818acdf1574fb136b60b4b92de766d76dfb86b24be676.html","https://cash4goldanddiamond.com/best-gold-bracelet-buyers-los-angeles-2026/","page-51c1d46dd3162b54fd40df96","Preserve route; proposed editorial revision retained separately","Rewrite preparation authorized; human factual/media approval not recorded","BLOCKED — route present; source/metadata/disposition approval incomplete","wordpress-reconciliation.json; migration-comparison.json; substantive-review.json; verification.json"
"4195","post","publish","https://cash4goldanddiamond.com/best-sapphire-diamond-jewelry-buyers-los-angeles/","2026-09-05T13:37:43","Best Sapphire & Diamond Jewelry Buyers in Los Angeles 2026","migration/pre-deployment/wordpress-api/posts.json#id=4195","7d25e8173c96fce289b928ad1e85a9fe8f3d16569f0303e59d0c578dc1d5c926","The Top Sapphire and Diamond Jewelry Buyers in Los Angeles | 1. Cash 4 Gold & Diamonds (Winner) | 2. Beverly Hills Fine Jewelry Buyers | 3. Los Angeles Diamond Exchange | 4. Estate Jewelry Specialists LA | 5. Calabasas Precious Metals | 6. Westside Luxury Buyers | How to Choose the Right Buyer for Your Sapphires and Diamonds | Why Cash 4 Gold & Diamonds Stands Out | Key Takeaways | FAQs About Selling Sapphire and Diamond Jewelry in Los Angeles | How much is my sapphire and diamond jewelry worth? | Do I need certification for my diamonds and sapphires to sell them? | How quickly can I sell my jewelry and get paid? | What if I’m not happy with the offer? | You might also like","WordPress author ID 2","2026-09-04T13:01:57","2026-09-05T13:37:43","[60]","[]","https://images.pexels.com/photos/36536678/pexels-photo-36536678.png?auto=compress&cs=tinysrgb&h=650&w=940 | https://images.pexels.com/photos/14058109/pexels-photo-14058109.jpeg?auto=compress&cs=tinysrgb&h=650&w=940","Best Sapphire & Diamond Jewelry Buyers in Los Angeles 2026 - Cash 4 Gold and Diamond","Compare top sapphire and diamond jewelry buyers in Los Angeles. See expert ratings, pricing transparency, and same-day payment options ranked.","https://cash4goldanddiamond.com/best-sapphire-diamond-jewelry-buyers-los-angeles/","follow, index, max-snippet:-1, max-video-preview:-1, max-image-preview:large","migration/pre-deployment/live-source/html/0f29b1926b816c3f9010c929253ee186b950c51167ccd2f824375cf47eb37bf9.html","https://cash4goldanddiamond.com/best-sapphire-diamond-jewelry-buyers-los-angeles/","page-85a5a3351164ccd480a25548","Preserve route; proposed editorial revision retained separately","Rewrite preparation authorized; human factual/media approval not recorded","BLOCKED — route present; source/metadata/disposition approval incomplete","wordpress-reconciliation.json; migration-comparison.json; substantive-review.json; verification.json"
"4175","post","publish","https://cash4goldanddiamond.com/best-14k-gold-rings-2026/","2026-09-04T13:10:42","Best 14k Gold Rings 2026: Top 5 Ranked & Compared","migration/pre-deployment/wordpress-api/posts.json#id=4175","2182019ab207f3f5e875d668e772d2ee7892749e3710c0bbdddac2cedb6aad44","Why 14k Gold Rings Matter | How We Ranked These Options | #1 Pick: Cash 4 Gold & Diamonds | #2: Blue Nile | #3: Zales | #4: Mejuri | #5: James Allen | Why Resale Value Matters for 14k Gold Rings | Key Factors When Choosing a 14k Gold Ring | Should You Buy or Sell? A Quick Framework | Our Final Recommendation | How do I know if my 14k gold ring is authentic? | What’s the difference between 14k and 18k gold rings? | Can I resell a 14k gold ring for what I paid? | Do lab-grown diamonds in 14k rings cost less than mined diamonds? | You might also like","WordPress author ID 2","2026-09-03T13:43:56","2026-09-04T13:10:42","[60]","[]","https://images.pexels.com/photos/12194367/pexels-photo-12194367.jpeg?auto=compress&cs=tinysrgb&h=650&w=940 | https://images.pexels.com/photos/11378845/pexels-photo-11378845.jpeg?auto=compress&cs=tinysrgb&h=650&w=940","Best 14k Gold Rings 2026: Top 5 Ranked & Compared - Cash 4 Gold and Diamond","Compare top 14k gold ring retailers in 2026. We ranked Cash 4 Gold & Diamonds #1 for fair pricing, expert evaluations, and same-day payment in Los Angeles.","https://cash4goldanddiamond.com/best-14k-gold-rings-2026/","follow, index, max-snippet:-1, max-video-preview:-1, max-image-preview:large","migration/pre-deployment/live-source/html/ab2c4fc7e8c0da5dd5943c31cc139a7ee86c5c24e36e1c62bf4c4f831e439b43.html","https://cash4goldanddiamond.com/best-14k-gold-rings-2026/","page-4c0a950cef5e7baae2d1b71c","Preserve route; proposed editorial revision retained separately","Rewrite preparation authorized; human factual/media approval not recorded","BLOCKED — route present; source/metadata/disposition approval incomplete","wordpress-reconciliation.json; migration-comparison.json; substantive-review.json; verification.json"
"4167","post","publish","https://cash4goldanddiamond.com/best-24k-gold-chains-2026/","2026-09-03T14:10:50","Best 24K Gold Chains 2026: Top 5 Ranked & Compared","migration/pre-deployment/wordpress-api/posts.json#id=4167","c82ee226619a6f9e599ae9d46a288e4d03717dfc7cfade32e248e91bcd0fa45b","Why 24K Gold Chains Matter in 2026 | Comparison Table: Top 24K Gold Chains & Retailers | 1. Cash 4 Gold & Diamonds: The Clear Winner | 2. Cartier 24K Gold Chains | 3. Tiffany & Co. 24K Collections | 4. Blue Nile 24K Gold Options | 5. Etsy Artisan 24K Chains | How to Evaluate a 24K Gold Chain | The Investment Case for 24K Gold Chains | Where to Buy vs. Where to Sell | Final Recommendation: Building Your 24K Gold Chain Strategy | Why Our #1 Pick Matters Long-Term | What makes 24K gold chains more valuable than lower-purity gold? | How much should I expect to pay for a quality 24K gold chain? | Can I sell a 24K gold chain for what I paid? | How do I verify a 24K gold chain is authentic? | You might also like","WordPress author ID 2","2026-09-02T13:21:08","2026-09-03T14:10:50","[60]","[]","https://images.pexels.com/photos/29557145/pexels-photo-29557145.jpeg?auto=compress&cs=tinysrgb&h=650&w=940 | https://images.pexels.com/photos/19288651/pexels-photo-19288651.jpeg?auto=compress&cs=tinysrgb&h=650&w=940","Best 24K Gold Chains 2026: Top 5 Ranked & Compared - Cash 4 Gold and Diamond","Compare the top 24K gold chains in 2026. We ranked 5 premium options with honest pros, cons, and ratings. Cash 4 Gold & Diamonds leads the list.","https://cash4goldanddiamond.com/best-24k-gold-chains-2026/","follow, index, max-snippet:-1, max-video-preview:-1, max-image-preview:large","migration/pre-deployment/live-source/html/6aa9c4435b0aa57fd3d0853d587da57812a76f50fa76e954e69e7542305cde8c.html","https://cash4goldanddiamond.com/best-24k-gold-chains-2026/","page-b109a0a239bd9d29a1ddf209","Preserve route; proposed editorial revision retained separately","Rewrite preparation authorized; human factual/media approval not recorded","BLOCKED — route present; source/metadata/disposition approval incomplete","wordpress-reconciliation.json; migration-comparison.json; substantive-review.json; verification.json"
"4145","post","publish","https://cash4goldanddiamond.com/how-to-know-if-diamonds-are-worth-selling/","2026-09-02T13:39:25","How to Know if Diamonds Are Worth Selling: 7 Key Factors","migration/pre-deployment/wordpress-api/posts.json#id=4145","72289213629b6dc037324b1425b8fcef531f9d36471d6686e187d2defd6ba581","1. The 4 Cs Matter More Than You Think | 2. Check for a GIA or AGS Certificate | 3. Fluorescence Can Work For or Against You | 4. Size and Carat Weight Are the Heavy Hitters | 5. Run the Retail-to-Resale Math | 6. Current Market Demand and Condition | 7. Trust an Expert Evaluation (Not an Online Calculator) | Red Flags That Your Diamond Might Not Be Worth Selling | What Makes a Diamond Actually Worth Selling Right Now | The Bottom Line: Get a Professional Opinion | Ready to Find Out Your Diamond’s Real Value? | What if my diamond doesn’t have a certificate? | How much less is a diamond worth used versus new? | Should I sell my diamond if I only paid $1,000 for it? | Can I sell a diamond if it has visible flaws? | You might also like","WordPress author ID 2","2026-09-01T13:38:46","2026-09-02T13:39:25","[60]","[]","https://images.pexels.com/photos/31728371/pexels-photo-31728371.jpeg?auto=compress&cs=tinysrgb&h=650&w=940 | https://images.pexels.com/photos/5442447/pexels-photo-5442447.jpeg?auto=compress&cs=tinysrgb&h=650&w=940","How to Know if Diamonds Are Worth Selling: 7 Key Factors - Cash 4 Gold and Diamond","Learn if your diamonds are worth selling. Check carat weight, clarity, color, and certification to get fair market value in Los Angeles.","https://cash4goldanddiamond.com/how-to-know-if-diamonds-are-worth-selling/","follow, index, max-snippet:-1, max-video-preview:-1, max-image-preview:large","migration/pre-deployment/live-source/html/001ef8dcf643e9903bf9c80ddb86564075ce4dfe820e41161f5d01271d4a1452.html","https://cash4goldanddiamond.com/how-to-know-if-diamonds-are-worth-selling/","page-bb9f6c0ac019dec0ab7d6417","Preserve route; proposed editorial revision retained separately","Rewrite preparation authorized; human factual/media approval not recorded","BLOCKED — route present; source/metadata/disposition approval incomplete","wordpress-reconciliation.json; migration-comparison.json; substantive-review.json; verification.json"
"4116","post","publish","https://cash4goldanddiamond.com/what-makes-a-jewelry-buyer-trustworthy-los-angeles/","2026-09-07T13:24:20","Best Trusted Jewelry Buyer in Los Angeles, CA 2026","migration/pre-deployment/wordpress-api/posts.json#id=4116","a6aefd9fa516f30d4cccae7feba3917cabbc3e662bdaaee248317e9698ed8cf7","Why Expertise and Transparent Knowledge Matter Most | Certification, Documentation, and Third-Party Verification | Fair Market Knowledge and Competitive Pricing | Professional Handling and Secure Storage Procedures | Clear Communication Without Unnecessary Jargon | Same-Day Payment and Pressure-Free Environments | Local Reputation and Years in Business | What to Look for When You’re Ready to Sell | How do I know if a jewelry buyer is certified? | Should I get my jewelry appraised before selling? | What’s a fair offer for gold jewelry? | Can I negotiate with a jewelry buyer? | You might also like","WordPress author ID 2","2026-08-31T13:24:12","2026-09-07T13:24:20","[60]","[]","https://images.pexels.com/photos/1050312/pexels-photo-1050312.jpeg?auto=compress&cs=tinysrgb&h=650&w=940 | https://images.pexels.com/photos/8886920/pexels-photo-8886920.jpeg?auto=compress&cs=tinysrgb&h=650&w=940","Best Trusted Jewelry Buyer in Los Angeles, CA 2026 - Cash 4 Gold and Diamond","Learn what makes a jewelry buyer trustworthy in Los Angeles. Discover expert evaluations, transparent pricing, and fair offers from Cash 4 Gold & Diamonds.","https://cash4goldanddiamond.com/what-makes-a-jewelry-buyer-trustworthy-los-angeles/","follow, index, max-snippet:-1, max-video-preview:-1, max-image-preview:large","migration/pre-deployment/live-source/html/04a53f3263a634d0255393608e9076bed329faceeacf765530d8d5aa4c1feff9.html","https://cash4goldanddiamond.com/what-makes-a-jewelry-buyer-trustworthy-los-angeles/","page-a1e4d00cd279e72affe23476","Preserve route; proposed editorial revision retained separately","Rewrite preparation authorized; human factual/media approval not recorded","BLOCKED — route present; source/metadata/disposition approval incomplete","wordpress-reconciliation.json; migration-comparison.json; substantive-review.json; verification.json"
"4111","post","publish","https://cash4goldanddiamond.com/how-jewelry-buyers-determine-gold-value/","2026-08-31T13:38:40","How Jewelry Buyers Determine Gold Value: The Real Process","migration/pre-deployment/wordpress-api/posts.json#id=4111","8d3a887ba92006e6ef0931c513f787174490193db6958c938e9bb6b4207ce63f","Weight Is Step One: How Much Gold Do You Actually Have? | Purity: Confirming What You Really Have | The Math: Converting Weight to Cash Value | Market Rates: Why Price Varies by Day | What Doesn’t Determine Gold Value (But People Think It Does) | How Professional Buyers Stay Honest | Estate and Inherited Jewelry: Same Process, Extra Value | Why You Should Work With a Local, Transparent Buyer | What happens if my gold has no purity stamp? | Does the design or brand of my gold jewelry affect its value? | How do I know if an offer is fair? | Can I sell gold jewelry even if it’s broken or damaged? | You might also like","WordPress author ID 2","2026-08-30T13:38:38","2026-08-31T13:38:40","[60]","[]","https://images.pexels.com/photos/13524238/pexels-photo-13524238.jpeg?auto=compress&cs=tinysrgb&h=650&w=940 | https://images.pexels.com/photos/16055829/pexels-photo-16055829.jpeg?auto=compress&cs=tinysrgb&h=650&w=940","How Jewelry Buyers Determine Gold Value: The Real Process - Cash 4 Gold and Diamond","Discover how jewelry buyers evaluate gold value using weight, purity, and market rates. Learn the transparent pricing process that determines your offer.","https://cash4goldanddiamond.com/how-jewelry-buyers-determine-gold-value/","follow, index, max-snippet:-1, max-video-preview:-1, max-image-preview:large","migration/pre-deployment/live-source/html/99623eb8614deb69ae916788a9575c44009baa605d0fc095079dd6ba540b4e01.html","https://cash4goldanddiamond.com/how-jewelry-buyers-determine-gold-value/","page-5a4838bd0468c4c8664ae01b","Preserve route; proposed editorial revision retained separately","Rewrite preparation authorized; human factual/media approval not recorded","BLOCKED — route present; source/metadata/disposition approval incomplete","wordpress-reconciliation.json; migration-comparison.json; substantive-review.json; verification.json"
"4106","post","publish","https://cash4goldanddiamond.com/how-to-value-estate-jewelry-pieces/","2026-09-04T13:10:40","How to Value Estate Jewelry Pieces: Expert Guide 2026","migration/pre-deployment/wordpress-api/posts.json#id=4106","a6fd94496cbd5638387826b31258c4878a8ba6bdc65cf6f21b0cc2175cab9584","The Four Core Factors in Estate Jewelry Valuation | 1. Metal Purity and Weight | 2. Gemstone Quality and Authentication | 3. Craftsmanship and Design Quality | 4. Age, Provenance, and Historical Significance | How to Prepare Your Estate Jewelry for Valuation | Document What You Have | Get a Professional Appraisal | Separate High-Value from Costume Pieces | Dating and Authentication: Why It Matters | Working with a Trusted Buyer | Common Valuation Mistakes to Avoid | Final Steps Before Selling | What if I have gemstones but no certificates? | How much does a professional appraisal cost? | Should I clean my estate jewelry before selling? | Can I sell estate jewelry online, or should I use a local buyer? | You might also like","WordPress author ID 2","2026-08-29T13:18:36","2026-09-04T13:10:40","[60]","[]","https://images.pexels.com/photos/5865384/pexels-photo-5865384.jpeg?auto=compress&cs=tinysrgb&h=650&w=940","How to Value Estate Jewelry Pieces: Expert Guide 2026 - Cash 4 Gold and Diamond","Learn the 4 core factors experts use to value estate jewelry: metal content, gemstones, craftsmanship & history. Get fair pricing before you sell.","https://cash4goldanddiamond.com/how-to-value-estate-jewelry-pieces/","follow, index, max-snippet:-1, max-video-preview:-1, max-image-preview:large","migration/pre-deployment/live-source/html/c35d0dedf6c6a1c16be1e2a20baa3b659479bcd5de49e93d9b70cb7972c4bb0f.html","https://cash4goldanddiamond.com/how-to-value-estate-jewelry-pieces/","page-3716ee16e91bbfc223315c38","Preserve route; proposed editorial revision retained separately","Rewrite preparation authorized; human factual/media approval not recorded","BLOCKED — route present; source/metadata/disposition approval incomplete","wordpress-reconciliation.json; migration-comparison.json; substantive-review.json; verification.json"
"4096","post","publish","https://cash4goldanddiamond.com/sell-luxury-watch-same-day-cash-los-angeles/","2026-09-09T13:08:49","Best Luxury Watch Buyer in Los Angeles, CA: Same-Day Cash","migration/pre-deployment/wordpress-api/posts.json#id=4096","fe5ef23e2b58844090486967740d162145e0af83d203f772116fe14ecd85c831","Why Same-Day Cash Matters When Selling Your Luxury Watch | How the Same-Day Process Works | What Makes Same-Day Luxury Watch Sales Different | Which Luxury Watches Sell Best for Same-Day Cash | Selling a Luxury Watch: What to Bring and Expect | Expert Appraisals Protect Your Interests | Why Local, Same-Day Cash Beats Online Platforms | Building Trust in a High-Value Transaction | Next Steps: Sell Your Luxury Watch Today | How long does a luxury watch evaluation take? | What if I don’t have the original box and papers? | How much will my luxury watch be worth? | Can I sell my watch if it needs repair? | You might also like","WordPress author ID 2","2026-08-28T13:15:43","2026-09-09T13:08:49","[60]","[]","https://images.pexels.com/photos/10343908/pexels-photo-10343908.jpeg?auto=compress&cs=tinysrgb&h=650&w=940 | https://images.pexels.com/photos/7540965/pexels-photo-7540965.jpeg?auto=compress&cs=tinysrgb&h=650&w=940","Best Luxury Watch Buyer in Los Angeles, CA: Same-Day Cash - Cash 4 Gold and Diamond","Sell your luxury watch for same-day cash in Los Angeles. Expert appraisals, fair offers, transparent pricing. Visit Cash 4 Gold & Diamonds Downtown LA today.","https://cash4goldanddiamond.com/sell-luxury-watch-same-day-cash-los-angeles/","follow, index, max-snippet:-1, max-video-preview:-1, max-image-preview:large","migration/pre-deployment/live-source/html/9e1a3d70d49eea0148f332fcbb2876a3fa3d268fc67381aca2067e33a6f6e813.html","https://cash4goldanddiamond.com/sell-luxury-watch-same-day-cash-los-angeles/","page-de475967e2bedb35f22c6e02","Preserve route; proposed editorial revision retained separately","Rewrite preparation authorized; human factual/media approval not recorded","BLOCKED — route present; source/metadata/disposition approval incomplete","wordpress-reconciliation.json; migration-comparison.json; substantive-review.json; verification.json"
"4091","post","publish","https://cash4goldanddiamond.com/14k-gold-price-per-gram-los-angeles/","2026-08-28T00:44:17","14K Gold Price Per Gram: How Much Is 14K Gold Worth in Los Angeles?","migration/pre-deployment/wordpress-api/posts.json#id=4091","c09976db5e9c2e94eae853a2992454b7c6c56310b6ee61b2782aa413fc9a6396","What Is 14K Gold? | What Is the 14K Gold Price Per Gram? | Example: How to Calculate the Value of 14K Gold | How Much Is 14K Gold Worth Today? | Does 14K Yellow, White, or Rose Gold Have the Same Gold Value? | Why the Weight of Your 14K Gold Matters | Why a 14K Stamp Is Not the Entire Evaluation | Melt Value vs. What a Gold Buyer Pays | Highest Quote vs. Final Offer: Know the Difference | Should Diamonds and Gemstones Be Valued Separately? | What About Designer 14K Gold Jewelry? | Pawn Shop vs. Gold Buyer for 14K Gold | How to Compare 14K Gold Offers in Los Angeles | Can I Calculate My 14K Gold Value at Home? | Where Can I Sell 14K Gold in Los Angeles? | How to Prepare Your 14K Gold Before Selling | Frequently Asked Questions About 14K Gold Value | How pure is 14K gold? | What does 585 mean on gold jewelry? | How do I calculate the 14K gold price per gram? | Is the 14K gold price per gram the amount a buyer will pay me? | Is 14K gold worth more than 10K gold? | Is 18K gold worth more than 14K gold? | Are 14K white gold and 14K yellow gold worth the same? | Should I remove diamonds before selling my 14K gold ring? | Where can I get my 14K gold evaluated in Los Angeles? | Final Thoughts: Know What Your 14K Gold Is Worth Before You Sell","WordPress author ID 2","2026-08-28T00:44:14","2026-08-28T00:44:17","[1]","[71,72,73,74,77,70,76,75]","https://cash4goldanddiamond.com/wp-content/uploads/2026/08/14k-gold-price-per-gram-los-angeles.webp-1024x683.png | https://cash4goldanddiamond.com/wp-content/uploads/2026/08/how-to-calculate-14k-gold-value-per-gram.webp-1024x683.png | https://cash4goldanddiamond.com/wp-content/uploads/2026/08/professional-14k-gold-evaluation-los-angeles.webp-1024x683.png","14K Gold Price Per Gram: How Much Is 14K Gold Worth?","Check the 14K gold price per gram, learn what 14K gold is worth, and see how Los Angeles gold buyers calculate offers for jewelry and scrap gold.","https://cash4goldanddiamond.com/14k-gold-price-per-gram-los-angeles/","follow, index, max-snippet:-1, max-video-preview:-1, max-image-preview:large","migration/pre-deployment/live-source/html/8d528043a9cfab854ff0993ea721a544640e1154ad7d5b25ad9124e836d6ad26.html","https://cash4goldanddiamond.com/14k-gold-price-per-gram-los-angeles/","page-69d48eca1cd1fdf27f7d08c1","Preserve route; proposed editorial revision retained separately","Rewrite preparation authorized; human factual/media approval not recorded","BLOCKED — route present; source/metadata/disposition approval incomplete","wordpress-reconciliation.json; migration-comparison.json; substantive-review.json; verification.json"
"4072","post","publish","https://cash4goldanddiamond.com/legitimate-gold-buyer-vs-pawn-shop/","2026-08-28T13:21:43","Legitimate Gold Buyer vs Pawn Shop: Which Offers Better Prices?","migration/pre-deployment/wordpress-api/posts.json#id=4072","29c5a32fab0e1137525764f5e502ff7b72ac677b8e7edafa9e2c55a36f27a863","The Real Difference Between Legitimate Gold Buyers and Pawn Shops | Pricing: Where Pawn Shops Fall Short | Transparency and Documentation | Speed vs. Fair Price | Comparison Table: Legitimate Gold Buyer vs Pawn Shop | Why Legitimate Gold Buyers Win | How to Identify a Legitimate Gold Buyer | The Numbers Don’t Lie | What About Mail-In Services? | The Bottom Line | Frequently Asked Questions | How much more will I get selling to a legitimate buyer instead of a pawn shop? | Is it safe to visit a gold buyer in person? | What’s the difference between spot price and what I’ll actually get paid? | Can I sell jewelry that’s damaged or incomplete? | You might also like","WordPress author ID 2","2026-08-27T13:21:50","2026-08-28T13:21:43","[60]","[]","https://images.pexels.com/photos/6826015/pexels-photo-6826015.jpeg?auto=compress&cs=tinysrgb&h=650&w=940 | https://images.pexels.com/photos/31461300/pexels-photo-31461300.jpeg?auto=compress&cs=tinysrgb&h=650&w=940","Legitimate Gold Buyer vs Pawn Shop: Which Offers Better Prices? - Cash 4 Gold and Diamond","Compare legitimate gold buyers vs pawn shops. Discover why reputable dealers offer better prices, transparency, and fair valuations for your gold jewelry.","https://cash4goldanddiamond.com/legitimate-gold-buyer-vs-pawn-shop/","follow, index, max-snippet:-1, max-video-preview:-1, max-image-preview:large","migration/pre-deployment/live-source/html/9ca46661fe6b806047f2b7e12c2f4eedc05d9160933d3db444e0c72ca05424eb.html","https://cash4goldanddiamond.com/legitimate-gold-buyer-vs-pawn-shop/","page-1020b8b74ad1bb67f551babc","Preserve route; proposed editorial revision retained separately","Rewrite preparation authorized; human factual/media approval not recorded","BLOCKED — route present; source/metadata/disposition approval incomplete","wordpress-reconciliation.json; migration-comparison.json; substantive-review.json; verification.json"
"4052","post","publish","https://cash4goldanddiamond.com/best-inherited-jewelry-valuation-los-angeles-2026/","2026-08-27T13:35:53","Best Inherited Jewelry Valuation Los Angeles 2026: Top 5 Ranked","migration/pre-deployment/wordpress-api/posts.json#id=4052","84bad3374497f297a98ceabadf69d7ffe6be68df834c34f3667a48c0750b669f","Why Inherited Jewelry Valuation Matters | Comparison Table: Top Inherited Jewelry Valuators in Los Angeles | 1. Cash 4 Gold & Diamonds: Best Overall for Fair Value & Immediate Cash | 2. Diamond & Gold Exchange: Solid Professional Alternative | 3. Sotheby’s Los Angeles: For High-End Estate Pieces | 4. Independent Certified Appraiser: Documentation First | 5. Local Jewelry Retail Stores: Quick But Risky | How to Value Inherited Jewelry: The Right Process | Red Flags When Valuing Inherited Jewelry | What Happens After Valuation: Sale vs. Appraisal Only | Estate Settlement and Inherited Jewelry Taxes | Inherited Watches: A Special Category | The Bottom Line: Why Cash 4 Gold & Diamonds Wins for Inherited Jewelry Valuation | Frequently Asked Questions | How much should I expect to get for inherited jewelry? | Do I need an appraisal before selling inherited jewelry? | Can I sell inherited jewelry without going to Los Angeles in person? | What’s the difference between insurance appraisal and fair market value? | You might also like","WordPress author ID 2","2026-08-26T13:35:40","2026-08-27T13:35:53","[60]","[]","https://images.pexels.com/photos/7514840/pexels-photo-7514840.jpeg?auto=compress&cs=tinysrgb&h=650&w=940 | https://images.pexels.com/photos/38782891/pexels-photo-38782891.jpeg?auto=compress&cs=tinysrgb&h=650&w=940","Best Inherited Jewelry Valuation Los Angeles 2026: Top 5 Ranked - Cash 4 Gold and Diamond","Compare top inherited jewelry valuators in Los Angeles 2026. Expert appraisals, fair pricing, and same-day cash. Find your best local option here.","https://cash4goldanddiamond.com/best-inherited-jewelry-valuation-los-angeles-2026/","follow, index, max-snippet:-1, max-video-preview:-1, max-image-preview:large","migration/pre-deployment/live-source/html/c57bf58ef1b8c1ae0695580357da939be53b1baf3fe410da9fa7d9174abf6658.html","https://cash4goldanddiamond.com/best-inherited-jewelry-valuation-los-angeles-2026/","page-20d6de47fc036bcf09a69289","Preserve route; proposed editorial revision retained separately","Rewrite preparation authorized; human factual/media approval not recorded","BLOCKED — route present; source/metadata/disposition approval incomplete","wordpress-reconciliation.json; migration-comparison.json; substantive-review.json; verification.json"
"4038","post","publish","https://cash4goldanddiamond.com/how-much-should-i-get-for-my-gold-jewelry/","2026-08-26T13:36:03","How Much Should I Get for My Gold Jewelry? 2026 Guide","migration/pre-deployment/wordpress-api/posts.json#id=4038","18233a4b24084e26e9485ab0273858d6d6c4fbea766dde4b33d26eac21617ff0","What’s the Current Price of Gold? | Understanding Gold Purity and Karat Weight | How Much Discount Should You Expect? | Factors That Affect Your Offer | How to Know If You’re Getting a Fair Offer | Don’t Forget About Designer Pieces and Antique Value | What About Gold Jewelry With Gemstones? | Comparing Buyers: Where Should You Sell? | Red Flags: Offers That Are Too Low (or Too High) | The Bottom Line: What Should You Get? | How is gold price per gram calculated? | Will my broken gold jewelry get me less money? | Should I clean my gold jewelry before selling it? | What’s the difference between gold plated and solid gold jewelry? | You might also like","WordPress author ID 2","2026-08-25T13:29:47","2026-08-26T13:36:03","[60]","[]","https://images.pexels.com/photos/17468601/pexels-photo-17468601.jpeg?auto=compress&cs=tinysrgb&h=650&w=940 | https://images.pexels.com/photos/7383110/pexels-photo-7383110.jpeg?auto=compress&cs=tinysrgb&h=650&w=940","How Much Should I Get for My Gold Jewelry? 2026 Guide - Cash 4 Gold and Diamond","Learn what you should get for your gold jewelry. Find current prices, pricing factors, and how to negotiate the best offer in Los Angeles.","https://cash4goldanddiamond.com/how-much-should-i-get-for-my-gold-jewelry/","follow, index, max-snippet:-1, max-video-preview:-1, max-image-preview:large","migration/pre-deployment/live-source/html/aea73ed6a4fa1fae884651956eed964f577073b252af6e5c6119da97e9f5cd66.html","https://cash4goldanddiamond.com/how-much-should-i-get-for-my-gold-jewelry/","page-bc8d8a6f02a78530d2ce091f","Preserve route; proposed editorial revision retained separately","Rewrite preparation authorized; human factual/media approval not recorded","BLOCKED — route present; source/metadata/disposition approval incomplete","wordpress-reconciliation.json; migration-comparison.json; substantive-review.json; verification.json"
"4012","post","publish","https://cash4goldanddiamond.com/loose-diamond-appraisal-downtown-los-angeles/","2026-09-06T13:06:19","Loose Diamond Appraisal Downtown Los Angeles: Top 6 Ranked","migration/pre-deployment/wordpress-api/posts.json#id=4012","e0457b7740ec632a0f161a82fead819e935434f03da93a3c1889754b726d6aa6","Why Getting a Professional Loose Diamond Appraisal Matters | The Top 6 Loose Diamond Appraisers in Downtown Los Angeles | #1: Cash 4 Gold & Diamonds (Downtown LA) | #2: National Gold & Diamond Center | #3: Vartan’s Fine Jewelry | #4: Hellen Jewelry | #5: Hollywood Pawn Shop & Jewelry | #6: Goodologold (Online Option) | How to Prepare for a Loose Diamond Appraisal | Why Location Matters: The Downtown LA Jewelry District | Certification and Credentials to Look For | The Cost of Loose Diamond Appraisals in LA | What Happens After Your Appraisal | Final Verdict: Where to Get Your Loose Diamond Appraised | Can I get a loose diamond appraisal without selling? | How long does a loose diamond appraisal take? | What if I have a GIA certificate for my diamond? | Should I sell my loose diamond or get it set in jewelry? | You might also like","WordPress author ID 2","2026-08-24T13:49:24","2026-09-06T13:06:19","[60]","[]","https://images.pexels.com/photos/8782746/pexels-photo-8782746.jpeg?auto=compress&cs=tinysrgb&h=650&w=940 | https://images.pexels.com/photos/35291216/pexels-photo-35291216.jpeg?auto=compress&cs=tinysrgb&h=650&w=940","Loose Diamond Appraisal Downtown Los Angeles Value Guide","Loose diamond appraisal in Downtown Los Angeles. Learn what affects value, how GIA reports differ, and how to compare real offers.","https://cash4goldanddiamond.com/loose-diamond-appraisal-downtown-los-angeles/","follow, index, max-snippet:-1, max-video-preview:-1, max-image-preview:large","migration/pre-deployment/live-source/html/7b05a3c4522ad0268be575dba4fede700ac151f3c19d1aee62cc59cefdbe9793.html","https://cash4goldanddiamond.com/loose-diamond-appraisal-downtown-los-angeles/","page-0ba37b5f6b11f5de2c204414","Preserve route; proposed editorial revision retained separately","Rewrite preparation authorized; human factual/media approval not recorded","BLOCKED — route present; source/metadata/disposition approval incomplete","wordpress-reconciliation.json; migration-comparison.json; substantive-review.json; verification.json"
"4000","post","publish","https://cash4goldanddiamond.com/sell-diamond-necklace-for-cash-los-angeles/","2026-09-07T13:24:19","Best Diamond Necklace Buyers in Los Angeles, CA 2026","migration/pre-deployment/wordpress-api/posts.json#id=4000","f2cb9c6990a9c33ea1bf419d54b5aa3f24dd5cfdcd6da5e996084184fc413f55","Why Sell Your Diamond Necklace in Los Angeles? | What Makes Diamond Necklaces Valuable? | Where to Sell Your Diamond Necklace for Cash in Los Angeles | How to Get the Best Price for Your Diamond Necklace | Red Flags to Avoid | The Selling Process: What to Expect | Factors That Influence Your Final Offer | Beyond the Sale: What Happens to Your Necklace? | Common Questions About Selling Diamond Necklaces in Los Angeles | How much cash will I get for my diamond necklace? | Do I need a GIA certificate to sell my diamond necklace? | Can I sell a broken diamond necklace? | What’s the fastest way to sell a diamond necklace for cash in Los Angeles? | You might also like","WordPress author ID 2","2026-08-23T13:27:47","2026-09-07T13:24:19","[60]","[]","https://images.pexels.com/photos/12427695/pexels-photo-12427695.jpeg?auto=compress&cs=tinysrgb&h=650&w=940 | https://images.pexels.com/photos/36536678/pexels-photo-36536678.png?auto=compress&cs=tinysrgb&h=650&w=940","Best Diamond Necklace Buyers in Los Angeles, CA 2026 - Cash 4 Gold and Diamond","Sell your diamond necklace for cash in Los Angeles. Get fair offers, same-day payment, and expert appraisals from trusted local buyers in Downtown LA.","https://cash4goldanddiamond.com/sell-diamond-necklace-for-cash-los-angeles/","follow, index, max-snippet:-1, max-video-preview:-1, max-image-preview:large","migration/pre-deployment/live-source/html/b69ff22887f0fc0dededc2672a18b6fbe17f85e1403cc0fde8a034b675874208.html","https://cash4goldanddiamond.com/sell-diamond-necklace-for-cash-los-angeles/","page-90e7764b65353723d4d30e29","Preserve route; proposed editorial revision retained separately","Rewrite preparation authorized; human factual/media approval not recorded","BLOCKED — route present; source/metadata/disposition approval incomplete","wordpress-reconciliation.json; migration-comparison.json; substantive-review.json; verification.json"
"3991","post","publish","https://cash4goldanddiamond.com/best-vintage-rolex-buyer-downtown-los-angeles-2026/","2026-09-08T13:50:57","Best Vintage Rolex Buyer Downtown Los Angeles 2026: Top 5 Ranked","migration/pre-deployment/wordpress-api/posts.json#id=3991","95f3d112efd2b4462ab9e253fa7b0b33584ec102e38a2fd1c067169c304e103a","Why Choosing the Right Vintage Rolex Buyer Matters | Comparison Table: Top Vintage Rolex Buyers Downtown Los Angeles | #1: Cash 4 Gold & Diamonds | #2: The Watch Buyers Group | #3: Sell Me Watch | #4: Leor Diamond & Watches | #5: WatchGuys | What to Look for in a Vintage Rolex Buyer | Where to Sell in Downtown Los Angeles | Should You Get Multiple Offers? | Understanding Rolex Valuation for Sellers | Our Pick: Cash 4 Gold & Diamonds | What’s the best way to prepare my vintage Rolex for sale? | How do I know if my Rolex is authentic? | Can I negotiate the offer? | What happens if I sell a vintage Rolex that later turns out to have issues? | You might also like","WordPress author ID 2","2026-08-22T13:13:45","2026-09-08T13:50:57","[60]","[]","https://images.pexels.com/photos/18723145/pexels-photo-18723145.jpeg?auto=compress&cs=tinysrgb&h=650&w=940 | https://images.pexels.com/photos/30171482/pexels-photo-30171482.jpeg?auto=compress&cs=tinysrgb&h=650&w=940","Best Vintage Rolex Buyer Downtown Los Angeles 2026: Top 5 Ranked - Cash 4 Gold and Diamond","Find the best vintage Rolex buyer in Downtown LA. We ranked top 5 buyers by expertise, fair offers, and same-day payment. Cash 4 Gold & Diamonds leads.","https://cash4goldanddiamond.com/best-vintage-rolex-buyer-downtown-los-angeles-2026/","follow, index, max-snippet:-1, max-video-preview:-1, max-image-preview:large","migration/pre-deployment/live-source/html/54aecc361a8e225f0116326d4edffbf38be4d17e771050b87a5f8071818f2d2c.html","https://cash4goldanddiamond.com/best-vintage-rolex-buyer-downtown-los-angeles-2026/","page-e90383efa8aae35f23d5e0b7","Preserve route; proposed editorial revision retained separately","Rewrite preparation authorized; human factual/media approval not recorded","BLOCKED — route present; source/metadata/disposition approval incomplete","wordpress-reconciliation.json; migration-comparison.json; substantive-review.json; verification.json"
"3982","post","publish","https://cash4goldanddiamond.com/how-to-sell-a-rolex-watch-in-los-angeles/","2026-08-26T23:34:53","How to Sell a Rolex Watch in Los Angeles: Cash Today","migration/pre-deployment/wordpress-api/posts.json#id=3982","7aa8a170fa05c9692d0c2182b7fbf00d4eb064df1194ba8567df687282af4872","How to Sell a Rolex in Los Angeles & Get Cash Today | Where Can I Sell My Rolex in Los Angeles? | What Determines How Much Your Rolex Is Worth? | 1. Rolex Model and Reference Number | 2. Stainless Steel, Gold or Platinum | 3. Condition of the Watch | 4. Original Box and Papers | 5. Original vs. Aftermarket Parts | 6. Current Rolex Market Demand | How to Sell a Rolex Watch in Los Angeles | Step 1: Identify What You Have | Step 2: Gather Everything That Came With the Rolex | Step 3: Don’t Automatically Repair or Polish the Watch | Step 4: Get an In-Person Rolex Evaluation | Step 5: Review the Offer | Can I Sell a Rolex Without Box and Papers? | Can I Sell an Inherited Rolex? | Can I Sell a Broken or Non-Working Rolex? | Should I Sell a Gold Rolex for Scrap Gold? | Is It Better to Sell a Rolex to a Pawn Shop or Rolex Buyer? | Should I Sell My Rolex Online or Locally? | Selling a Rolex Online | Selling a Rolex Locally | Where Can I Sell a Rolex in Downtown Los Angeles? | Why Sell Your Rolex to Cash 4 Gold & Diamonds? | Questions to Ask a Rolex Buyer Before Selling | What Rolex model and reference do I own? | How does the condition affect the value? | Do my box and papers add value? | Are all the components original? | How was my offer determined? | Am I obligated to sell after the evaluation? | Frequently Asked Questions About Selling a Rolex in Los Angeles | How much is my Rolex worth? | Where is the best place to sell a Rolex in Los Angeles? | Can I sell my Rolex without papers? | Can I sell a Rolex without the original box? | Does an old Rolex still have value? | Should I clean or polish my Rolex before selling? | Can I sell a Rolex that doesn’t work? | Can I sell an inherited Rolex? | Can I sell a gold Rolex for its gold value? | Get an In-Person Rolex Evaluation in Los Angeles","WordPress author ID 2","2026-08-21T13:28:53","2026-08-26T23:34:53","[60]","[]","","Smart Strategies: How to Sell a Rolex Watch in Los Angeles","Learn how to sell a Rolex watch in Los Angeles, what affects its value, and how to get a professional in-person evaluation and cash offer today.","https://cash4goldanddiamond.com/how-to-sell-a-rolex-watch-in-los-angeles/","follow, index, max-snippet:-1, max-video-preview:-1, max-image-preview:large","migration/pre-deployment/live-source/html/abaa9ff686e2461fed8245c33dfcfa5c1f0eec0648aaae7fa7d2faf2659c6c8d.html","https://cash4goldanddiamond.com/how-to-sell-a-rolex-watch-in-los-angeles/","page-acbca84e99020a120b566333","Preserve route; proposed editorial revision retained separately","Rewrite preparation authorized; human factual/media approval not recorded","BLOCKED — route present; source/metadata/disposition approval incomplete","wordpress-reconciliation.json; migration-comparison.json; substantive-review.json; verification.json"
"3976","post","publish","https://cash4goldanddiamond.com/white-gold-guide/","2026-09-01T13:53:28","White Gold: What It Is & Why It’s Worth So Much","migration/pre-deployment/wordpress-api/posts.json#id=3976","9af460a558fa36853ee2bf37cbdcd02bc1347320bef1e026afd0f456966c3314","What Exactly Is White Gold? | Understanding Purity and Carats | Rhodium Plating: The Secret to That Shine | White Gold vs. Yellow Gold: What’s the Difference in Value? | Why White Gold Became So Popular | What to Know If You’re Selling White Gold | Caring for Your White Gold Jewelry | White Gold With Diamonds and Gemstones | Common Questions About White Gold | Does white gold tarnish or turn yellow over time? | Is white gold hypoallergenic? | Can I sell white gold jewelry without the original receipt or certificate? | What’s the difference between white gold and platinum? | You might also like","WordPress author ID 2","2026-08-20T13:38:12","2026-09-01T13:53:28","[60]","[]","https://images.pexels.com/photos/31957672/pexels-photo-31957672.jpeg?auto=compress&cs=tinysrgb&h=650&w=940 | https://images.pexels.com/photos/5485125/pexels-photo-5485125.jpeg?auto=compress&cs=tinysrgb&h=650&w=940","White Gold: What It Is & Why It's Worth So Much - Cash 4 Gold and Diamond","White gold is a precious metal alloy worth as much as yellow gold. Learn what it's made of, how it's valued, and whether it's right for you.","https://cash4goldanddiamond.com/white-gold-guide/","follow, index, max-snippet:-1, max-video-preview:-1, max-image-preview:large","migration/pre-deployment/live-source/html/083a6e74173b29c96b9bbae027847bdced6c7a5db7dbb9713a72556f5b435763.html","https://cash4goldanddiamond.com/white-gold-guide/","page-37c6d63b54a9bf9a9aa58aa7","Preserve route; proposed editorial revision retained separately","Rewrite preparation authorized; human factual/media approval not recorded","BLOCKED — route present; source/metadata/disposition approval incomplete","wordpress-reconciliation.json; migration-comparison.json; substantive-review.json; verification.json"
"3959","post","publish","https://cash4goldanddiamond.com/best-14k-white-gold-rings-2026-top-5-ranked/","2026-09-03T14:10:49","Best 14K White Gold Rings 2026: Top 5 Ranked & Compared","migration/pre-deployment/wordpress-api/posts.json#id=3959","83cc5532b61e0fb9acb68cdcf74cfd485ad44c04218e1c9a70b77d71c35e15ad","Why 14K White Gold Rings Deserve Your Attention | The Top 5 14K White Gold Rings Ranked | #1: Cash 4 Gold & Diamonds (Our Pick) | Why Cash 4 Gold & Diamonds Wins | Pros | Cons | #2: KAY 14K White Gold Round Diamond Ring | Pros | Cons | #3: Tiffany & Co. 14K White Gold Solitaire | Pros | Cons | #4: James Allen Custom 14K White Gold | Pros | Cons | #5: Blue Nile 14K White Gold Engagement Ring | Pros | Cons | #6: Zales 14K White Gold Diamond Ring | Pros | Cons | Key Buying Tips for 14K White Gold Rings | Insist on GIA Certification | Understand the 4 Cs | Consider Lab-Grown Diamonds as an Alternative | Check Current Gold Prices | Buy from a Reputable Source | What to Do If You Already Own a 14K White Gold Ring | Final Thoughts on 14K White Gold Rings | What’s the actual value of 14K white gold right now? | How do I know if a 14K white gold ring is real? | Should I buy 14K or 18K white gold? | Can I resell a 14K white gold ring easily? | You might also like","WordPress author ID 2","2026-08-19T13:32:03","2026-09-03T14:10:49","[60]","[]","https://images.pexels.com/photos/32147289/pexels-photo-32147289.jpeg?auto=compress&cs=tinysrgb&h=650&w=940 | https://images.pexels.com/photos/8032249/pexels-photo-8032249.jpeg?auto=compress&cs=tinysrgb&h=650&w=940","Best 14K White Gold Rings 2026: Top 5 Ranked & Compared - Cash 4 Gold and Diamond","Compare the best 14K white gold rings in 2026. See our top 5 ranked by quality, price, and design. Expert buying guide + honest reviews.","https://cash4goldanddiamond.com/best-14k-white-gold-rings-2026-top-5-ranked/","follow, index, max-snippet:-1, max-video-preview:-1, max-image-preview:large","migration/pre-deployment/live-source/html/54b5cdeea38fcfe64e5d46f21c0c80d57168307009f6f051fd69e4b4533b4e02.html","https://cash4goldanddiamond.com/best-14k-white-gold-rings-2026-top-5-ranked/","page-500b30880f7b394e8dbcac91","Preserve route; proposed editorial revision retained separately","Rewrite preparation authorized; human factual/media approval not recorded","BLOCKED — route present; source/metadata/disposition approval incomplete","wordpress-reconciliation.json; migration-comparison.json; substantive-review.json; verification.json"
"3954","post","publish","https://cash4goldanddiamond.com/14-karat-gold-market-statistics-2026/","2026-08-23T13:42:28","What Is 14 Karat Gold? Purity, Durability & Value","migration/pre-deployment/wordpress-api/posts.json#id=3954","08b31c041066999e3bca9a2890532dd4e9b2e259763526ae2534171ec792f413","What Does 14 Karat Gold Actually Mean? | Why 14 Karat Gold Is Better for Daily Wear Jewelry | 14 Karat Gold Comes in Three Colors | How Much Is 14 Karat Gold Worth Right Now? | How to Identify 14 Karat Gold | 14K Gold vs. Other Karats: What’s the Difference? | Why Gold Prices Are Moving in 2026 | Where to Sell Your 14 Karat Gold Jewelry | Common Questions About 14 Karat Gold | Is 14 karat gold real gold? | Will 14 karat gold tarnish or fade over time? | Can I wear 14 karat gold in the shower or pool? | How much is my 14 karat gold jewelry worth? | You might also like","WordPress author ID 2","2026-08-18T13:40:37","2026-08-23T13:42:28","[60]","[]","https://images.pexels.com/photos/6638269/pexels-photo-6638269.jpeg?auto=compress&cs=tinysrgb&h=650&w=940 | https://images.pexels.com/photos/8442334/pexels-photo-8442334.jpeg?auto=compress&cs=tinysrgb&h=650&w=940","What Is 14 Karat Gold? Purity, Durability & Value - Cash 4 Gold and Diamond","14K gold is 58.3% pure gold mixed with stronger metals. Learn why it's perfect for daily wear, how to spot it, and what it's worth when you sell.","https://cash4goldanddiamond.com/14-karat-gold-market-statistics-2026/","follow, index, max-snippet:-1, max-video-preview:-1, max-image-preview:large","migration/pre-deployment/live-source/html/7687f2e2dbc30f4cd823ef0280258e73402f3f3a1507e56c1ac027d0da265a99.html","https://cash4goldanddiamond.com/14-karat-gold-market-statistics-2026/","page-829017e540374a95ccf5d1b5","Preserve route; proposed editorial revision retained separately","Rewrite preparation authorized; human factual/media approval not recorded","BLOCKED — route present; source/metadata/disposition approval incomplete","wordpress-reconciliation.json; migration-comparison.json; substantive-review.json; verification.json"
"3945","post","publish","https://cash4goldanddiamond.com/diamond-gem-los-angeles-guide/","2026-08-24T13:58:22","Diamond Gems in Los Angeles: Your Complete Buying & Selling Guide","migration/pre-deployment/wordpress-api/posts.json#id=3945","37f22e0fd5e2b3bd227eeab19dcb33b5406d30d82c552ae8b554a1fb996badc6","Understanding Diamond Gem Quality and Value | Natural vs. Lab-Grown: Which Do You Have? | Where to Sell Your Diamond Gem in Los Angeles | Pricing Your Diamond Gem: What to Expect | Diamond Gems for Different Occasions | The Process: From Evaluation to Cash | Comparing Diamond Prices: Natural vs. Lab-Grown Markets | Why Local Buyers Beat Online and Big-Box Options | How much is my diamond gem worth? | Should I sell my diamond gem now or wait? | Is it better to sell a diamond gem online or locally? | What happens if I don’t like the offer for my diamond? | You might also like","WordPress author ID 2","2026-08-17T13:18:32","2026-08-24T13:58:22","[60]","[]","https://images.pexels.com/photos/5442447/pexels-photo-5442447.jpeg?auto=compress&cs=tinysrgb&h=650&w=940 | https://images.pexels.com/photos/5737290/pexels-photo-5737290.jpeg?auto=compress&cs=tinysrgb&h=650&w=940","Diamond Gems in Los Angeles: Your Complete Buying & Selling Guide - Cash 4 Gold and Diamond","Learn everything about diamond gems in LA—quality, pricing, and where to sell for top cash. Expert tips from Downtown Los Angeles buyers since 2007.","https://cash4goldanddiamond.com/diamond-gem-los-angeles-guide/","follow, index, max-snippet:-1, max-video-preview:-1, max-image-preview:large","migration/pre-deployment/live-source/html/c31f4863d56b27a08d0ef19fc501ad21bfa407cff0b4bf858635afadb7000d05.html","https://cash4goldanddiamond.com/diamond-gem-los-angeles-guide/","page-fbb346c78a86c387407c9fdf","Preserve route; proposed editorial revision retained separately","Rewrite preparation authorized; human factual/media approval not recorded","BLOCKED — route present; source/metadata/disposition approval incomplete","wordpress-reconciliation.json; migration-comparison.json; substantive-review.json; verification.json"
"3926","post","publish","https://cash4goldanddiamond.com/best-gold-watches-2026-top-5-ranked/","2026-09-03T14:10:48","Best Gold Watches 2026: Top 5 Ranked & Compared","migration/pre-deployment/wordpress-api/posts.json#id=3926","21c6c944a733ae7368ef046cccc908327530706231932f72920d311732304419","Gold Watches: A Timeless Investment in Luxury | Comparison Table: Top Gold Watches Ranked | #1 Pick: Cash 4 Gold & Diamonds for Gold Watch Buying and Selling | #2: Movado Gold Watch Collection | #3: Tommy Hilfiger Gold Dress Watches | #4: Hugo Boss Gold Timepieces | #5: Citizen Gold Eco-Drive Watches | #6: Bulova Gold Classic Collection | What to Consider When Buying a Gold Watch | Selling Your Gold Watch: Where to Turn for Fair Value | Gold Watch Trends and Market Outlook | What is the difference between 10K, 14K, and 18K gold watches? | Do gold watches hold their value? | How often do gold watches need servicing? | Can I sell my inherited gold watch without an appraisal? | You might also like","WordPress author ID 2","2026-08-16T13:13:51","2026-09-03T14:10:48","[60]","[]","https://images.pexels.com/photos/34446084/pexels-photo-34446084.jpeg?auto=compress&cs=tinysrgb&h=650&w=940 | https://images.pexels.com/photos/3419331/pexels-photo-3419331.jpeg?auto=compress&cs=tinysrgb&h=650&w=940","Best Gold Watches 2026: Top 5 Ranked & Compared - Cash 4 Gold and Diamond","Compare the best gold watches for 2026. We rank Movado, Hugo Boss, Tommy Hilfiger, and more. Find your perfect luxury watch—expert guide inside.","https://cash4goldanddiamond.com/best-gold-watches-2026-top-5-ranked/","follow, index, max-snippet:-1, max-video-preview:-1, max-image-preview:large","migration/pre-deployment/live-source/html/d00a69fb4018a07b63c8992c5db5ec9e4dfda6295b2ed544ef0ddfa45c41608a.html","https://cash4goldanddiamond.com/best-gold-watches-2026-top-5-ranked/","page-7da1638d86fa5b71211b341f","Preserve route; proposed editorial revision retained separately","Rewrite preparation authorized; human factual/media approval not recorded","BLOCKED — route present; source/metadata/disposition approval incomplete","wordpress-reconciliation.json; migration-comparison.json; substantive-review.json; verification.json"
"3920","post","publish","https://cash4goldanddiamond.com/best-14k-gold-chain-2026-top-5-ranked/","2026-09-03T14:10:46","Best 14K Gold Chain 2026: Top 5 Ranked & Compared","migration/pre-deployment/wordpress-api/posts.json#id=3920","4c8cd2a150fe3471d497d889ae7951f6f44d7c257183aca905a27e5313a8e5cc","14K Gold Chain Buying Guide: What You Need to Know | 14K Gold Chain Comparison Table | #1 Winner: Cash 4 Gold & Diamonds | Best for Buying New: Blue Nile | Best for Financing: Zales | Best for Value: Mejuri | What Makes a 14K Gold Chain Worth Buying? | Buying vs. Selling: When to Do Each | Common Mistakes to Avoid | Final Recommendations | FAQs | What’s the difference between 14K and 18K gold chains? | How much should I expect to pay for a 14K gold chain? | Can I sell my 14K gold chain later? | Is 14K gold good for everyday wear? | You might also like","WordPress author ID 2","2026-08-15T13:29:32","2026-09-03T14:10:46","[60]","[]","https://images.pexels.com/photos/12194264/pexels-photo-12194264.jpeg?auto=compress&cs=tinysrgb&h=650&w=940 | https://images.pexels.com/photos/12194265/pexels-photo-12194265.jpeg?auto=compress&cs=tinysrgb&h=650&w=940","Best 14K Gold Chain 2026: Top 5 Ranked & Compared - Cash 4 Gold and Diamond","Compare the best 14K gold chains in 2026. We rank Cash 4 Gold & Diamonds, Blue Nile, Zales, and more. Find the right chain for everyday wear.","https://cash4goldanddiamond.com/best-14k-gold-chain-2026-top-5-ranked/","follow, index, max-snippet:-1, max-video-preview:-1, max-image-preview:large","migration/pre-deployment/live-source/html/1c83ab199f02bf3322b4810b49e54f8cfb763e224f769a1ae7bcf90042087fd4.html","https://cash4goldanddiamond.com/best-14k-gold-chain-2026-top-5-ranked/","page-674f75f17ed4a2c51d4806b0","Preserve route; proposed editorial revision retained separately","Rewrite preparation authorized; human factual/media approval not recorded","BLOCKED — route present; source/metadata/disposition approval incomplete","wordpress-reconciliation.json; migration-comparison.json; substantive-review.json; verification.json"
"3909","post","publish","https://cash4goldanddiamond.com/uncut-diamond-buyers-los-angeles/","2026-09-09T13:08:46","Uncut Diamond Buyers in Downtown Los Angeles | Cash 4 Gold & Diamonds","migration/pre-deployment/wordpress-api/posts.json#id=3909","bfa167bca58dc9195a1495c085fc1d138634245bb640849baba62fb3a68439a1","What Makes Uncut Diamonds Valuable? | Why Sell Your Uncut Diamond Locally? | How Uncut Diamonds Are Priced | Where to Sell Uncut Diamonds in Los Angeles | What Happens After You Sell | Common Reasons People Sell Uncut Diamonds | How to Prepare Your Uncut Diamond for Sale | Why Choose Cash 4 Gold & Diamonds for Your Uncut Diamond | How much is my uncut diamond worth? | Do you need a diamond certificate to sell an uncut diamond? | How long does the appraisal process take? | What areas of Los Angeles do you serve? | You might also like","WordPress author ID 0","2026-08-14T13:55:21","2026-09-09T13:08:46","[60]","[]","https://images.pexels.com/photos/13595761/pexels-photo-13595761.jpeg?auto=compress&cs=tinysrgb&h=650&w=940 | https://images.pexels.com/photos/13595296/pexels-photo-13595296.jpeg?auto=compress&cs=tinysrgb&h=650&w=940","Uncut Diamond Buyers in Downtown Los Angeles | Cash 4 Gold & Diamonds - Cash 4 Gold and Diamond","Sell uncut diamonds in Los Angeles for fair cash today. Expert appraisals, transparent pricing, same-day payment. Visit Cash 4 Gold & Diamonds downtown.","https://cash4goldanddiamond.com/uncut-diamond-buyers-los-angeles/","follow, index, max-snippet:-1, max-video-preview:-1, max-image-preview:large","migration/pre-deployment/live-source/html/4858fac3e6204d8bbaf78221ef43cba21ee075dce27f3417d805dafbe16121fa.html","https://cash4goldanddiamond.com/large-diamond-buyer-los-angeles/","page-2709f2855a84245a36712c4f","Preserve route; proposed editorial revision retained separately","Rewrite preparation authorized; human factual/media approval not recorded","BLOCKED — route present; source/metadata/disposition approval incomplete","wordpress-reconciliation.json; migration-comparison.json; substantive-review.json; verification.json"
"3902","post","publish","https://cash4goldanddiamond.com/best-gold-diamond-buyers-2026-top-5-ranked/","2026-08-15T13:36:27","Best Gold Diamond Buyers 2026: Top 5 Ranked","migration/pre-deployment/wordpress-api/posts.json#id=3902","3a303024b25b1547c58244d933b3aef5762b94b3d238882c32af9f09c29acf4b","Why Gold Diamond Buyers Matter | The Comparison Table | 1. Cash 4 Gold & Diamonds: Our #1 Pick | 2. Blue Nile: Best for New Diamond Purchases | 3. Zales: Best for Trade-In Programs | 4. Mejuri: Best for Contemporary Designs | 5. Local Pawn Shops: Quick Cash, Lower Offers | Key Differences: Gold Diamond Buyers vs. Retailers | What to Look for in a Gold Diamond Buyer | How Gold Diamond Market Trends Affect Your Sale | The Bottom Line: Why Cash 4 Gold & Diamonds Ranks #1 | What’s the difference between yellow gold and white gold diamond settings? | How do I know if my diamond is certified? | Can I sell gold diamonds online, or do I need to visit in person? | What should I do if an offer seems too low? | You might also like","WordPress author ID 2","2026-08-14T13:39:42","2026-08-15T13:36:27","[60]","[]","https://images.pexels.com/photos/12495610/pexels-photo-12495610.jpeg?auto=compress&cs=tinysrgb&h=650&w=940 | https://images.pexels.com/photos/33343007/pexels-photo-33343007.jpeg?auto=compress&cs=tinysrgb&h=650&w=940","Best Gold Diamond Buyers 2026: Top 5 Ranked - Cash 4 Gold and Diamond","Compare top gold diamond buyers in 2026. See why Cash 4 Gold & Diamonds ranks #1 for fair offers, expert appraisals, and same-day cash.","https://cash4goldanddiamond.com/best-gold-diamond-buyers-2026-top-5-ranked/","follow, index, max-snippet:-1, max-video-preview:-1, max-image-preview:large","migration/pre-deployment/live-source/html/e929bc5b91d369cf21e96cabe5e0a65630eff923fd8780412bb17f90192bb413.html","https://cash4goldanddiamond.com/best-gold-diamond-buyers-2026-top-5-ranked/","page-621f809a80aa172a1534ff81","Preserve route; proposed editorial revision retained separately","Rewrite preparation authorized; human factual/media approval not recorded","BLOCKED — route present; source/metadata/disposition approval incomplete","wordpress-reconciliation.json; migration-comparison.json; substantive-review.json; verification.json"
"3899","post","publish","https://cash4goldanddiamond.com/gold-valuation-how-gold-is-valued/","2026-08-13T21:40:40","How Is Gold Valued? A Los Angeles Seller’s Guide to Gold Purity, Weight & Spot Price","migration/pre-deployment/wordpress-api/posts.json#id=3899","34fd48bcf954bca3639f788614d0b29423dba6004917670420a263ce52df7cfc","What Determines the Value of Gold? | What Does Gold Karat Mean? | How Pure Is 24K Gold? | How Pure Is 22K Gold? | How Pure Is 18K Gold? | How Pure Is 14K Gold? | How Pure Is 10K Gold? | How Do You Identify the Karat of Gold Jewelry? | Why Does Gold Weight Matter? | What Is a Troy Ounce? | What Is the Gold Spot Price? | Why Isn’t My 14K Jewelry Worth the Full Gold Spot Price? | How Is the Gold Content of Jewelry Estimated? | How Do Gold Buyers Test Gold? | Visual Inspection and Hallmarks | Electronic or X-Ray Testing | Acid Testing | Does the Condition of Gold Jewelry Affect Its Value? | Can Broken Gold Still Be Valuable? | Are Diamonds and Gemstones Included in Gold Value? | Can Designer Jewelry Be Worth More Than Its Gold Content? | How Much Is My Gold Worth Today? | How Can I Estimate My Gold’s Value Before Selling? | How Can I Get a Better Offer for My Gold? | Do Pawn Shops Value Gold Differently? | Frequently Asked Questions About Gold Value | Is 18K gold worth more than 14K gold? | Is 14K gold real gold? | Is broken gold worth less? | Do gold prices change every day? | Should I sell gold based only on its weight? | How do I know whether a gold offer is fair? | Get Your Gold Evaluated in Los Angeles","WordPress author ID 2","2026-08-13T21:40:12","2026-08-13T21:40:40","[7]","[69,68,67,64]","","11 Secrets on How Gold is Valued and Sold","Learn how gold is valued in Los Angeles by purity, weight, and market price. Find out how is gold vlued before selling to a local buyer.","https://cash4goldanddiamond.com/gold-valuation-how-gold-is-valued/","follow, index, max-snippet:-1, max-video-preview:-1, max-image-preview:large","migration/pre-deployment/live-source/html/2952db93ae92b1a8b3868763a459429cf66d481f89a42d925d06270e137cca10.html","https://cash4goldanddiamond.com/gold-valuation-how-gold-is-valued/","page-3e1a8136c02a761ea0fdbde9","Preserve route; proposed editorial revision retained separately","Rewrite preparation authorized; human factual/media approval not recorded","BLOCKED — route present; source/metadata/disposition approval incomplete","wordpress-reconciliation.json; migration-comparison.json; substantive-review.json; verification.json"
"3893","post","publish","https://cash4goldanddiamond.com/where-to-sell-gold-los-angeles/","2026-08-26T21:00:42","Where to Sell Gold in Los Angeles: How to Get the Best Price for Your Gold","migration/pre-deployment/wordpress-api/posts.json#id=3893","de3169731995d72af57281e660d266b237b04fe68f9b3d922caf77ef97fbfbbd","Where Can You Sell Gold in Los Angeles? | Why You Should Sell Gold Los Angeles | Professional Gold Buyers | Pawn Shops | Jewelry Stores | Online Gold Buyers | How Is the Value of Your Gold Calculated? | Gold Purity | Weight | Current Gold Market Price | Does a Gold Buyer Pay the Full Spot Price? | How Can You Get the Best Price When Selling Gold in Los Angeles? | Know What You Have | Separate Different Karats | Ask to See the Weight | Ask How Purity Is Tested | Compare More Than One Offer | What Types of Gold Can You Sell? | Should You Sell Broken Gold Jewelry? | What About Designer or Estate Jewelry? | What Should You Bring When Selling Gold? | Questions to Ask a Gold Buyer Before Selling | How did you determine the purity? | What weight are you using? | What gold price are you referencing? | Are gemstones or collectible value included? | Is the evaluation free? | Red Flags When Choosing a Gold Buyer | Is It Better to Sell Gold Locally in Los Angeles? | Where Can I Sell Gold Near Me in Los Angeles? | Frequently Asked Questions About Selling Gold in Los Angeles | Where is the best place to sell gold in Los Angeles? | How much is my gold worth today? | Is 14K gold worth selling? | Can I sell gold without a receipt? | Should I clean my gold before selling it? | Can I sell broken gold? | Get Your Gold Evaluated in Los Angeles","WordPress author ID 2","2026-08-13T19:17:24","2026-08-26T21:00:42","[7]","[62,61,64]","","7 Tips to Get the Best Price When You Sell Gold Los Angeles","Maximize your profits when you sell gold in Los Angeles. Get expert evaluations on gold jewelry, coins, diamonds, and more. Sell gold Los Angeles.","https://cash4goldanddiamond.com/where-to-sell-gold-los-angeles/","follow, index, max-snippet:-1, max-video-preview:-1, max-image-preview:large","migration/pre-deployment/live-source/html/e96857295390374dc74f34fef9405f17a548b891926922a5dea85968ccd8bc84.html","https://cash4goldanddiamond.com/where-to-sell-gold-los-angeles/","page-7a626ec047611e29001c3b11","Preserve route; proposed editorial revision retained separately","Rewrite preparation authorized; human factual/media approval not recorded","BLOCKED — route present; source/metadata/disposition approval incomplete","wordpress-reconciliation.json; migration-comparison.json; substantive-review.json; verification.json"
"3885","post","publish","https://cash4goldanddiamond.com/pawn-shops-pay-for-gold-los-angeles/","2026-08-26T00:22:29","How Much Do Pawn Shops Pay for Gold? What Los Angeles Sellers Should Know","migration/pre-deployment/wordpress-api/posts.json#id=3885","c4842a3fff3163aa38a15b90bd9480c2fb98f8987b9c4f13153684b02b9f7282","How Much Do Pawn Shops Usually Pay for Gold? | Pawn Shop vs. Professional Gold & Jewelry Buyer | Don’t Sell Valuable Jewelry Based on a Phone Quote | Get an In-Person Gold & Jewelry Evaluation in Downtown Los Angeles | Why Professional Evaluation Matters for Diamonds | Should You Shop Around Before Selling Gold? | Where Can I Sell Gold for the Most Money in Los Angeles? | Frequently Asked Questions | How much do pawn shops pay for gold? | Do jewelry stores pay more for gold than pawn shops? | How is gold jewelry valued? | Can I get an accurate gold price over the phone? | Where should I sell gold in Downtown Los Angeles? | Should diamonds be evaluated separately from the gold? | Before You Sell Your Gold, Know What It’s Worth | Related Posts | How Much Do Pawn Shops Pay for Gold? | 10K Gold Price Per Gram at a Pawn Shop: Everything You Need to Know | How much will a 14k gold necklace worth pay me?","WordPress author ID 2","2026-08-13T18:04:50","2026-08-26T00:22:29","[7]","[]","https://cash4goldanddiamond.com/wp-content/uploads/2024/12/god-150x150.webp | https://cash4goldanddiamond.com/wp-content/uploads/2024/12/woman-buying-ring-in-a-jewelry-store-4-1-150x150.webp | https://cash4goldanddiamond.com/wp-content/uploads/2025/01/download-5-150x150.webp","How Much Do Pawn Shops Pay for Gold in Los Angeles?","Learn key insights on pawn shop gold prices in Los Angeles to maximize value for your jewelry and coins.","https://cash4goldanddiamond.com/pawn-shops-pay-for-gold-los-angeles/","follow, index, max-snippet:-1, max-video-preview:-1, max-image-preview:large","migration/pre-deployment/live-source/html/50d8ecd70be049a0395e004a328e66d6ce6ffd7881c88d9eacf2c800051ed2da.html","https://cash4goldanddiamond.com/pawn-shops-pay-for-gold-los-angeles/","page-91fce3456e6fe454077a16ef","Preserve route; proposed editorial revision retained separately","Rewrite preparation authorized; human factual/media approval not recorded","BLOCKED — route present; source/metadata/disposition approval incomplete","wordpress-reconciliation.json; migration-comparison.json; substantive-review.json; verification.json"
"3868","post","publish","https://cash4goldanddiamond.com/best-22k-gold-jewelry-2026-top-5-buyers-sellers-ranked/","2026-09-05T13:37:40","Best 22K Gold Jewelry 2026: Top 5 Buyers & Sellers Ranked","migration/pre-deployment/wordpress-api/posts.json#id=3868","6e448c4fde6d684fbe83e2147e8577733d2f0f460b14dcc1a14e1290a7077858","Why 22K Gold Jewelry Matters in 2026 | Comparison Table: 22K Gold Jewelry Buyers & Sellers | #1 Ranked: Cash 4 Gold & Diamonds (Local Los Angeles Buyer) | #2 Ranked: Auvere (Online Buyer for 22K Gold Jewelry) | #3 Ranked: Altınbaş (Premium Design Focus) | #4 Ranked: Local Pawn Shops | #5 Ranked: Online Resellers (Generic Platforms) | What Makes 22K Gold Jewelry Worth Selling Now? | How to Maximize Your 22K Gold Jewelry Sale | Why Local Expertise Beats Convenience (When It Comes to 22K Gold) | Investment Value: Should You Buy or Sell 22K Gold Jewelry in 2026? | FAQ: 22K Gold Jewelry Questions Answered | What’s the difference between 22K, 18K, 14K, and 10K gold jewelry? | Can I sell 22K gold jewelry without documentation or a certificate? | How quickly can I get cash for 22K gold jewelry in Los Angeles? | Is 22K gold a good investment in 2026? | You might also like","WordPress author ID 2","2026-08-13T13:41:31","2026-09-05T13:37:40","[60]","[]","https://images.pexels.com/photos/7509916/pexels-photo-7509916.jpeg?auto=compress&cs=tinysrgb&h=650&w=940 | https://images.pexels.com/photos/5737276/pexels-photo-5737276.jpeg?auto=compress&cs=tinysrgb&h=650&w=940","Best 22K Gold Jewelry 2026: Top 5 Buyers & Sellers Ranked - Cash 4 Gold and Diamond","Compare top 22K gold jewelry buyers and sellers in 2026. See why Cash 4 Gold & Diamonds ranks #1 for fair prices, expert appraisals, and same-day cash.","https://cash4goldanddiamond.com/best-22k-gold-jewelry-2026-top-5-buyers-sellers-ranked/","follow, index, max-snippet:-1, max-video-preview:-1, max-image-preview:large","migration/pre-deployment/live-source/html/95942227128e845ff5239514197437aede88ea376a9ccb7ed00af9479aa75911.html","https://cash4goldanddiamond.com/best-22k-gold-jewelry-2026-top-5-buyers-sellers-ranked/","page-f5450f2d0922176dd89baf0a","Preserve route; proposed editorial revision retained separately","Rewrite preparation authorized; human factual/media approval not recorded","BLOCKED — route present; source/metadata/disposition approval incomplete","wordpress-reconciliation.json; migration-comparison.json; substantive-review.json; verification.json"
"3855","post","publish","https://cash4goldanddiamond.com/best-emerald-ring-gold-2026/","2026-09-10T13:06:37","Best Emerald Ring Gold 2026: Top 5 Ranked & Compared","migration/pre-deployment/wordpress-api/posts.json#id=3855","4e6b8bfc1c27a893375d65c18e9804362b17102a4c42f7290fb7e651fe019710","Emerald Ring Gold: Comparison Table | 1. Cash 4 Gold & Diamonds: Our Pick for Investment-Grade Emerald Rings | 2. Brilliant Earth: Best for Lab-Grown Emeralds and Ethical Sourcing | 3. James Allen: Best for Online Selection and Virtual Try-On | 4. Gemvara: Best for Customization and Modern Designs | 5. Blue Nile and Etsy Artisans: Broad Selection but Variable Quality | Understanding Emerald Ring Gold Quality | What to Look for When Buying an Emerald Ring in Gold | Emerald Rings as Investment Pieces | Where to Sell an Emerald Ring in Gold | Final Thoughts: Your Best Emerald Ring Gold Decision | FAQs About Emerald Rings in Gold | Are emerald rings suitable for everyday engagement ring wear? | What’s the difference between natural and lab-grown emeralds in gold settings? | Should I buy 14K or 18K gold for an emerald ring? | How can I verify an emerald ring’s authenticity before buying? | You might also like","WordPress author ID 2","2026-08-12T06:19:57","2026-09-10T13:06:37","[60]","[]","https://images.pexels.com/photos/14934582/pexels-photo-14934582.jpeg?auto=compress&cs=tinysrgb&h=650&w=940 | https://images.pexels.com/photos/5141084/pexels-photo-5141084.jpeg?auto=compress&cs=tinysrgb&h=650&w=940","Best Emerald Ring Gold 2026: Top 5 Options Reviewed","Compare top emerald ring gold options in 2026. See expert rankings, pros/cons, and discover why Cash 4 Gold & Diamonds leads the market.","https://cash4goldanddiamond.com/best-emerald-ring-gold-2026/","follow, index, max-snippet:-1, max-video-preview:-1, max-image-preview:large","migration/pre-deployment/live-source/html/7d1ea5fc983c90fc9815e7d38b105fda6acdb6a14509267007ce17be09bc056a.html","https://cash4goldanddiamond.com/best-emerald-ring-gold-2026/","page-b524cc859764627b581ccbc1","Preserve route; proposed editorial revision retained separately","Rewrite preparation authorized; human factual/media approval not recorded","BLOCKED — route present; source/metadata/disposition approval incomplete","wordpress-reconciliation.json; migration-comparison.json; substantive-review.json; verification.json"
"3841","post","publish","https://cash4goldanddiamond.com/best-gold-watches-for-women-2026/","2026-08-16T13:23:16","Best Gold Watches for Women 2026: Top 6 Ranked","migration/pre-deployment/wordpress-api/posts.json#id=3841","5073794ab5956976b9d71dbd95f03a5dd8107c5369f410cb25b70f5e8fdd46c9","The Top 6 Gold Watches for Women, Ranked | #1. Cash 4 Gold & Diamonds Expert Appraisal (Resale) | #2. Rolex Datejust (Yellow Gold) | #3. Cartier Ballon Bleu | #4. Shinola Runabout | #5. Citizen Eco-Drive Fio | #6. Movado Museum Classic | How to Choose Your Gold Watch | What If You Already Own Gold Watches? | Common Questions About Gold Watches for Women | What’s the difference between 10k, 14k, and 18k gold in watches? | Do gold watches hold their value? | Can I wear a gold watch every day? | What should I look for in a used or inherited gold watch? | You might also like","WordPress author ID 2","2026-08-11T13:43:27","2026-08-16T13:23:16","[60]","[]","https://images.pexels.com/photos/31480647/pexels-photo-31480647.jpeg?auto=compress&cs=tinysrgb&h=650&w=940 | https://images.pexels.com/photos/691120/pexels-photo-691120.jpeg?auto=compress&cs=tinysrgb&h=650&w=940","Best Gold Watches for Women 2026: Top 6 Picks Unveiled","Compare the top 6 gold watches for women in 2026. Find luxury and affordable options, expert reviews, and honest rankings to find your perfect match.","https://cash4goldanddiamond.com/best-gold-watches-for-women-2026/","follow, index, max-snippet:-1, max-video-preview:-1, max-image-preview:large","migration/pre-deployment/live-source/html/d9b33eec95f80e49f42f91f48156f489a1a892cdef3cd5304c16d21df7a15cef.html","https://cash4goldanddiamond.com/best-gold-watches-for-women-2026/","page-763b2337da552782eadd6c27","Preserve route; proposed editorial revision retained separately","Rewrite preparation authorized; human factual/media approval not recorded","BLOCKED — route present; source/metadata/disposition approval incomplete","wordpress-reconciliation.json; migration-comparison.json; substantive-review.json; verification.json"
"3772","post","publish","https://cash4goldanddiamond.com/best-14k-solid-gold-rings-2026-top-buyers-sellers-ranked/","2026-09-05T13:37:38","Best 14K Solid Gold Rings 2026: Top Buyers & Sellers Ranked","migration/pre-deployment/wordpress-api/posts.json#id=3772","ee6c84aa5e87dc2ced1f6e24a5366e370ca2dfeb31fd0668c8c0bb49c8da270d","Why 14K Solid Gold Rings Matter | The Top 14K Solid Gold Ring Buyers & Sellers Ranked | 1. Cash 4 Gold & Diamonds: Our Pick for Selling & Fair Offers | 2. Brilliant Earth: Best for Ethical New Purchases | 3. James Allen: Best for Customization & Online Shopping | 4. Blue Nile: Best for Discounted New Rings | 5. Zales (Signet Group): Best for In-Store Experience | 6. Local Pawn Shops: Quick Cash, Lower Offers | What Makes a 14K Solid Gold Ring Worth Buying (or Selling) | Buying vs. Selling: When to Use Each Option | How to Verify Authenticity Before You Buy or Sell | Final Ranking: Your Next Steps | Frequently Asked Questions | How do I know if my 14K gold ring is real? | What’s the difference between 14K, 18K, and 10K gold rings? | Can I sell my 14K gold ring online, or should I sell locally? | How much is my 14K gold ring worth? | You might also like","WordPress author ID 2","2026-08-10T20:12:35","2026-09-05T13:37:38","[60]","[]","https://images.pexels.com/photos/9145395/pexels-photo-9145395.jpeg?auto=compress&cs=tinysrgb&h=650&w=940 | https://images.pexels.com/photos/14856414/pexels-photo-14856414.png?auto=compress&cs=tinysrgb&h=650&w=940","Best 14K Solid Gold Rings 2026: Top Buyers Ranked","Compare the best 14K solid gold ring buyers and sellers in 2026. We rank Cash 4 Gold & Diamonds, luxury retailers, and online platforms by pricing, authenticity, and service.","https://cash4goldanddiamond.com/best-14k-solid-gold-rings-2026-top-buyers-sellers-ranked/","follow, index, max-snippet:-1, max-video-preview:-1, max-image-preview:large","migration/pre-deployment/live-source/html/a03027bbfade76850d24ee0beabaf70f604bd457124b3f1e3c97fe089c00246c.html","https://cash4goldanddiamond.com/best-14k-solid-gold-rings-2026-top-buyers-sellers-ranked/","page-92d1b0608ed70d65046ab150","Preserve route; proposed editorial revision retained separately","Rewrite preparation authorized; human factual/media approval not recorded","BLOCKED — route present; source/metadata/disposition approval incomplete","wordpress-reconciliation.json; migration-comparison.json; substantive-review.json; verification.json"
"3770","post","publish","https://cash4goldanddiamond.com/rolex-day-date-gold-market-analysis-2026-pricing-demand-trends/","2026-08-24T13:58:00","Rolex Day Date Gold: What It Costs & Why It Holds Value","migration/pre-deployment/wordpress-api/posts.json#id=3770","a2dc2b448bb91ff86073200efcb0395cedf9257900219f640af25a02e36620f6","What Is a Rolex Day Date Gold? | How Much Does a Rolex Day Date Gold Actually Cost? | Why Do People Want Rolex Day Date Gold Watches? | How to Tell If Your Day Date Gold Is Real | Should You Sell Your Rolex Day Date Gold? | Where to Sell Your Rolex Day Date Gold | What Affects the Value of Your Day Date Gold? | Gold Prices and Your Watch Value | What To Expect When You Sell | How much is my Rolex Day Date gold worth right now? | Are Rolex Day Date gold watches a good investment? | Can I sell a Rolex Day Date gold without papers or original box? | How do I know if my Day Date gold is worth selling now or waiting? | You might also like","WordPress author ID 2","2026-08-10T20:12:11","2026-08-24T13:58:00","[60]","[]","https://images.pexels.com/photos/6230455/pexels-photo-6230455.jpeg?auto=compress&cs=tinysrgb&h=650&w=940 | https://images.pexels.com/photos/15266871/pexels-photo-15266871.jpeg?auto=compress&cs=tinysrgb&h=650&w=940","Buyer Insights on Rolex Day-Date Gold Market Analysis 2026","Rolex Day Date gold watches range from $21k to $103k. Learn what makes them valuable, how to spot real ones, and where to sell yours in LA.","https://cash4goldanddiamond.com/rolex-day-date-gold-market-analysis-2026-pricing-demand-trends/","follow, index, max-snippet:-1, max-video-preview:-1, max-image-preview:large","migration/pre-deployment/live-source/html/c81c304ea6a94a156c44f954a7a51a7ffcd4aa4657e71078d685c794b7b28c58.html","https://cash4goldanddiamond.com/rolex-day-date-gold-market-analysis-2026-pricing-demand-trends/","page-8b544d4aa5abcc6df16766ed","Preserve route; proposed editorial revision retained separately","Rewrite preparation authorized; human factual/media approval not recorded","BLOCKED — route present; source/metadata/disposition approval incomplete","wordpress-reconciliation.json; migration-comparison.json; substantive-review.json; verification.json"
"3768","post","publish","https://cash4goldanddiamond.com/best-gold-rolex-buyers-2026/","2026-09-05T13:22:00","Best Gold Rolex Buyers 2026: Top 5 Ranked","migration/pre-deployment/wordpress-api/posts.json#id=3768","b7f7d33de437522700507e37a24d23214e7f828ee432c1ef46784a947a74fd37","The Gold Rolex Market in 2026 | Top 5 Gold Rolex Buyers Ranked | 1. Cash 4 Gold & Diamonds (Our Pick) | 2. Diamond Cellar | 3. Local Luxury Watch Dealers | 4. Online Watch Resellers | 5. Pawn Shops | Why Selling to a Specialist Matters | How to Prepare Your Gold Rolex for Sale | The Bottom Line for Gold Rolex Sellers | Frequently Asked Questions | What affects the value of a gold Rolex watch? | How long does the selling process take? | Do I need original paperwork or certificates to sell my gold Rolex? | What’s the difference between white gold and Everose gold on a Rolex? | You might also like","WordPress author ID 2","2026-08-10T20:11:48","2026-09-05T13:22:00","[60]","[]","https://images.pexels.com/photos/4276458/pexels-photo-4276458.jpeg?auto=compress&cs=tinysrgb&h=650&w=940 | https://images.pexels.com/photos/15266871/pexels-photo-15266871.jpeg?auto=compress&cs=tinysrgb&h=650&w=940","Best Gold Rolex Buyers 2026: Top 5 to Consider","Compare the top gold Rolex buyers in 2026. See rankings, pricing, and expert ratings. Find trusted local and online options for selling your luxury watch.","https://cash4goldanddiamond.com/best-gold-rolex-buyers-2026/","follow, index, max-snippet:-1, max-video-preview:-1, max-image-preview:large","migration/pre-deployment/live-source/html/4869070e20838213bcb8a60da86056ab4b7ee36e8fc080ea8438774727097539.html","https://cash4goldanddiamond.com/best-gold-rolex-buyers-2026/","page-83ad60e6f25c2427331cf767","Preserve route; proposed editorial revision retained separately","Rewrite preparation authorized; human factual/media approval not recorded","BLOCKED — route present; source/metadata/disposition approval incomplete","wordpress-reconciliation.json; migration-comparison.json; substantive-review.json; verification.json"
"3766","post","publish","https://cash4goldanddiamond.com/best-10k-gold-rings-for-women-2026/","2026-09-03T13:53:31","Best 10K Gold Rings for Women 2026: Top 5 Ranked","migration/pre-deployment/wordpress-api/posts.json#id=3766","e3ce405c548912b2ded52a1c6e70128cddefd20d7ef93a67967c33aba174f75b","Why 10K Gold Rings Matter for Everyday Wear | Our Top Pick: Cash 4 Gold & Diamonds | Comparison Table: Top 5 10K Gold Rings for Women | 2. Macy’s 10K Gold Ring Collection | 3. Stackable Twisted 10K Gold Bands | 4. 10K Gold Diamond Solitaire Ring | 5. 14K Gold-Plated Cubic Zirconia Ring | What to Look for When Choosing a 10K Gold Ring | Where to Buy vs. Where to Sell: The Full Picture | The 10K Gold Standard for Daily Wear | FAQs | Is 10K gold good for everyday wear? | How much is a 10K gold ring worth if I want to sell it? | Can you stack 10K gold rings without damaging them? | Should I buy 10K or 14K gold rings? | You might also like","WordPress author ID 2","2026-08-10T20:11:23","2026-09-03T13:53:31","[60]","[]","https://images.pexels.com/photos/18706407/pexels-photo-18706407.jpeg?auto=compress&cs=tinysrgb&h=650&w=940 | https://images.pexels.com/photos/8032247/pexels-photo-8032247.jpeg?auto=compress&cs=tinysrgb&h=650&w=940","Best 10K Gold Rings for Women 2026: Top 5 Choices","Compare the top 10K gold rings for women in 2026. We ranked 5 options by durability, price, and style. Cash 4 Gold & Diamonds tops the list.","https://cash4goldanddiamond.com/best-10k-gold-rings-for-women-2026/","follow, index, max-snippet:-1, max-video-preview:-1, max-image-preview:large","migration/pre-deployment/live-source/html/2d1b84b4c3918222c21e07fa92d3f6019be0750dd17ac1817d9ba1c623956c60.html","https://cash4goldanddiamond.com/best-10k-gold-rings-for-women-2026/","page-ce14da0b651c0d256198db27","Preserve route; proposed editorial revision retained separately","Rewrite preparation authorized; human factual/media approval not recorded","BLOCKED — route present; source/metadata/disposition approval incomplete","wordpress-reconciliation.json; migration-comparison.json; substantive-review.json; verification.json"
"3764","post","publish","https://cash4goldanddiamond.com/platinum-vs-white-gold/","2026-08-20T13:38:47","Platinum vs White Gold: Which Metal Is Right for You?","migration/pre-deployment/wordpress-api/posts.json#id=3764","db26a764c1270f8494c814d3b9d58a3358b86858771e7f99e14970dc339e3271","What’s the Price Difference Between Platinum and White Gold? | Durability: Which One Actually Lasts Longer? | Maintenance: This Is the Hidden Cost Nobody Talks About | Composition: Why They Look Different | So Which One Should You Choose? | What to Do When You’re Ready to Sell | Real-World Comparison: Cost Over Time | Resale Value: Will You Get Your Money Back? | Key Takeaways | Ready to Make Your Move? | People Also Ask | Is platinum better than white gold for engagement rings? | Can you wear platinum and white gold together? | How often does white gold need rhodium plating? | Which metal is more valuable, platinum or white gold? | You might also like","WordPress author ID 2","2026-08-10T20:11:00","2026-08-20T13:38:47","[60]","[]","https://images.pexels.com/photos/15111007/pexels-photo-15111007.jpeg?auto=compress&cs=tinysrgb&h=650&w=940 | https://images.pexels.com/photos/1457801/pexels-photo-1457801.jpeg?auto=compress&cs=tinysrgb&h=650&w=940","Platinum vs White Gold: Choosing the Right Metal","Platinum vs white gold: durability, price, and maintenance explained. Learn which metal fits your budget and lifestyle.","https://cash4goldanddiamond.com/platinum-vs-white-gold/","follow, index, max-snippet:-1, max-video-preview:-1, max-image-preview:large","migration/pre-deployment/live-source/html/90e08e4cbd9bf3ab412f250c7e2d7c2bed466f3a254025315f01f5ca2c7711bc.html","https://cash4goldanddiamond.com/platinum-vs-white-gold/","page-2a98762698c19d623d6cc552","Preserve route; proposed editorial revision retained separately","Rewrite preparation authorized; human factual/media approval not recorded","BLOCKED — route present; source/metadata/disposition approval incomplete","wordpress-reconciliation.json; migration-comparison.json; substantive-review.json; verification.json"
"3742","post","publish","https://cash4goldanddiamond.com/best-diamond-buyers-los-angeles-2026/","2026-09-08T13:50:52","Best Diamond Buyers Los Angeles 2026: Top 6 Ranked","migration/pre-deployment/wordpress-api/posts.json#id=3742","6e606384eb6494e9dcd852fe7b4128c02e3e1cf087a4679a494d5672d21d54f3","Comparison Table: Top Diamond Buyers in Los Angeles | 1. Cash 4 Gold & Diamonds: Our Pick for Fair Offers & Transparency | 2. The Diamond Bank: Best for High-Volume Sellers | 3. Diamond Banc: Best for Certified Stones | 4. Golden Jewelry & Loan: Best for Quick Evaluations | 5. Beverly Hills Jewelry Buyers: Best for Luxury Collections | 6. California Gold & Silver Exchange: Best for Bulk Precious Metals | How to Choose the Right Diamond Buyer in Los Angeles | Why Cash 4 Gold & Diamonds Wins | Diamond Values Drop Over Time | Frequently Asked Questions | How do diamond buyers determine the value of my diamond? | What’s the difference between a diamond appraisal and a diamond offer? | Can I sell uncertified diamonds? | Should I get multiple offers before selling? | You might also like","WordPress author ID 2","2026-08-10T19:56:36","2026-09-08T13:50:52","[60]","[]","https://images.pexels.com/photos/28738232/pexels-photo-28738232.jpeg?auto=compress&cs=tinysrgb&h=650&w=940 | https://images.pexels.com/photos/15149732/pexels-photo-15149732.jpeg?auto=compress&cs=tinysrgb&h=650&w=940","Best Diamond Buyers Los Angeles 2026: Top 6 Reviewed","Compare top diamond buyers in Los Angeles. See ratings, pricing, and expert reviews to find the best cash offer for your diamonds today.","https://cash4goldanddiamond.com/best-diamond-buyers-los-angeles-2026/","follow, index, max-snippet:-1, max-video-preview:-1, max-image-preview:large","migration/pre-deployment/live-source/html/0fd7d1027daf9035f6c8c8018837da6e12751505654c8b4cb41c7e83d4372167.html","https://cash4goldanddiamond.com/best-diamond-buyers-los-angeles-2026/","page-c9e66aca3a80958ca6d78bc6","Preserve route; proposed editorial revision retained separately","Rewrite preparation authorized; human factual/media approval not recorded","BLOCKED — route present; source/metadata/disposition approval incomplete","wordpress-reconciliation.json; migration-comparison.json; substantive-review.json; verification.json"
"3738","post","publish","https://cash4goldanddiamond.com/gia-certified-lab-grown-diamonds-buyers-ranked-2026/","2026-09-08T13:50:51","GIA Certified Lab-Grown Diamonds 2026: Top Buyers Ranked","migration/pre-deployment/wordpress-api/posts.json#id=3738","de200bb618412f87d8ee90ddd0e114be65e3188e859a164653003e8ed496980f","Why GIA Certification Matters for Lab-Grown Diamonds | Top GIA Certified Lab-Grown Diamond Buyers: Complete Comparison | 1. Cash 4 Gold & Diamonds: Our Top Pick | 2. GIA Direct Services | 3. IGI Certified Retailers | 4. GCAL & AGS Certified Dealers | 5. Online Lab Diamond Retailers | 6. Independent Local Jewelers | Understanding the August 2025 GIA Grading Change | How to Choose the Right GIA Certified Lab Diamond Buyer | Key Takeaways | What’s the difference between “Premium” and “Standard” GIA lab diamonds? | Can I sell a lab-grown diamond with an IGI or AGS certificate instead of GIA? | How much should I expect if I sell a GIA certified lab-grown diamond? | Should I get my lab diamond re-graded by GIA before selling? | You might also like","WordPress author ID 2","2026-08-10T19:55:49","2026-09-08T13:50:51","[60]","[]","https://images.pexels.com/photos/12427696/pexels-photo-12427696.jpeg?auto=compress&cs=tinysrgb&h=650&w=940 | https://images.pexels.com/photos/5362404/pexels-photo-5362404.jpeg?auto=compress&cs=tinysrgb&h=650&w=940","GIA Certified Lab-Grown Diamonds 2026: Top Buyers","Compare top GIA certified lab-grown diamond buyers in 2026. See rankings, grading changes, and expert tips to avoid overpaying. Cash 4 Gold & Diamonds leads.","https://cash4goldanddiamond.com/gia-certified-lab-grown-diamonds-buyers-ranked-2026/","follow, index, max-snippet:-1, max-video-preview:-1, max-image-preview:large","migration/pre-deployment/live-source/html/cc27b2cfeade00edd9b9d2efb04b93bd83b2757a41b962a2e053ee31cae89033.html","https://cash4goldanddiamond.com/gia-certified-lab-grown-diamonds-buyers-ranked-2026/","page-44a7b7d1264027bdc2ec6c8b","Preserve route; proposed editorial revision retained separately","Rewrite preparation authorized; human factual/media approval not recorded","BLOCKED — route present; source/metadata/disposition approval incomplete","wordpress-reconciliation.json; migration-comparison.json; substantive-review.json; verification.json"
"3736","post","publish","https://cash4goldanddiamond.com/gia-certified-diamonds-comparison-2026/","2026-09-08T13:50:50","GIA Certified Diamonds 2026: Top Buyers & Best Places to Sell","migration/pre-deployment/wordpress-api/posts.json#id=3736","44493b8bce4bd1166c70be80afc29c16e2a68ca38c2063d2d427ce367247adcb","Comparison Table: GIA Certified Diamond Buyers Ranked | #1: Cash 4 Gold & Diamonds (Our Pick) | #2: Ritani | #3: Diamond Mansion | #4: Zales & Jared (Signet Jewelers) | #5: Online Estate Jewelry Resellers | #6: Pawn Shops | How GIA Certification Affects Your Diamond’s Resale Value | What To Do Before Selling Your GIA Certified Diamond | Why Local Buyers Often Beat Online Platforms | FAQs About Selling GIA Certified Diamonds | Can I sell a GIA certified diamond without the original report? | What’s the difference between GIA and AGS certification? | How much less do I get if I sell a GIA diamond without getting an appraisal first? | Should I sell my GIA certified diamond locally or online? | You might also like","WordPress author ID 0","2026-08-10T19:55:22","2026-09-08T13:50:50","[60]","[]","https://images.pexels.com/photos/5912127/pexels-photo-5912127.jpeg?auto=compress&cs=tinysrgb&h=650&w=940 | https://images.pexels.com/photos/28146841/pexels-photo-28146841.jpeg?auto=compress&cs=tinysrgb&h=650&w=940","GIA Certified Diamonds 2026: Top Buyers & Selling Spots","Compare top GIA certified diamond buyers in 2026. See where to sell diamonds for the best price with expert appraisals and instant cash.","https://cash4goldanddiamond.com/gia-certified-diamonds-comparison-2026/","follow, index, max-snippet:-1, max-video-preview:-1, max-image-preview:large","migration/pre-deployment/live-source/html/01b141eec8bfb6330e6f230951686516b45e7f3b281b1481860af5de5f7921fa.html","https://cash4goldanddiamond.com/gia-certified-diamonds-comparison-2026/","page-0a3decf91eabd739f6ca8f72","Preserve route; proposed editorial revision retained separately","Rewrite preparation authorized; human factual/media approval not recorded","BLOCKED — route present; source/metadata/disposition approval incomplete","wordpress-reconciliation.json; migration-comparison.json; substantive-review.json; verification.json"
"3734","post","publish","https://cash4goldanddiamond.com/best-14k-white-gold-diamond-rings-2026/","2026-08-19T13:42:48","Best 14K White Gold Diamond Rings 2026: Top 5 Ranked","migration/pre-deployment/wordpress-api/posts.json#id=3734","3b17398d3f530da985a3a0d688d2546bd51dcd3aeed31cab22e23dc71ae3938b","Why 14K White Gold Remains the Gold Standard | The Comparison Table: 5 Top 14K White Gold Diamond Rings | #1 Pick: Cash 4 Gold & Diamonds for Smart Buyers and Sellers | #2: Vintage Art Deco White Gold Rings | #3: Lab-Grown Diamond Rings (2-3 Carat) | #4: Modern Bezel Setting White Gold | #5: Floral & Gemstone Band Rings | 2026 Trending Styles: What’s Hot Right Now | Key Buying Considerations for 14K White Gold Diamond Rings | How to Get Expert Guidance on Your Ring | How much is my 14K white gold diamond ring worth? | Should I buy lab-grown or mined diamonds? | What’s the difference between 14K and 18K white gold for rings? | Can I sell my 14K white gold diamond ring if I change my mind? | You might also like","WordPress author ID 0","2026-08-10T19:54:58","2026-08-19T13:42:48","[60]","[]","https://images.pexels.com/photos/7054753/pexels-photo-7054753.jpeg?auto=compress&cs=tinysrgb&h=650&w=940","Top 5 Best 14K White Gold Diamond Rings of 2026","Compare top 14K white gold diamond rings in 2026. We ranked 5 options with pricing, styles, and expert tips to help you buy the perfect engagement ring.","https://cash4goldanddiamond.com/best-14k-white-gold-diamond-rings-2026/","follow, index, max-snippet:-1, max-video-preview:-1, max-image-preview:large","migration/pre-deployment/live-source/html/5e583c3c0b7709cb9f8e4156d9f6c12f1ce5a7a842b5be0925ff4cc9b1cf8ea4.html","https://cash4goldanddiamond.com/best-14k-white-gold-diamond-rings-2026/","page-f3beb0522feb9aaabeb45d73","Preserve route; proposed editorial revision retained separately","Rewrite preparation authorized; human factual/media approval not recorded","BLOCKED — route present; source/metadata/disposition approval incomplete","wordpress-reconciliation.json; migration-comparison.json; substantive-review.json; verification.json"
"3726","post","publish","https://cash4goldanddiamond.com/loose-diamonds-appraised-los-angeles/","2026-08-16T21:15:22","Loose Diamonds Appraised in Los Angeles – Expert Guide","migration/pre-deployment/wordpress-api/posts.json#id=3726","e614677463f91ca32e92831e0096768f3e76126149f9228e4892f167dc58ce89","What Happens During a Loose Diamond Appraisal? | The Four Cs That Determine Your Diamond’s Value | Where to Get Loose Diamonds Appraised in Los Angeles | Mined vs. Lab-Grown Diamonds – How Appraisals Differ | Why You Should Get an Appraisal Before Selling | How to Prepare for Your Appraisal Appointment | What to Expect When You’re Ready to Sell | Common Red Flags to Avoid | Understanding the Appraisal Value vs. Resale Value | How long does a diamond appraisal take? | Can I get my loose diamond appraised if I don’t have a GIA certificate? | How much does a loose diamond appraisal cost in Los Angeles? | What’s the difference between an appraisal and a buyer’s offer? | You might also like","WordPress author ID 2","2026-08-10T19:44:51","2026-08-16T21:15:22","[60]","[]","https://images.unsplash.com/photo-1631013636761-c533d81e96a4?crop=entropy&cs=tinysrgb&fit=max&fm=jpg&ixid=M3w5MDgxNDV8MHwxfHNlYXJjaHwyfHxFLWNvbW1lcmNlJTIwJTI2JTIwUmV0YWlsJTIwbG9vc2UlMjBkaWFtb25kcyUyMGFwcHJhaXNlZHxlbnwwfDB8fHwxNzgxNzIzMTU0fDA&ixlib=rb-4.1.0&q=80&w=1080 | https://images.pexels.com/photos/7054753/pexels-photo-7054753.jpeg?auto=compress&cs=tinysrgb&h=650&w=940","Expert Guide to Loose Diamonds Appraised in Los Angeles","Get your loose diamonds appraised in Los Angeles with confidence. Learn what to expect and how to ensure a fair valuation before selling.","https://cash4goldanddiamond.com/loose-diamonds-appraised-los-angeles/","follow, index, max-snippet:-1, max-video-preview:-1, max-image-preview:large","migration/pre-deployment/live-source/html/e7cdaf00f362f94b1b3901864fbd95894b3433d600fdc07010dc4c6038256bbd.html","https://cash4goldanddiamond.com/loose-diamonds-appraised-los-angeles/","page-4a9e2013d2dc1245e7ee10cf","Preserve route; proposed editorial revision retained separately","Rewrite preparation authorized; human factual/media approval not recorded","BLOCKED — route present; source/metadata/disposition approval incomplete","wordpress-reconciliation.json; migration-comparison.json; substantive-review.json; verification.json"
"3725","post","publish","https://cash4goldanddiamond.com/sell-inherited-jewelry-no-obligation/","2026-08-26T13:35:56","Sell Inherited Jewelry No Obligation: Your Complete Guide","migration/pre-deployment/wordpress-api/posts.json#id=3725","dee624cf480834ad02494506642fa89ca55f4dc6bbc60e9993c3f6a31fbcd62a","What Does “No Obligation” Really Mean When Selling Inherited Jewelry? | Why Inherited Jewelry Is Different From Other Valuables You Own | The Step-by-Step Process for Selling Inherited Jewelry with No Pressure | Understanding Your Options When Selling Inherited Jewelry | What Types of Inherited Jewelry Are Most Valuable | Red Flags: Avoid Pressure and Dishonest Buyers | Making the Emotional Decision to Let Go | How to Get Started: Next Steps | Frequently Asked Questions About Selling Inherited Jewelry | Can I get a free appraisal for inherited jewelry without selling? | How long does it take to sell inherited jewelry? | What documents do I need to sell inherited jewelry? | Is it better to sell all my inherited jewelry at once or piece by piece? | You might also like","WordPress author ID 2","2026-08-10T19:44:29","2026-08-26T13:35:56","[60]","[]","https://images.unsplash.com/photo-1512163143273-bde0e3cc7407?crop=entropy&cs=tinysrgb&fit=max&fm=jpg&ixid=M3w5MDgxNDV8MHwxfHNlYXJjaHwzfHxzZWxsJTIwaW5oZXJpdGVkJTIwamV3ZWxyeSUyMEUtY29tbWVyY2UlMjAlMjYlMjBSZXRhaWx8ZW58MHwwfHx8MTc4MTcyMzExNnww&ixlib=rb-4.1.0&q=80&w=1080 | https://images.pexels.com/photos/6214472/pexels-photo-6214472.jpeg?auto=compress&cs=tinysrgb&h=650&w=940","Complete Guide to Sell Inherited Jewelry Without Pressure","Learn how to sell inherited jewelry with zero pressure. Free evaluations, expert appraisals, and no obligation to sell. Start today with trusted guidance.","https://cash4goldanddiamond.com/sell-inherited-jewelry-no-obligation/","follow, index, max-snippet:-1, max-video-preview:-1, max-image-preview:large","migration/pre-deployment/live-source/html/4d4c2f66742c70438c37d0905d61b71c73130b768e740bafe9f26596f91f3a3b.html","https://cash4goldanddiamond.com/sell-inherited-jewelry-no-obligation/","page-39d93f20c6f8cfdda99431a5","Preserve route; proposed editorial revision retained separately","Rewrite preparation authorized; human factual/media approval not recorded","BLOCKED — route present; source/metadata/disposition approval incomplete","wordpress-reconciliation.json; migration-comparison.json; substantive-review.json; verification.json"
"3724","post","publish","https://cash4goldanddiamond.com/how-much-is-my-gold-worth-valuation-guide-2026/","2026-09-05T13:21:46","How Much Is My Gold Worth? 2026 Valuation Guide & Top Buyers Ranked","migration/pre-deployment/wordpress-api/posts.json#id=3724","01177b90b5739b4d6e77daa3c4b90892964bfe566e2a557a9c66a8e8319b7f88","The Gold Valuation Formula: How Professionals Calculate Worth | Real-Time Gold Valuation Tools | Why Your Actual Offer Is Lower Than Spot Price | Gold Price Trends in 2026: Why Timing Matters | Top Gold Buyers Ranked: Who Pays Fair Prices? | Winner: Cash 4 Gold & Diamonds for Fair, Transparent Valuations | Why Cash 4 Gold & Diamonds Wins | Other Top Contenders | How to Maximize Your Gold’s Value Before Selling | Questions to Ask a Gold Buyer Before You Sell | Final Thoughts: Fair Value Starts With Knowledge | FAQ: How Much Is My Gold Worth? | What’s the fastest way to find out what my gold is worth? | Why is the offer I receive always lower than the spot price I see online? | Does gold jewelry purity affect the value I’ll receive? | Can I sell inherited gold or diamond jewelry if I don’t know its history? | You might also like","WordPress author ID 2","2026-08-10T19:44:07","2026-09-05T13:21:46","[60]","[]","https://images.unsplash.com/photo-1657812159103-1b2a52a7f5e8?crop=entropy&cs=tinysrgb&fit=max&fm=jpg&ixid=M3w5MDgxNDV8MHwxfHNlYXJjaHwzfHxob3clMjBtdWNoJTIwaXMlMjBFLWNvbW1lcmNlJTIwJTI2JTIwUmV0YWlsfGVufDB8MHx8fDE3ODE3MjMwMzR8MA&ixlib=rb-4.1.0&q=80&w=1080 | https://images.pexels.com/photos/7857496/pexels-photo-7857496.jpeg?auto=compress&cs=tinysrgb&h=650&w=940","2026 Valuation Guide: How Much Is My Gold Worth?","Learn how to calculate gold worth in 2026. Compare top gold buyers by expertise, pricing transparency, and speed. Cash 4 Gold & Diamonds ranks #1 for fair valuations.","https://cash4goldanddiamond.com/how-much-is-my-gold-worth-valuation-guide-2026/","follow, index, max-snippet:-1, max-video-preview:-1, max-image-preview:large","migration/pre-deployment/live-source/html/3a51908b143488e5faaac8e6553f05f1cf46a3d262a9e383b12f41c0e61b89fb.html","https://cash4goldanddiamond.com/how-much-is-my-gold-worth-valuation-guide-2026/","page-ad397b3b0c2a8ff73c7851a9","Preserve route; proposed editorial revision retained separately","Rewrite preparation authorized; human factual/media approval not recorded","BLOCKED — route present; source/metadata/disposition approval incomplete","wordpress-reconciliation.json; migration-comparison.json; substantive-review.json; verification.json"
"3723","post","publish","https://cash4goldanddiamond.com/how-much-is-my-gold-worth-gold-buyers-ranked/","2026-08-31T13:38:32","How Much Is My Gold Worth? 2026 Gold Buyer Comparison","migration/pre-deployment/wordpress-api/posts.json#id=3723","4d910c3e28377392371488a0fa9a79ee4019554720d01912024847915569d8ad","How Much Is My Gold Worth? The Complete 2026 Buyer Comparison | What Your Gold Is Actually Worth: The Math | Why Timing Matters: Gold Price Trends in 2026 | Top Gold Buyers Compared: How Much Will They Pay? | Cash 4 Gold & Diamonds: The Clear #1 Choice for Fair Value | What Cash 4 Gold & Diamonds Does Best | Why Other Buyers Fall Short | How to Maximize Your Gold’s Value Before You Sell | Understanding Gold Fineness: What Karat Actually Means | Real-World Example: What Your Gold Is Worth Right Now | Estate Jewelry, Inherited Gold, and Special Cases | Frequently Asked Questions | What’s the difference between spot price and what I’ll actually receive? | Should I wait for gold prices to go higher before I sell? | Do I need to clean or polish my gold before selling? | What if I change my mind after I sell? | You might also like","WordPress author ID 2","2026-08-10T19:43:45","2026-08-31T13:38:32","[60]","[]","https://images.unsplash.com/photo-1657812159103-1b2a52a7f5e8?crop=entropy&cs=tinysrgb&fit=max&fm=jpg&ixid=M3w5MDgxNDV8MHwxfHNlYXJjaHwzfHxob3clMjBtdWNoJTIwaXMlMjBFLWNvbW1lcmNlJTIwJTI2JTIwUmV0YWlsfGVufDB8MHx8fDE3ODE3MjMwMjh8MA&ixlib=rb-4.1.0&q=80&w=1080 | https://images.pexels.com/photos/6612276/pexels-photo-6612276.jpeg?auto=compress&cs=tinysrgb&h=650&w=940","How Much Is My Gold Worth? 2026 Gold Value Guide","Compare top gold buyers in Los Angeles. Find out how much your gold is worth with expert valuations, fair pricing, and same-day payment options.","https://cash4goldanddiamond.com/how-much-is-my-gold-worth-gold-buyers-ranked/","follow, index, max-snippet:-1, max-video-preview:-1, max-image-preview:large","migration/pre-deployment/live-source/html/d3092e0beceda975fb4b88e2bb1a428cec05a0de6df93e61a32e5f224cfa068d.html","https://cash4goldanddiamond.com/how-much-is-my-gold-worth-gold-buyers-ranked/","page-653c74e51318c2051d51bf59","Preserve route; proposed editorial revision retained separately","Rewrite preparation authorized; human factual/media approval not recorded","BLOCKED — route present; source/metadata/disposition approval incomplete","wordpress-reconciliation.json; migration-comparison.json; substantive-review.json; verification.json"
"3722","post","publish","https://cash4goldanddiamond.com/free-diamond-appraisal-same-day-cash/","2026-09-06T13:06:10","Free Diamond Appraisal Same Day Cash: Los Angeles Guide","migration/pre-deployment/wordpress-api/posts.json#id=3722","96c17164da50141abb40a78926fc499a8eab4c99d7e4b98161637bc4909525b9","What a Free Diamond Appraisal Actually Means | Why Same-Day Cash Matters When You Need Liquidity | How the Appraisal Process Works: Step by Step | Local Buyer vs. Online Appraisal Tools: What’s the Real Difference | What Certifications and Credentials Actually Matter | Red Flags: What Not to Accept | Getting the Best Offer: What You Should Know Before Walking In | Same-Day Cash: The Logistics That Actually Work | When to Get Multiple Appraisals and When You Probably Don’t Need To | How long does a diamond appraisal actually take? | What do I need to bring for a free appraisal? | What if I don’t like the offer? Can I walk away? | Is same-day cash safe for high-value diamonds? | You might also like","WordPress author ID 2","2026-08-10T19:43:23","2026-09-06T13:06:10","[60]","[]","https://images.unsplash.com/photo-1664044020180-b75bfddf9776?crop=entropy&cs=tinysrgb&fit=max&fm=jpg&ixid=M3w5MDgxNDV8MHwxfHNlYXJjaHwyfHxFLWNvbW1lcmNlJTIwJTI2JTIwUmV0YWlsJTIwZnJlZSUyMGRpYW1vbmQlMjBhcHByYWlzYWx8ZW58MHwwfHx8MTc4MTcyMjk4N3ww&ixlib=rb-4.1.0&q=80&w=1080 | https://images.pexels.com/photos/5632397/pexels-photo-5632397.jpeg?auto=compress&cs=tinysrgb&h=650&w=940","Free Diamond Appraisal Los Angeles: Same Day Cash Guide","Get a free diamond appraisal and same-day cash in Los Angeles. Expert GIA evaluations, transparent pricing, and immediate payment—no pressure.","https://cash4goldanddiamond.com/free-diamond-appraisal-same-day-cash/","follow, index, max-snippet:-1, max-video-preview:-1, max-image-preview:large","migration/pre-deployment/live-source/html/7db1902a97e4c4f98f8b79b172e0e4e81e388c924102e8c9b4e0b460ee9e7c7a.html","https://cash4goldanddiamond.com/free-diamond-appraisal-same-day-cash/","page-4e794dc4177e4f8e7c889c8b","Preserve route; proposed editorial revision retained separately","Rewrite preparation authorized; human factual/media approval not recorded","BLOCKED — route present; source/metadata/disposition approval incomplete","wordpress-reconciliation.json; migration-comparison.json; substantive-review.json; verification.json"
"3721","post","publish","https://cash4goldanddiamond.com/best-price-diamonds-la/","2026-08-29T13:23:21","Best Price for Diamonds in LA: Expert Guide 2026","migration/pre-deployment/wordpress-api/posts.json#id=3721","a9f6825bf557ca1c64c262cf99151903b7c1d7d6b403f985cebc89b68efafe44","Understanding Diamond Pricing in Los Angeles | Lab-Grown Diamonds: The Best Value Option | Where to Find Competitive Pricing in LA | Are You Selling Diamonds in LA? | What Affects Diamond Prices in Los Angeles | Custom and Bespoke Diamond Options | Red Flags to Avoid When Shopping for Diamonds | How to Get a Fair Offer If You’re Selling | Key Takeaways for Getting the Best Price | FAQs About Diamond Prices in LA | What’s a fair price for a 1-carat diamond in LA right now? | Should I buy diamonds online or in person in LA? | How do I know if I’m getting a fair price when selling my diamonds? | Are lab-grown diamonds a good investment? | You might also like","WordPress author ID 2","2026-08-10T19:34:49","2026-08-29T13:23:21","[60]","[]","https://images.unsplash.com/photo-1674027392887-751d6396b710?crop=entropy&cs=tinysrgb&fit=max&fm=jpg&ixid=M3w5MDgxNDV8MHwxfHNlYXJjaHwyfHxiZXN0JTIwcHJpY2UlMjBmb3IlMjBFLWNvbW1lcmNlJTIwJTI2JTIwUmV0YWlsfGVufDB8MHx8fDE3ODE3MjI5NDR8MA&ixlib=rb-4.1.0&q=80&w=1080 | https://images.pexels.com/photos/6214365/pexels-photo-6214365.jpeg?auto=compress&cs=tinysrgb&h=650&w=940","Best Price for Diamonds in LA: Expert Guide for 2026","Find the best diamond prices in LA. Compare lab-grown vs. natural, avoid overpaying, and get fair market value from trusted local buyers.","https://cash4goldanddiamond.com/best-price-diamonds-la/","follow, index, max-snippet:-1, max-video-preview:-1, max-image-preview:large","migration/pre-deployment/live-source/html/3069890f1b2e2f09101824814a6104199a65b9e97b981979a5fe9349eb53c1a2.html","https://cash4goldanddiamond.com/best-price-diamonds-la/","page-d5432892270bb7beba1f992a","Preserve route; proposed editorial revision retained separately","Rewrite preparation authorized; human factual/media approval not recorded","BLOCKED — route present; source/metadata/disposition approval incomplete","wordpress-reconciliation.json; migration-comparison.json; substantive-review.json; verification.json"
"3720","post","publish","https://cash4goldanddiamond.com/trusted-jewelry-buyer-los-angeles-reviews/","2026-09-04T13:08:32","Trusted Jewelry Buyer Los Angeles Reviews: Top-Rated Local Buyers","migration/pre-deployment/wordpress-api/posts.json#id=3720","ae8a65bae89c7f3f3d4909bea06d84a4e1427b968b98a5abb4d89bbcbf5901e7","How to Verify a Trusted Jewelry Buyer in Los Angeles | What Top-Rated Jewelry Buyers in LA Have in Common | Top Trusted Jewelry Buyers in Los Angeles (Based on Reviews) | What You Should Ask Before Selling | Step-by-Step: How to Sell Your Jewelry Safely | Red Flags: Avoid These Types of Buyers | Why Experience and Local Reputation Matter | What Gets Sold Most (And Easiest) | Common Reasons People Sell (And Why It Matters) | Is there a difference between a jewelry buyer and a pawn shop? | How long does an appraisal usually take? | Can I get paid in cash same-day? | What should I bring when I visit a jewelry buyer? | You might also like","WordPress author ID 2","2026-08-10T19:34:27","2026-09-04T13:08:32","[60]","[]","https://images.unsplash.com/photo-1580582202907-d01fd0bd4c87?crop=entropy&cs=tinysrgb&fit=max&fm=jpg&ixid=M3w5MDgxNDV8MHwxfHNlYXJjaHwyfHx0cnVzdGVkJTIwamV3ZWxyeSUyMGJ1eWVyJTIwRS1jb21tZXJjZSUyMCUyNiUyMFJldGFpbHxlbnwwfDB8fHwxNzgxNzIyOTA5fDA&ixlib=rb-4.1.0&q=80&w=1080 | https://images.pexels.com/photos/230544/pexels-photo-230544.jpeg?auto=compress&cs=tinysrgb&h=650&w=940","Trusted Jewelry Buyer Los Angeles: Top-Rated Reviews","Find the best trusted jewelry buyers in Los Angeles with verified reviews. Get fair offers, expert appraisals & same-day cash for gold, diamonds & watches.","https://cash4goldanddiamond.com/trusted-jewelry-buyer-los-angeles-reviews/","follow, index, max-snippet:-1, max-video-preview:-1, max-image-preview:large","migration/pre-deployment/live-source/html/5e52789b554352fbba1f5199aef1528146651d076f773386fb8bc3eb7c179dbe.html","https://cash4goldanddiamond.com/trusted-jewelry-buyer-los-angeles-reviews/","page-e45811005a3dbcddf91e482b","Preserve route; proposed editorial revision retained separately","Rewrite preparation authorized; human factual/media approval not recorded","BLOCKED — route present; source/metadata/disposition approval incomplete","wordpress-reconciliation.json; migration-comparison.json; substantive-review.json; verification.json"
"3719","post","publish","https://cash4goldanddiamond.com/rolex-buyer-los-angeles-cash/","2026-08-28T13:21:40","Rolex Buyer Los Angeles: Sell for Cash Same-Day","migration/pre-deployment/wordpress-api/posts.json#id=3719","d4e5f5b65d8a8a463e121cb7454bf60e2dd8ebc9a0870273304aed2c94e5fd3c","Why Sell Your Rolex Locally in Los Angeles | What Makes a Good Rolex Buyer | How to Get the Most Money for Your Rolex | Finding a Trusted Rolex Buyer Near You | What Affects Your Rolex’s Cash Value | The Cash 4 Gold & Diamonds Difference | Next Steps: Selling Your Rolex for Cash | How much cash can I expect for my Rolex? | Do I need the original box and papers to sell my Rolex? | Can I sell a Rolex that’s not working? | How long does the selling process take? | You might also like","WordPress author ID 2","2026-08-10T19:34:05","2026-08-28T13:21:40","[60]","[]","https://images.unsplash.com/photo-1690220108517-1630df158fb8?crop=entropy&cs=tinysrgb&fit=max&fm=jpg&ixid=M3w5MDgxNDV8MHwxfHNlYXJjaHwyfHxSb2xleCUyMGJ1eWVyJTIwTG9zJTIwRS1jb21tZXJjZSUyMCUyNiUyMFJldGFpbHxlbnwwfDB8fHwxNzgxNzIzMDgyfDA&ixlib=rb-4.1.0&q=80&w=1080","Rolex Buyer Los Angeles | Sell Your Rolex for Cash","Sell your Rolex for cash in LA today. Expert appraisals, fair offers, same-day payment. No hassle, no pressure. Visit Cash 4 Gold & Diamonds downtown.","https://cash4goldanddiamond.com/rolex-buyer-los-angeles-cash/","follow, index, max-snippet:-1, max-video-preview:-1, max-image-preview:large","migration/pre-deployment/live-source/html/8f6edf23df5a4c12bec7cdc704c253819a4c075fe86bf215079439d742943469.html","https://cash4goldanddiamond.com/rolex-buyer-los-angeles-cash/","page-7d10e56b58c0bd4c104ef245","Preserve route; proposed editorial revision retained separately","Rewrite preparation authorized; human factual/media approval not recorded","BLOCKED — route present; source/metadata/disposition approval incomplete","wordpress-reconciliation.json; migration-comparison.json; substantive-review.json; verification.json"
"3718","post","publish","https://cash4goldanddiamond.com/best-price-for-diamonds-in-la/","2026-09-09T13:08:42","Best Price for Diamonds in LA: Your Complete 2026 Guide","migration/pre-deployment/wordpress-api/posts.json#id=3718","f41c06b2325d73d9f9f71b60001ee0d7f3b3002c161ad4dcce990951d6254add","Lab Diamonds vs. Natural Diamonds: Where the Price Difference Lives | The Four Cs: What Actually Moves Diamond Pricing | Where to Shop for Diamonds in LA: Retail vs. Direct Buyers | How to Get Fair Diamond Pricing: The Step-by-Step Process | Avoiding the “3-Month Salary” Trap | Quick Ship vs. Custom: How Timeline Affects Price | When to Sell Your Diamonds: Estate, Inheritance, or Just Upgrading | Red Flags to Watch When Shopping for Diamonds | The Local Advantage: Why Being in LA Matters | Your Next Step: Getting a Professional Evaluation | Is a lab diamond a real diamond? | How much should I expect to pay for a one-carat diamond in LA? | Can I sell my inherited diamonds in LA? | What’s the difference between VS1 and SI1 diamond clarity? | You might also like","WordPress author ID 2","2026-08-10T19:33:43","2026-09-09T13:08:42","[60]","[]","https://images.unsplash.com/photo-1674027392887-751d6396b710?crop=entropy&cs=tinysrgb&fit=max&fm=jpg&ixid=M3w5MDgxNDV8MHwxfHNlYXJjaHwyfHxiZXN0JTIwcHJpY2UlMjBmb3IlMjBFLWNvbW1lcmNlJTIwJTI2JTIwUmV0YWlsfGVufDB8MHx8fDE3ODE3MjI5NTZ8MA&ixlib=rb-4.1.0&q=80&w=1080","Your Complete 2026 Guide to Best Price for Diamonds in LA","Find the best diamond prices in LA. Compare natural vs. lab-grown, get expert tips, and learn where to get fair valuations from trusted local buyers.","https://cash4goldanddiamond.com/best-price-for-diamonds-in-la/","follow, index, max-snippet:-1, max-video-preview:-1, max-image-preview:large","migration/pre-deployment/live-source/html/f8a844e8f7d45ab111a697ca5e25dd08084b50195c7b190b0b2ccad799909715.html","https://cash4goldanddiamond.com/best-price-for-diamonds-in-la/","page-63217aa397c9121c13b84aed","Preserve route; proposed editorial revision retained separately","Rewrite preparation authorized; human factual/media approval not recorded","BLOCKED — route present; source/metadata/disposition approval incomplete","wordpress-reconciliation.json; migration-comparison.json; substantive-review.json; verification.json"
"3717","post","publish","https://cash4goldanddiamond.com/sell-gold-jewelry-downtown-los-angeles/","2026-09-07T13:24:15","Sell Gold Jewelry Downtown Los Angeles: Best Buyers & Prices","migration/pre-deployment/wordpress-api/posts.json#id=3717","79be4a64fff0565d3f49f31f4f97d8c57a81b59b0c5912f24285a83c659ebac9","Where to Sell Gold Jewelry in Downtown Los Angeles | How the Gold Selling Process Actually Works | What Gold Items Downtown LA Buyers Actually Want | Tips for Getting the Best Price When You Sell | Why Gold Prices Are So Strong Right Now | What to Bring When You Visit a Buyer | Common Reasons People Sell Gold in Downtown LA | Avoid These Mistakes When Selling Gold | Why You Should Work With a Trusted Local Buyer | How much can I expect to get for my gold jewelry? | Do I need an appointment to sell gold in Downtown LA? | What if my gold jewelry has diamonds or gemstones in it? | Can I sell inherited or estate jewelry without proof of ownership? | You might also like","WordPress author ID 2","2026-08-10T19:33:14","2026-09-07T13:24:15","[60]","[]","https://images.unsplash.com/photo-1611107683227-e9060eccd846?crop=entropy&cs=tinysrgb&fit=max&fm=jpg&ixid=M3w5MDgxNDV8MHwxfHNlYXJjaHwyfHxzZWxsJTIwZ29sZCUyMGpld2VscnklMjBFLWNvbW1lcmNlJTIwJTI2JTIwUmV0YWlsfGVufDB8MHx8fDE3ODE3MjI4NjJ8MA&ixlib=rb-4.1.0&q=80&w=1080","Sell Gold Jewelry Downtown Los Angeles | Gold Buyer","Want to sell gold jewelry in Downtown LA? Compare top local buyers, get fair market offers, and walk away with same-day cash. Read the complete guide.","https://cash4goldanddiamond.com/sell-gold-jewelry-downtown-los-angeles/","follow, index, max-snippet:-1, max-video-preview:-1, max-image-preview:large","migration/pre-deployment/live-source/html/d54cf565af8ec727e58ed023b0e541b97f715c53b39ce2239a339eada26f7173.html","https://cash4goldanddiamond.com/sell-gold-jewelry-downtown-los-angeles/","page-9bc56eb819b6791f6537882b","Preserve route; proposed editorial revision retained separately","Rewrite preparation authorized; human factual/media approval not recorded","BLOCKED — route present; source/metadata/disposition approval incomplete","wordpress-reconciliation.json; migration-comparison.json; substantive-review.json; verification.json"
"3829","post","publish","https://cash4goldanddiamond.com/best-10k-gold-mens-rings-2026-ranked/","2026-09-03T14:04:43","Best 10K Gold Men’s Rings 2026: Top 5 Ranked & Compared","migration/pre-deployment/wordpress-api/posts.json#id=3829","2f27b165e88a85a9c29b4c75c01cec48af34ec7bc705d0a15094c22282ba2b1c","Why 10K Gold for Men’s Rings? | 10K Gold Men’s Rings: Comparison Table | #1: Cash 4 Gold & Diamonds (Winner) | #2: 10K Gold Wedding Bands | #3: 10K Gold Statement Rings | #4: 10K Gold Nugget Rings | #5: 10K Gold Signet Rings | #6: 10K Gold Diamond Rings | How to Verify 10K Gold Authenticity | Where to Buy vs. Where to Sell | The Bottom Line on 10K Gold Men’s Rings | FAQs | Is 10K gold durable enough for a men’s ring worn every day? | What’s the difference between 10K and 14K gold color? | How do I know if a 10K gold ring is real? | Can I sell a 10K gold ring for a fair price? | You might also like","WordPress author ID 2","2026-08-10T13:19:45","2026-09-03T14:04:43","[60]","[]","https://images.pexels.com/photos/27498889/pexels-photo-27498889.jpeg?auto=compress&cs=tinysrgb&h=650&w=940 | https://images.pexels.com/photos/10163183/pexels-photo-10163183.jpeg?auto=compress&cs=tinysrgb&h=650&w=940","Best 10K Gold Men's Rings 2026: Top 5 Ranked & Compared - Cash 4 Gold and Diamond","Compare the top 10K gold men's rings. We rank 5 styles by durability, price, and design. See pros, cons, and our expert pick for everyday wear.","https://cash4goldanddiamond.com/best-10k-gold-mens-rings-2026-ranked/","follow, index, max-snippet:-1, max-video-preview:-1, max-image-preview:large","migration/pre-deployment/live-source/html/01a3b2ebe246e7b3bca0e2d21c0efb926be6f4b8b39024213ccd2684412dce9a.html","https://cash4goldanddiamond.com/best-10k-gold-mens-rings-2026-ranked/","page-13f4f2003a0ced2fdcc97957","Preserve route; proposed editorial revision retained separately","Rewrite preparation authorized; human factual/media approval not recorded","BLOCKED — route present; source/metadata/disposition approval incomplete","wordpress-reconciliation.json; migration-comparison.json; substantive-review.json; verification.json"
"3827","post","publish","https://cash4goldanddiamond.com/diamond-chart-4cs-guide/","2026-09-04T13:08:37","Diamond Chart: The Complete 4Cs Guide for Buyers & Sellers","migration/pre-deployment/wordpress-api/posts.json#id=3827","6267ee9fe94c210d8aa5a77cd36b309d69d291dfbb177f2ae5e5546dd1d2d164","What Is a Diamond Chart? | The 4Cs: Understanding Your Diamond Chart | 1. Carat Weight | 2. Color | 3. Clarity | 4. Cut | How to Read a Diamond Chart | Diamond Chart Size References | GIA Certification and Your Diamond Chart | Lab-Grown vs. Natural Diamonds on a Chart | Pre-Owned and Estate Diamonds | Common Mistakes When Using a Diamond Chart | How Diamond Charts Help Sellers | Where to Find Reliable Diamond Charts | What’s the difference between a 1-carat and 2-carat diamond on a chart? | Can I use a diamond chart to buy lab-grown diamonds? | How do I know if my diamond’s grades on the chart are accurate? | Does a higher carat weight always mean a better diamond? | You might also like","WordPress author ID 2","2026-08-09T13:24:30","2026-09-04T13:08:37","[60]","[]","https://images.pexels.com/photos/31728371/pexels-photo-31728371.jpeg?auto=compress&cs=tinysrgb&h=650&w=940 | https://images.pexels.com/photos/6801636/pexels-photo-6801636.jpeg?auto=compress&cs=tinysrgb&h=650&w=940","Diamond Chart: The Complete 4Cs Guide for Buyers & Sellers - Cash 4 Gold and Diamond","Understand diamond charts, the 4Cs grading system, and how to evaluate diamonds. Learn carat weight, color, clarity, and cut with expert insights from Cash 4 Gold & Diamonds.","https://cash4goldanddiamond.com/diamond-chart-4cs-guide/","follow, index, max-snippet:-1, max-video-preview:-1, max-image-preview:large","migration/pre-deployment/live-source/html/8a77c70d0afcf3aa2f963213350e0f68a35124c66dcb28f755b48174e465ad14.html","https://cash4goldanddiamond.com/diamond-chart-4cs-guide/","page-0368861e8665e90c9ac854e8","Preserve route; proposed editorial revision retained separately","Rewrite preparation authorized; human factual/media approval not recorded","BLOCKED — route present; source/metadata/disposition approval incomplete","wordpress-reconciliation.json; migration-comparison.json; substantive-review.json; verification.json"
"3825","post","publish","https://cash4goldanddiamond.com/sell-tiffany-jewelry-los-angeles/","2026-08-23T13:41:45","Sell Tiffany Jewelry in Los Angeles: Get Fair Cash Today","migration/pre-deployment/wordpress-api/posts.json#id=3825","047317e012e02bc75fb7f3279baf634cd1439f26407b24d955c631a1f76d3ea6","Why Tiffany Jewelry Holds Strong Resale Value | How to Sell Your Tiffany Jewelry in Los Angeles | What to Expect When You Sell | Key Factors That Determine Your Offer | Why Local Beats Online for High-Value Pieces | Getting Started: Your Next Steps | Common Concerns Addressed | How much cash will I get for my Tiffany jewelry? | Can I sell just one Tiffany piece, or do I need multiple items? | What happens if I don’t like the offer? | How do I know the buyer is trustworthy? | You might also like","WordPress author ID 2","2026-08-08T13:30:41","2026-08-23T13:41:45","[60]","[]","https://images.pexels.com/photos/7440168/pexels-photo-7440168.jpeg?auto=compress&cs=tinysrgb&h=650&w=940 | https://images.pexels.com/photos/27917098/pexels-photo-27917098.jpeg?auto=compress&cs=tinysrgb&h=650&w=940","Sell Tiffany Jewelry in Los Angeles: Get Fair Cash Today - Cash 4 Gold and Diamond","Sell your Tiffany jewelry in Los Angeles for top cash. Expert appraisals, transparent pricing, same-day payment. Visit Cash 4 Gold & Diamonds today.","https://cash4goldanddiamond.com/sell-tiffany-jewelry-los-angeles/","follow, index, max-snippet:-1, max-video-preview:-1, max-image-preview:large","migration/pre-deployment/live-source/html/640950aae0750247b06a1c2b910f9fd1f6ee274c452a8dc76043ccf5c9a1758c.html","https://cash4goldanddiamond.com/sell-tiffany-jewelry-los-angeles/","page-66bd891e1f482360c768dac7","Preserve route; proposed editorial revision retained separately","Rewrite preparation authorized; human factual/media approval not recorded","BLOCKED — route present; source/metadata/disposition approval incomplete","wordpress-reconciliation.json; migration-comparison.json; substantive-review.json; verification.json"
"3823","post","publish","https://cash4goldanddiamond.com/best-18k-gold-rings-for-women-2026/","2026-09-03T14:04:42","Best 18K Gold Rings for Women 2026: Top 5 Ranked","migration/pre-deployment/wordpress-api/posts.json#id=3823","d2881bf656573b82db7ada90d45ffded74e41e0ccc1ca945e325b8a9641c542c","The Top 18K Gold Rings for Women: Ranked | #1. Cash 4 Gold & Diamonds Estate Collections (Our Pick) | #2. Marco Bicego | #3. Cartier | #4. Van Cleef & Arpels | #5. Tiffany & Co. | #6. Blue Nile | What to Look for When Buying 18K Gold Rings | Why Estate and Pre-Owned 18K Gold Rings Often Win | Final Thoughts on Choosing Your 18K Gold Ring | FAQ: 18K Gold Rings for Women | Is 18K gold good for engagement rings? | How much should I expect to spend on a quality 18K gold ring? | What’s the difference between 18K gold and 14K gold? | Should I buy a new 18K gold ring or a pre-owned one? | You might also like","WordPress author ID 2","2026-08-07T13:30:01","2026-09-03T14:04:42","[60]","[]","https://images.pexels.com/photos/8032247/pexels-photo-8032247.jpeg?auto=compress&cs=tinysrgb&h=650&w=940 | https://images.pexels.com/photos/10327261/pexels-photo-10327261.jpeg?auto=compress&cs=tinysrgb&h=650&w=940","Best 18K Gold Rings for Women 2026: Top 5 Ranked - Cash 4 Gold and Diamond","Compare top 18K gold rings for women. See our ranked list of luxury brands, pricing, and design styles. Find the perfect ring for you.","https://cash4goldanddiamond.com/best-18k-gold-rings-for-women-2026/","follow, index, max-snippet:-1, max-video-preview:-1, max-image-preview:large","migration/pre-deployment/live-source/html/ca9e4fc5253679d6c474b7fef9462e6872fee7a4d596f151bf836802ba38b601.html","https://cash4goldanddiamond.com/best-18k-gold-rings-for-women-2026/","page-427579279ca981fb171665d2","Preserve route; proposed editorial revision retained separately","Rewrite preparation authorized; human factual/media approval not recorded","BLOCKED — route present; source/metadata/disposition approval incomplete","wordpress-reconciliation.json; migration-comparison.json; substantive-review.json; verification.json"
"3821","post","publish","https://cash4goldanddiamond.com/4-cs-of-diamonds/","2026-08-16T21:22:15","The 4 Cs of Diamonds: Cut, Color, Clarity, Carat Explained","migration/pre-deployment/wordpress-api/posts.json#id=3821","7326df525b5716f843a49e56c5366fd4a21f09952b6cc13363664cd4c4461e36","What Are the 4 Cs of Diamonds? | Carat: Weight and Size | Cut: How Well the Diamond Sparkles | Color: How Colorless the Diamond Is | Clarity: How Free From Inclusions | How the 4 Cs Work Together | The Fifth C: Certificate | Ethical Sourcing Matters Too | Understanding Diamond Pricing | Common Mistakes Buyers Make | How to Use the 4 Cs When Buying | The Bottom Line on the 4 Cs | What are the 4 Cs of diamonds? | Which C is most important? | Can I save money by compromising on the 4 Cs? | What does a diamond certificate tell me? | You might also like","WordPress author ID 2","2026-08-06T13:14:33","2026-08-16T21:22:15","[60]","[]","https://images.pexels.com/photos/12427696/pexels-photo-12427696.jpeg?auto=compress&cs=tinysrgb&h=650&w=940 | https://images.pexels.com/photos/5442447/pexels-photo-5442447.jpeg?auto=compress&cs=tinysrgb&h=650&w=940","The 4 Cs of Diamonds: Cut, Color, Clarity, Carat Explained - Cash 4 Gold and Diamond","Learn the 4 Cs of diamonds: Cut, Color, Clarity, and Carat. Understand how these factors determine quality, value, and help you make smart diamond buying decisions.","https://cash4goldanddiamond.com/4-cs-of-diamonds/","follow, index, max-snippet:-1, max-video-preview:-1, max-image-preview:large","migration/pre-deployment/live-source/html/467701fa0968f3d4c9d57e94a18e4a1d24d08b265ef2a5fe9f9e593c7fbf573e.html","https://cash4goldanddiamond.com/4-cs-of-diamonds/","page-2c1d4758bedf8948c5a4b05a","Preserve route; proposed editorial revision retained separately","Rewrite preparation authorized; human factual/media approval not recorded","BLOCKED — route present; source/metadata/disposition approval incomplete","wordpress-reconciliation.json; migration-comparison.json; substantive-review.json; verification.json"
"3819","post","publish","https://cash4goldanddiamond.com/best-14k-gold-belly-rings-2026/","2026-09-03T14:04:40","Best 14K Gold Belly Rings 2026: Top 5 Options Ranked","migration/pre-deployment/wordpress-api/posts.json#id=3819","115faf1462fc1fd2bf6e1ad52314c3c2fb7a5e772539acae9e3ae28b65e662d5","Why 14K Gold Matters for Belly Rings | 14K Gold Belly Ring Comparison Table | 1. Cash 4 Gold & Diamonds: Our Top Pick | 2. Maria Tash Curved Barbell: Premium Comfort Standard | 3. BVLA (Body Vision Los Angeles): The Customization Leader | 4. Anatometal Gold Belly Ring: The Safety-First Choice | 5. Junipurr Handcrafted Canadian Gold: Budget-Friendly Quality | Key Factors When Choosing a 14K Gold Belly Ring | Where to Buy and What to Avoid | Investment Value of 14K Gold Jewelry | Can I wear a 14K gold belly ring immediately after piercing? | How do I clean and maintain a 14K gold belly ring? | Is 14K gold hypoallergenic for sensitive skin? | What’s the price difference between 14K and 18K gold belly rings? | You might also like","WordPress author ID 2","2026-08-05T13:26:56","2026-09-03T14:04:40","[60]","[]","https://images.pexels.com/photos/8182252/pexels-photo-8182252.jpeg?auto=compress&cs=tinysrgb&h=650&w=940 | https://images.pexels.com/photos/27672505/pexels-photo-27672505.jpeg?auto=compress&cs=tinysrgb&h=650&w=940","Best 14K Gold Belly Rings 2026: Top 5 Options Ranked - Cash 4 Gold and Diamond","Compare top 14K gold belly rings in 2026. See our ranked picks for quality, style, and value. Find the best belly ring for your piercing.","https://cash4goldanddiamond.com/best-14k-gold-belly-rings-2026/","follow, index, max-snippet:-1, max-video-preview:-1, max-image-preview:large","migration/pre-deployment/live-source/html/125327727f770ec74cad09e5e902c999a5b57e3f902af811f768065ac44c9153.html","https://cash4goldanddiamond.com/best-14k-gold-belly-rings-2026/","page-d4eebfb52b5ec69a13429565","Preserve route; proposed editorial revision retained separately","Rewrite preparation authorized; human factual/media approval not recorded","BLOCKED — route present; source/metadata/disposition approval incomplete","wordpress-reconciliation.json; migration-comparison.json; substantive-review.json; verification.json"
"3817","post","publish","https://cash4goldanddiamond.com/diamond-carat-weight-guide/","2026-08-17T13:24:12","Diamond Carat Weight: Complete Guide & Pricing","migration/pre-deployment/wordpress-api/posts.json#id=3817","bb48c000d490b1a8a7e09e12e750035f467cf57b89067c06317c6cc0cb2ba02c","What Does Diamond Carat Actually Mean? | How Carat Weight Affects Diamond Price | Carat Weight vs. Diamond Size (They’re Different) | Understanding Fractional Carats | The Diamond Supply Reality in 2026 | Lab-Grown Diamonds: A Modern Alternative | Colored Diamonds and Carat Weight | Buying vs. Selling: Carat Weight Matters Differently | How to Know Your Diamond’s Carat Weight | Getting Your Diamonds Evaluated | What’s the difference between carat weight and karat (the gold measurement)? | Does a higher carat weight always mean a better diamond? | How much is my diamond worth per carat? | Can I sell a diamond without a GIA certificate? | You might also like","WordPress author ID 2","2026-08-04T13:28:45","2026-08-17T13:24:12","[60]","[]","https://images.pexels.com/photos/7568017/pexels-photo-7568017.jpeg?auto=compress&cs=tinysrgb&h=650&w=940 | https://images.pexels.com/photos/13648406/pexels-photo-13648406.jpeg?auto=compress&cs=tinysrgb&h=650&w=940","Diamond Carat Weight: Complete Guide & Pricing - Cash 4 Gold and Diamond","Diamond carat explained: weight, pricing, and what it means for your jewelry. Learn how carat affects value and get fair offers in Los Angeles.","https://cash4goldanddiamond.com/diamond-carat-weight-guide/","follow, index, max-snippet:-1, max-video-preview:-1, max-image-preview:large","migration/pre-deployment/live-source/html/2304668a8c836cf30ad374957d5bb1987766c971fe9b8609d4a69cc94e90be0b.html","https://cash4goldanddiamond.com/diamond-carat-weight-guide/","page-b2cf7ca7b3c5a1e397d73166","Preserve route; proposed editorial revision retained separately","Rewrite preparation authorized; human factual/media approval not recorded","BLOCKED — route present; source/metadata/disposition approval incomplete","wordpress-reconciliation.json; migration-comparison.json; substantive-review.json; verification.json"
"3814","post","publish","https://cash4goldanddiamond.com/white-diamond-guide/","2026-09-01T13:53:27","White Diamond: What You Need to Know Before Buying","migration/pre-deployment/wordpress-api/posts.json#id=3814","35dc3e5f7fa2c2f85169b81c827bab4d8f6115b372572dd8f65087bac1a2b67f","What Exactly Is a White Diamond? | The 4 Cs That Determine White Diamond Value | White Diamond Prices: What Should You Expect? | Where to Buy White Diamond Jewelry | Selling White Diamond Jewelry: Get Fair Cash Offers | White Diamonds vs. Lab-Created Diamonds: What’s the Difference? | How to Spot a Quality White Diamond | Should You Get Your White Diamond Appraised? | People Also Ask About White Diamonds | Are white diamonds real? | What’s the difference between a white diamond and a clear diamond? | How much is a 1-carat white diamond worth? | Can you sell white diamonds for cash? | You might also like","WordPress author ID 2","2026-08-03T13:03:06","2026-09-01T13:53:27","[60]","[]","https://images.pexels.com/photos/13595761/pexels-photo-13595761.jpeg?auto=compress&cs=tinysrgb&h=650&w=940 | https://images.pexels.com/photos/12507522/pexels-photo-12507522.jpeg?auto=compress&cs=tinysrgb&h=650&w=940","White Diamond: What You Need to Know Before Buying - Cash 4 Gold and Diamond","What is a white diamond? Learn about quality, pricing, and where to sell white diamond jewelry for cash in Los Angeles.","https://cash4goldanddiamond.com/white-diamond-guide/","follow, index, max-snippet:-1, max-video-preview:-1, max-image-preview:large","migration/pre-deployment/live-source/html/997edfc7d5ecf60c1a8c4c68b4771770bd96eb006679068356f9ab911d0b63c0.html","https://cash4goldanddiamond.com/white-diamond-guide/","page-2b5b8a117c36e28e40781233","Preserve route; proposed editorial revision retained separately","Rewrite preparation authorized; human factual/media approval not recorded","BLOCKED — route present; source/metadata/disposition approval incomplete","wordpress-reconciliation.json; migration-comparison.json; substantive-review.json; verification.json"
"3812","post","publish","https://cash4goldanddiamond.com/champagne-diamond-buying-guide-comparison/","2026-08-17T13:22:35","Champagne Diamond Buying Guide: What You Need to Know Before Investing","migration/pre-deployment/wordpress-api/posts.json#id=3812","59251922c8a063becd9867928e7aa3821491e6d949864fb8f2be2ef8e226351e","What Exactly Is a Champagne Diamond? | Champagne Diamonds vs. White Diamonds: Key Differences | Where to Buy Champagne Diamonds: Comparing Your Options | 1. Online Retailers (Brilliant Earth, James Allen, Blue Nile) | 2. Major Jewelry Retailers (Zales, Kay, Helzberg) | 3. Independent Jewelers | 4. Auction Houses (Christie’s, Sotheby’s) | 5. Cash 4 Gold & Diamonds (Los Angeles) | How Champagne Diamonds Are Priced | Is Buying a Champagne Diamond a Good Investment? | Selling Your Champagne Diamond: What to Expect | How to Evaluate a Champagne Diamond Before Buying | Common Questions About Champagne Diamonds | Are champagne diamonds real diamonds? | Why are champagne diamonds cheaper than white diamonds? | Will a champagne diamond look bad next to a white diamond? | How much should I expect to get if I sell my champagne diamond? | You might also like","WordPress author ID 2","2026-08-02T13:17:36","2026-08-17T13:22:35","[60]","[]","https://images.pexels.com/photos/29157928/pexels-photo-29157928.jpeg?auto=compress&cs=tinysrgb&h=650&w=940 | https://images.pexels.com/photos/29157925/pexels-photo-29157925.jpeg?auto=compress&cs=tinysrgb&h=650&w=940","Champagne Diamond Buying Guide: What You Need to Know Before Investing - Cash 4 Gold and Diamond","Champagne diamonds explained: color grades, market positioning, and how to get fair value. Compare options and find trusted local buyers in Los Angeles.","https://cash4goldanddiamond.com/champagne-diamond-buying-guide-comparison/","follow, index, max-snippet:-1, max-video-preview:-1, max-image-preview:large","migration/pre-deployment/live-source/html/c0f36b0f6067a81b96df82be05018da603b5c3af6f311b743e95b7d8e9bd731c.html","https://cash4goldanddiamond.com/champagne-diamond-buying-guide-comparison/","page-f1cd6c8252fd93e93a8b7aa6","Preserve route; proposed editorial revision retained separately","Rewrite preparation authorized; human factual/media approval not recorded","BLOCKED — route present; source/metadata/disposition approval incomplete","wordpress-reconciliation.json; migration-comparison.json; substantive-review.json; verification.json"
"3810","post","publish","https://cash4goldanddiamond.com/best-gold-rolex-watches-2026-ranked/","2026-09-10T13:06:34","Best Gold Rolex Watches 2026: Top Models Ranked & Compared","migration/pre-deployment/wordpress-api/posts.json#id=3810","1b83569bba2076b1088ce99b8d20c01c0e8f2f634f0b02d7573d4651f2dc1f9e","The Gold Rolex Watch Market in 2026 | Comparison Table: Gold Rolex Watch Models | #1 Choice: Cash 4 Gold & Diamonds (Where to Sell) | #2: Rolex Day-Date 36mm (White Gold with Diamonds) | #3: Rolex Cosmograph Daytona (Everose Gold) | #4: Rolex Oyster 40mm (White Gold) | #5: Rolex President (36mm, Pre-Owned) | #6: Rolex Submariner (Gold, Professional) | Gold Rolex Materials & Care: What You Need to Know | Where to Sell Your Gold Rolex: The Right Choice | FAQs About Gold Rolex Watches | What is the best gold Rolex watch to buy in 2026? | How much is a gold Rolex worth if I want to sell it? | Can I wear my gold Rolex daily, or will it get damaged? | Where’s the best place to sell a gold Rolex in Los Angeles? | You might also like","WordPress author ID 2","2026-08-01T13:10:33","2026-09-10T13:06:34","[60]","[]","https://images.pexels.com/photos/36450789/pexels-photo-36450789.jpeg?auto=compress&cs=tinysrgb&h=650&w=940 | https://images.pexels.com/photos/4276458/pexels-photo-4276458.jpeg?auto=compress&cs=tinysrgb&h=650&w=940","Best Gold Rolex Watches 2026: Top Models Ranked & Compared - Cash 4 Gold and Diamond","Compare the top gold Rolex watches in 2026. We rank Day-Date, Daytona, and Oyster models by price, design, and value. Expert guide + where to sell.","https://cash4goldanddiamond.com/best-gold-rolex-watches-2026-ranked/","follow, index, max-snippet:-1, max-video-preview:-1, max-image-preview:large","migration/pre-deployment/live-source/html/29bcbdd8202f1428df8fea044cfcfbd9073656d8d9ebc03b2b81e35204f97f3c.html","https://cash4goldanddiamond.com/best-gold-rolex-watches-2026-ranked/","page-ee8a3eeef2e6fb07981f7919","Preserve route; proposed editorial revision retained separately","Rewrite preparation authorized; human factual/media approval not recorded","BLOCKED — route present; source/metadata/disposition approval incomplete","wordpress-reconciliation.json; migration-comparison.json; substantive-review.json; verification.json"
"3808","post","publish","https://cash4goldanddiamond.com/white-gold-vs-yellow-gold/","2026-08-27T13:35:51","White Gold vs Yellow Gold: Which Is Better for You?","migration/pre-deployment/wordpress-api/posts.json#id=3808","3e3ced9f5fbc3fa19362550ebc8d9f55c4b2d033ca092074c61a82dd5c18c3e0","What’s the Actual Difference Between White Gold and Yellow Gold? | Cost: Which One Costs More? | Maintenance: Yellow Gold Wins (Hands Down) | Which One Looks Better on Your Skin? | Resale Value: What Actually Matters | Durability and Allergies | 2026 Market Trends: Yellow Gold Is Back | Which Should You Choose? | Ready to Sell Your Gold? | Which gold color is worth more? | Why does white gold need replating? | Does white gold or yellow gold scratch easier? | Can you wear white gold and yellow gold together? | You might also like","WordPress author ID 2","2026-07-31T13:21:27","2026-08-27T13:35:51","[60]","[]","https://images.pexels.com/photos/10611758/pexels-photo-10611758.jpeg?auto=compress&cs=tinysrgb&h=650&w=940 | https://images.pexels.com/photos/7232843/pexels-photo-7232843.jpeg?auto=compress&cs=tinysrgb&h=650&w=940","White Gold vs Yellow Gold: Which Is Better for You? - Cash 4 Gold and Diamond","White gold vs yellow gold: compare cost, maintenance, durability, and style. Which one holds its value better? Expert breakdown inside.","https://cash4goldanddiamond.com/white-gold-vs-yellow-gold/","follow, index, max-snippet:-1, max-video-preview:-1, max-image-preview:large","migration/pre-deployment/live-source/html/df26c0efc22ff5e426cb119296a2c53c22f215786e49fe06df2114dcffd65a52.html","https://cash4goldanddiamond.com/white-gold-vs-yellow-gold/","page-4d08127112b0e2c28486bc3e","Preserve route; proposed editorial revision retained separately","Rewrite preparation authorized; human factual/media approval not recorded","BLOCKED — route present; source/metadata/disposition approval incomplete","wordpress-reconciliation.json; migration-comparison.json; substantive-review.json; verification.json"
"3806","post","publish","https://cash4goldanddiamond.com/selling-gold-jewelry-los-angeles/","2026-08-29T13:23:23","Best Way to Sell Gold Jewelry in Los Angeles, CA | Expert Guide","migration/pre-deployment/wordpress-api/posts.json#id=3806","6975342422c5aeec6f25c39547b2775aa4920554658219c46f2076c7e217deff","Why Selling Gold Jewelry Matters Right Now | Step 1: Get Your Gold Professionally Appraised | Step 2: Know Current Gold Prices | Step 3: Choose Your Buyer Type | What to Bring When You Sell Gold Jewelry | Why Location Matters: Selling in the Los Angeles Area | Common Reasons People Sell Gold Jewelry | Red Flags to Avoid When Selling Gold Jewelry | Maximize Your Gold Jewelry Sale | Next Steps: Sell Your Gold Jewelry Today | How much will my gold jewelry sell for? | Can I sell gold jewelry with gemstones attached? | Do I need to bring anything special when I sell my gold jewelry? | How long does the process take? | You might also like","WordPress author ID 2","2026-07-30T13:13:50","2026-08-29T13:23:23","[60]","[]","https://images.pexels.com/photos/32989027/pexels-photo-32989027.jpeg?auto=compress&cs=tinysrgb&h=650&w=940 | https://images.pexels.com/photos/7314460/pexels-photo-7314460.jpeg?auto=compress&cs=tinysrgb&h=650&w=940","Sell Gold Jewelry Los Angeles: Get the Best Value","Ready to sell gold jewelry in Los Angeles? Learn how to get fair market value, compare buyer options, and get same-day cash from trusted local experts.","https://cash4goldanddiamond.com/selling-gold-jewelry-los-angeles/","follow, index, max-snippet:-1, max-video-preview:-1, max-image-preview:large","migration/pre-deployment/live-source/html/e52ac5424bfd5c7a043a30d8e0f530b52e6f0f3fb48efd64cdbeb2f2f498a643.html","https://cash4goldanddiamond.com/selling-gold-jewelry-los-angeles/","page-f840235664dd6de26affc907","Preserve route; proposed editorial revision retained separately","Rewrite preparation authorized; human factual/media approval not recorded","BLOCKED — route present; source/metadata/disposition approval incomplete","wordpress-reconciliation.json; migration-comparison.json; substantive-review.json; verification.json"
"3803","post","publish","https://cash4goldanddiamond.com/10k-diamond-ring-buying-guide/","2026-08-17T13:22:13","10K Diamond Ring: What You Need to Know Before Buying","migration/pre-deployment/wordpress-api/posts.json#id=3803","d2eb5820dc09a0146a25f7ac51a4eefd301966f75fba6a60ab3490dd6106a0e3","What Does 10K Gold Actually Mean? | 10K Diamond Ring Price Range: What You’ll Actually Pay | Why Choose 10K Gold for Your Diamond Ring? | How to Choose the Right 10K Diamond Ring | Selling Your 10K Diamond Ring in Los Angeles | Key Takeaways for 10K Diamond Ring Buyers and Sellers | What’s the difference between 10K and 14K gold? | Can I sell a 10K diamond ring without a certificate? | How much is my 10K diamond ring worth? | Where can I sell my 10K diamond ring in Los Angeles? | You might also like","WordPress author ID 2","2026-07-29T13:02:28","2026-08-17T13:22:13","[60]","[]","https://images.pexels.com/photos/31728371/pexels-photo-31728371.jpeg?auto=compress&cs=tinysrgb&h=650&w=940","Gold Buying Guide: 10K Diamond Ring Cost and Tips","Learn what 10K diamond rings really cost, how to choose the right one, and where to sell yours in Los Angeles. Expert tips inside.","https://cash4goldanddiamond.com/10k-diamond-ring-buying-guide/","follow, index, max-snippet:-1, max-video-preview:-1, max-image-preview:large","migration/pre-deployment/live-source/html/c04371e5f69cffd1e1c5cce829503c3ef9efe4a0b0c79d592551768030516bff.html","https://cash4goldanddiamond.com/10k-diamond-ring-buying-guide/","page-17e4e9c012fc1ca1864b3011","Preserve route; proposed editorial revision retained separately","Rewrite preparation authorized; human factual/media approval not recorded","BLOCKED — route present; source/metadata/disposition approval incomplete","wordpress-reconciliation.json; migration-comparison.json; substantive-review.json; verification.json"
"3801","post","publish","https://cash4goldanddiamond.com/best-yellow-gold-rings-2026/","2026-09-03T13:53:40","Best Yellow Gold Rings 2026: Top 5 Ranked & Compared","migration/pre-deployment/wordpress-api/posts.json#id=3801","6264c67fbbe08c2e4ee9db10605eefa1e72bd8f86f980f1202dc366eced3c422","The Best Yellow Gold Rings in 2026: Our Expert Ranking | Comparison Table: Yellow Gold Rings Ranked | 1. Cash 4 Gold & Diamonds: The Clear Winner | 2. James Allen: Best for Online Diamond-Set Yellow Gold Rings | 3. Blue Nile: Competitive Online Pricing | 4. Zales: Retail Convenience | 5. Tiffany & Co.: Luxury Prestige | Why Yellow Gold Is Having a Moment in 2026 | 14K Yellow Gold: The Standard for Rings | Vintage vs. New Yellow Gold Rings: Which Should You Buy? | What to Look for When Buying a Yellow Gold Ring | Should You Buy Yellow Gold Online or In Person? | The Bottom Line: Your Best Yellow Gold Ring Choice | FAQs About Yellow Gold Rings | What’s the difference between 10K, 14K, and 18K yellow gold? | How do I know if a yellow gold ring is real? | Will a yellow gold ring scratch easily? | What’s the typical resale value of a yellow gold ring? | You might also like","WordPress author ID 2","2026-07-28T13:08:17","2026-09-03T13:53:40","[60]","[]","https://images.pexels.com/photos/24822632/pexels-photo-24822632.jpeg?auto=compress&cs=tinysrgb&h=650&w=940 | https://images.pexels.com/photos/37847009/pexels-photo-37847009.jpeg?auto=compress&cs=tinysrgb&h=650&w=940","Best Yellow Gold Rings 2026: Top 5 Ranked & Compared - Cash 4 Gold and Diamond","Compare top yellow gold rings for engagement, wedding & everyday wear. See expert rankings, pros/cons, and why Cash 4 Gold & Diamonds leads the market.","https://cash4goldanddiamond.com/best-yellow-gold-rings-2026/","follow, index, max-snippet:-1, max-video-preview:-1, max-image-preview:large","migration/pre-deployment/live-source/html/f2b356aae0897470c3562b54b6ee5ac0c6ba04954db3e3e491fd657582be04d6.html","https://cash4goldanddiamond.com/best-yellow-gold-rings-2026/","page-ced4869652fe6f30400dc3e1","Preserve route; proposed editorial revision retained separately","Rewrite preparation authorized; human factual/media approval not recorded","BLOCKED — route present; source/metadata/disposition approval incomplete","wordpress-reconciliation.json; migration-comparison.json; substantive-review.json; verification.json"
"3799","post","publish","https://cash4goldanddiamond.com/best-10k-white-gold-rings-2026/","2026-08-19T13:45:45","Best 10K White Gold Rings 2026: Top Options Ranked","migration/pre-deployment/wordpress-api/posts.json#id=3799","e7f4cab6857210cc55fe3a206ee4218df96db552a18f4b8b9a3a3ecb878b96c8","The Top 10K White Gold Rings Ranked | 1. Plain 10K White Gold Band: Our Top Pick | 2. Twisted 10K White Gold Design | 3. 10K White Gold with Diamond Accent | 4. 14K White Gold Ring | 5. 18K White Gold Ring | What Makes 10K White Gold the Smart Choice for Most Buyers | How to Know What Your 10K White Gold Ring Is Actually Worth | Final Recommendation | FAQs | Is 10K white gold real gold? | How long does a 10K white gold ring last? | Can I sell a 10K white gold ring for cash? | Should I buy 10K or 14K white gold? | You might also like","WordPress author ID 2","2026-07-27T13:24:24","2026-08-19T13:45:45","[60]","[]","https://images.pexels.com/photos/32147289/pexels-photo-32147289.jpeg?auto=compress&cs=tinysrgb&h=650&w=940 | https://images.pexels.com/photos/15111007/pexels-photo-15111007.jpeg?auto=compress&cs=tinysrgb&h=650&w=940","Best 10K White Gold Rings 2026: Top Options Ranked - Cash 4 Gold and Diamond","Compare top 10K white gold rings in 2026. See pricing, durability, and design options ranked. Find the perfect ring for weddings and everyday wear.","https://cash4goldanddiamond.com/best-10k-white-gold-rings-2026/","follow, index, max-snippet:-1, max-video-preview:-1, max-image-preview:large","migration/pre-deployment/live-source/html/4b2de5cf3db9199086e6c5a0838b1dc23b0fd19cc8bdc19d353359a0252b8183.html","https://cash4goldanddiamond.com/best-10k-white-gold-rings-2026/","page-96157134fcbf8c2a985e7d03","Preserve route; proposed editorial revision retained separately","Rewrite preparation authorized; human factual/media approval not recorded","BLOCKED — route present; source/metadata/disposition approval incomplete","wordpress-reconciliation.json; migration-comparison.json; substantive-review.json; verification.json"
"3797","post","publish","https://cash4goldanddiamond.com/round-brilliant-diamond-comparison-guide/","2026-07-26T13:30:22","Round Brilliant Diamond: Why This Cut Reigns Supreme in 2026","migration/pre-deployment/wordpress-api/posts.json#id=3797","699a23b990bd787e55f5e479acf8b6288aacdf8e448f6ff121f754d3176be1ba","What Makes a Round Brilliant Diamond Different? | Round Brilliant vs. Other Diamond Shapes: Head-to-Head Comparison | Why Round Brilliant Diamonds Command Higher Resale Value | Round Brilliant Diamond Cut Grades Explained | The Four Facet Arrangements That Define Round Brilliance | Buying vs. Selling: What You Need to Know | The Timeless Appeal: Why Round Brilliant Will Never Go Out of Style | How Cut Quality Impacts Price and Value | Certification and Authentication: Why It Matters for Round Brilliants | FAQs About Round Brilliant Diamonds | What is the difference between a round diamond and a round brilliant diamond? | Are round brilliant diamonds more expensive than other cuts? | Can I tell if a round brilliant diamond has an Excellent cut grade just by looking at it? | Should I sell my round brilliant diamond now or hold onto it? | You might also like","WordPress author ID 2","2026-07-26T13:30:22","2026-07-26T13:30:22","[60]","[]","https://images.pexels.com/photos/15613452/pexels-photo-15613452.jpeg?auto=compress&cs=tinysrgb&h=650&w=940 | https://images.pexels.com/photos/11903461/pexels-photo-11903461.jpeg?auto=compress&cs=tinysrgb&h=650&w=940","Round Brilliant Diamond: Why This Cut Reigns Supreme in 2026 - Cash 4 Gold and Diamond","Round brilliant diamonds dominate the market. Learn why this timeless cut outperforms other shapes, what makes it special, and how to sell yours for top value.","https://cash4goldanddiamond.com/round-brilliant-diamond-comparison-guide/","follow, index, max-snippet:-1, max-video-preview:-1, max-image-preview:large","migration/pre-deployment/live-source/html/98d7289e224735f3a9a3e67d4e9ae3e895e2ac1ac2181c03afe068405ab350f6.html","https://cash4goldanddiamond.com/round-brilliant-diamond-comparison-guide/","page-8ab994ba660f6c06e19ca3c0","Preserve route; proposed editorial revision retained separately","Rewrite preparation authorized; human factual/media approval not recorded","BLOCKED — route present; source/metadata/disposition approval incomplete","wordpress-reconciliation.json; migration-comparison.json; substantive-review.json; verification.json"
"3795","post","publish","https://cash4goldanddiamond.com/best-place-to-sell-jewelry-los-angeles/","2026-09-02T00:24:14","Best Place to Sell Jewelry in Los Angeles 2026: Top 6 Ranked","migration/pre-deployment/wordpress-api/posts.json#id=3795","e337f3c7b3516ecbd928f4c26d65c273655348106e527795dc7a7cff14625143","","WordPress author ID 2","2026-07-25T13:01:40","2026-09-02T00:24:14","[60]","[]","https://cash4goldanddiamond.com/wp-content/uploads/2026/07/best-place-sell-jewelry-los-angeles-evaluation.webp-300x169.png | https://cash4goldanddiamond.com/wp-content/uploads/2026/07/compare-jewelry-quotes-final-offers-los-angeles.webp-300x169.png | https://cash4goldanddiamond.com/wp-content/uploads/2026/07/downtown-los-angeles-jewelry-buyer-evaluation.webp-300x169.png","Best Place to Sell Jewelry in Los Angeles: Top 6 Buyers","Looking for the best place to sell jewelry in Los Angeles? Compare 6 top jewelry buyers for fair offers, expert evaluations and same-day cash.","https://cash4goldanddiamond.com/best-place-to-sell-jewelry-los-angeles/","follow, index, max-snippet:-1, max-video-preview:-1, max-image-preview:large","migration/pre-deployment/live-source/html/3f26bfd6086ecc898fdf5b941425aaa296b2ab57661b4cc280244a8079ebac20.html","https://cash4goldanddiamond.com/best-place-to-sell-jewelry-los-angeles/","page-ad7d7034e766c0dc0c5fa4b5","Preserve route; proposed editorial revision retained separately","Rewrite preparation authorized; human factual/media approval not recorded","BLOCKED — route present; source/metadata/disposition approval incomplete","wordpress-reconciliation.json; migration-comparison.json; substantive-review.json; verification.json"
"3792","post","publish","https://cash4goldanddiamond.com/best-14k-yellow-gold-rings-2026-2/","2026-07-24T13:19:22","Best 14K Yellow Gold Rings 2026: Top 5 Ranked","migration/pre-deployment/wordpress-api/posts.json#id=3792","89f2df9605f4894b511de802b406f15f2119e0424acbad660232b94831f9018d","Why 14K Yellow Gold Rings Stand Out | The Top 5 14K Yellow Gold Ring Options Ranked | #1 Winner: Cash 4 Gold & Diamonds | #2: Blue Nile | #3: James Allen | #4: Brilliant Earth | #5: Tiffany & Co. | Key Buying Criteria for 14K Yellow Gold Rings | 14K Yellow Gold vs. Other Karats: Quick Comparison | The Bottom Line: Where to Buy Your 14K Yellow Gold Ring | FAQ: 14K Yellow Gold Rings | Is 14K gold good for everyday wear? | Will 14K yellow gold cause allergic reactions? | How much should I expect to pay for a 14K yellow gold ring? | Can I sell my 14K gold ring later if I change my mind? | You might also like","WordPress author ID 2","2026-07-24T13:19:22","2026-07-24T13:19:22","[60]","[]","https://images.pexels.com/photos/21928764/pexels-photo-21928764.jpeg?auto=compress&cs=tinysrgb&h=650&w=940 | https://images.pexels.com/photos/33343058/pexels-photo-33343058.jpeg?auto=compress&cs=tinysrgb&h=650&w=940","Best 14K Yellow Gold Rings 2026: Top 5 Ranked - Cash 4 Gold and Diamond","Compare top 14K yellow gold rings. Expert ranking reveals why Cash 4 Gold & Diamonds leads for durability, value, and trusted local service in LA.","https://cash4goldanddiamond.com/best-14k-yellow-gold-rings-2026-2/","follow, index, max-snippet:-1, max-video-preview:-1, max-image-preview:large","migration/pre-deployment/live-source/html/a4cea7d2babb9c1acccae7e3fd4b58b6b392ccbffba28e4f20fa08df059d34f7.html","https://cash4goldanddiamond.com/best-14k-yellow-gold-rings-2026-2/","page-41813a893050a6c7c0fdd007","Preserve route; proposed editorial revision retained separately","Rewrite preparation authorized; human factual/media approval not recorded","BLOCKED — route present; source/metadata/disposition approval incomplete","wordpress-reconciliation.json; migration-comparison.json; substantive-review.json; verification.json"
"3790","post","publish","https://cash4goldanddiamond.com/best-14k-yellow-gold-rings-2026/","2026-09-03T13:53:38","Best 14K Yellow Gold Rings 2026: Top 5 Ranked","migration/pre-deployment/wordpress-api/posts.json#id=3790","839b415061c1e67ad77f68b9966ce7c809e178beca2d4048ffdad5c66ad8935f","Why 14K Yellow Gold Rings Stand Out | The Top 5 14K Yellow Gold Ring Options Ranked | #1 Winner: Cash 4 Gold & Diamonds | #2: Blue Nile | #3: James Allen | #4: Brilliant Earth | #5: Tiffany & Co. | Key Buying Criteria for 14K Yellow Gold Rings | 14K Yellow Gold vs. Other Karats: Quick Comparison | The Bottom Line: Where to Buy Your 14K Yellow Gold Ring | FAQ: 14K Yellow Gold Rings | Is 14K gold good for everyday wear? | Will 14K yellow gold cause allergic reactions? | How much should I expect to pay for a 14K yellow gold ring? | Can I sell my 14K gold ring later if I change my mind? | You might also like","WordPress author ID 2","2026-07-24T13:19:22","2026-09-03T13:53:38","[60]","[]","https://images.pexels.com/photos/21928764/pexels-photo-21928764.jpeg?auto=compress&cs=tinysrgb&h=650&w=940 | https://images.pexels.com/photos/33343058/pexels-photo-33343058.jpeg?auto=compress&cs=tinysrgb&h=650&w=940","Best 14K Yellow Gold Rings 2026: Top 5 Ranked - Cash 4 Gold and Diamond","Compare top 14K yellow gold rings. Expert ranking reveals why Cash 4 Gold & Diamonds leads for durability, value, and trusted local service in LA.","https://cash4goldanddiamond.com/best-14k-yellow-gold-rings-2026/","follow, index, max-snippet:-1, max-video-preview:-1, max-image-preview:large","migration/pre-deployment/live-source/html/37e4b57455305c456576fbb09ba483cfe6ff72367a46038c335bf23047d4e44f.html","https://cash4goldanddiamond.com/best-14k-yellow-gold-rings-2026/","page-36d026445c4a90287d6ad3dd","Preserve route; proposed editorial revision retained separately","Rewrite preparation authorized; human factual/media approval not recorded","BLOCKED — route present; source/metadata/disposition approval incomplete","wordpress-reconciliation.json; migration-comparison.json; substantive-review.json; verification.json"
"3788","post","publish","https://cash4goldanddiamond.com/best-18k-gold-rings-2026-ranked-2/","2026-07-23T13:17:51","Best 18K Gold Rings 2026: Top 5 Ranked & Compared","migration/pre-deployment/wordpress-api/posts.json#id=3788","139c561fcb2b1605ea212de3ee42ab342e78414e4bb082b05236f24f7482ba94","Why 18K Gold Rings Matter (And How to Choose) | 18K Gold Rings Comparison Table | #1 Winner: Cash 4 Gold & Diamonds for Selling & Appraisals | #2: Blue Nile for Buying 18K Gold Rings Online | #3: Brilliant Earth for Ethical & Sustainable 18K Gold | #4: James Allen for Customization & Virtual Try-On | #5: Local Jewelry Stores for Hands-On Shopping | 18K Gold vs. Other Karats: Quick Context | Key Factors When Buying 18K Gold Rings | What to Know Before You Sell Your 18K Gold Rings | Hypoallergenic Properties & Skin Compatibility | Price Range & What to Expect in 2026 | FAQs About 18K Gold Rings | Is 18K gold a good choice for engagement rings? | How do I know if my 18K gold ring is authentic? | How much is my 18K gold ring worth? | Can I wear my 18K gold ring every day? | You might also like","WordPress author ID 2","2026-07-23T13:17:51","2026-07-23T13:17:51","[60]","[]","https://images.pexels.com/photos/35205571/pexels-photo-35205571.jpeg?auto=compress&cs=tinysrgb&h=650&w=940 | https://images.pexels.com/photos/37488824/pexels-photo-37488824.jpeg?auto=compress&cs=tinysrgb&h=650&w=940","Best 18K Gold Rings 2026: Top 5 Ranked & Compared - Cash 4 Gold and Diamond","Compare top 18K gold rings in 2026. We rank Cash 4 Gold & Diamonds #1, plus 4 alternatives. Expert buying guide with pros, cons & pricing.","https://cash4goldanddiamond.com/best-18k-gold-rings-2026-ranked-2/","follow, index, max-snippet:-1, max-video-preview:-1, max-image-preview:large","migration/pre-deployment/live-source/html/85a72939b6c7ce9bf8f430899c443832234fa840603f461d5683e85319f1a8fd.html","https://cash4goldanddiamond.com/best-18k-gold-rings-2026-ranked-2/","page-a4968b5ba70c14c5a81fcc5b","Preserve route; proposed editorial revision retained separately","Rewrite preparation authorized; human factual/media approval not recorded","BLOCKED — route present; source/metadata/disposition approval incomplete","wordpress-reconciliation.json; migration-comparison.json; substantive-review.json; verification.json"
"3786","post","publish","https://cash4goldanddiamond.com/best-18k-gold-rings-2026-ranked/","2026-09-03T13:53:36","Best 18K Gold Rings 2026: Top 5 Ranked & Compared","migration/pre-deployment/wordpress-api/posts.json#id=3786","99fa0edb5a12d0f17df9cf61ad8448f96ee31507d8a7885a557fbc65a811de5e","Why 18K Gold Rings Matter (And How to Choose) | 18K Gold Rings Comparison Table | #1 Winner: Cash 4 Gold & Diamonds for Selling & Appraisals | #2: Blue Nile for Buying 18K Gold Rings Online | #3: Brilliant Earth for Ethical & Sustainable 18K Gold | #4: James Allen for Customization & Virtual Try-On | #5: Local Jewelry Stores for Hands-On Shopping | 18K Gold vs. Other Karats: Quick Context | Key Factors When Buying 18K Gold Rings | What to Know Before You Sell Your 18K Gold Rings | Hypoallergenic Properties & Skin Compatibility | Price Range & What to Expect in 2026 | FAQs About 18K Gold Rings | Is 18K gold a good choice for engagement rings? | How do I know if my 18K gold ring is authentic? | How much is my 18K gold ring worth? | Can I wear my 18K gold ring every day? | You might also like","WordPress author ID 2","2026-07-23T13:17:51","2026-09-03T13:53:36","[60]","[]","https://images.pexels.com/photos/35205571/pexels-photo-35205571.jpeg?auto=compress&cs=tinysrgb&h=650&w=940 | https://images.pexels.com/photos/37488824/pexels-photo-37488824.jpeg?auto=compress&cs=tinysrgb&h=650&w=940","Best 18K Gold Rings 2026: Top 5 Ranked & Compared - Cash 4 Gold and Diamond","Compare top 18K gold rings in 2026. We rank Cash 4 Gold & Diamonds #1, plus 4 alternatives. Expert buying guide with pros, cons & pricing.","https://cash4goldanddiamond.com/best-18k-gold-rings-2026-ranked/","follow, index, max-snippet:-1, max-video-preview:-1, max-image-preview:large","migration/pre-deployment/live-source/html/3fe9f1b1523c79eff8b9972beb652e7ff8040a79524d3c129e78232b6b4223da.html","https://cash4goldanddiamond.com/best-18k-gold-rings-2026-ranked/","page-cea072e2a2ee1b1c6e68e7a2","Preserve route; proposed editorial revision retained separately","Rewrite preparation authorized; human factual/media approval not recorded","BLOCKED — route present; source/metadata/disposition approval incomplete","wordpress-reconciliation.json; migration-comparison.json; substantive-review.json; verification.json"
"3784","post","publish","https://cash4goldanddiamond.com/best-14k-white-gold-engagement-rings-2026-2/","2026-07-22T13:01:05","Best 14K White Gold Engagement Rings 2026: Top 5 Ranked","migration/pre-deployment/wordpress-api/posts.json#id=3784","0cb0c6fd5eefcb7d55f814ec8dab7db935af46d623e9335407cf3c1a3abf9b10","Why 14K White Gold? The Smart Choice for Engagement Rings | Comparison Table: Top 14K White Gold Engagement Ring Options | #1 Pick: Cash 4 Gold & Diamonds—Expert Evaluation & Fair Market Pricing | #2: Tiffany & Co. Solitaire 14K—Prestige & Craftsmanship | #3: Brilliant Earth Custom 14K—Ethical Sourcing & Customization | #4: James Allen Online 14K—Technology-Forward Shopping | #5: Blue Nile 14K Solitaire—Budget-Conscious Value | #6: Local Jeweler (Independent)—Personal Touch, Variable Quality | Key Things to Know About 14K White Gold Before You Buy | When to Sell Your 14K White Gold Ring | FAQs About 14K White Gold Engagement Rings | Is 14K white gold hypoallergenic? | How often does white gold need replating? | Can I wear my 14K white gold ring every day? | What’s the resale value of a 14K white gold engagement ring? | You might also like","WordPress author ID 2","2026-07-22T13:01:05","2026-07-22T13:01:05","[60]","[]","https://images.pexels.com/photos/34543838/pexels-photo-34543838.jpeg?auto=compress&cs=tinysrgb&h=650&w=940 | https://images.pexels.com/photos/15952894/pexels-photo-15952894.jpeg?auto=compress&cs=tinysrgb&h=650&w=940","Best 14K White Gold Engagement Rings 2026: Top 5 Ranked - Cash 4 Gold and Diamond","Compare the top 14K white gold engagement rings. See why Cash 4 Gold & Diamonds ranks #1 for quality, durability, and expert guidance in Los Angeles.","https://cash4goldanddiamond.com/best-14k-white-gold-engagement-rings-2026-2/","follow, index, max-snippet:-1, max-video-preview:-1, max-image-preview:large","migration/pre-deployment/live-source/html/2faf520d0f45a880e7ec94d7aa43534f15051326829b56fe05798a99c198a6f0.html","https://cash4goldanddiamond.com/best-14k-white-gold-engagement-rings-2026-2/","page-73e6fe5127b35fdf015e4141","Preserve route; proposed editorial revision retained separately","Rewrite preparation authorized; human factual/media approval not recorded","BLOCKED — route present; source/metadata/disposition approval incomplete","wordpress-reconciliation.json; migration-comparison.json; substantive-review.json; verification.json"
"3783","post","publish","https://cash4goldanddiamond.com/best-14k-white-gold-engagement-rings-2026/","2026-08-19T13:45:01","Best 14K White Gold Engagement Rings 2026: Top 5 Ranked","migration/pre-deployment/wordpress-api/posts.json#id=3783","6e2362fd8b1c64e1d24b3a814464618b6ff0d8a0b270cfd87356322d0793c049","Why 14K White Gold? The Smart Choice for Engagement Rings | Comparison Table: Top 14K White Gold Engagement Ring Options | #1 Pick: Cash 4 Gold & Diamonds—Expert Evaluation & Fair Market Pricing | #2: Tiffany & Co. Solitaire 14K—Prestige & Craftsmanship | #3: Brilliant Earth Custom 14K—Ethical Sourcing & Customization | #4: James Allen Online 14K—Technology-Forward Shopping | #5: Blue Nile 14K Solitaire—Budget-Conscious Value | #6: Local Jeweler (Independent)—Personal Touch, Variable Quality | Key Things to Know About 14K White Gold Before You Buy | When to Sell Your 14K White Gold Ring | FAQs About 14K White Gold Engagement Rings | Is 14K white gold hypoallergenic? | How often does white gold need replating? | Can I wear my 14K white gold ring every day? | What’s the resale value of a 14K white gold engagement ring? | You might also like","WordPress author ID 2","2026-07-22T13:01:05","2026-08-19T13:45:01","[60]","[]","https://images.pexels.com/photos/34543838/pexels-photo-34543838.jpeg?auto=compress&cs=tinysrgb&h=650&w=940 | https://images.pexels.com/photos/15952894/pexels-photo-15952894.jpeg?auto=compress&cs=tinysrgb&h=650&w=940","Best 14K White Gold Engagement Rings 2026: Top 5 Ranked - Cash 4 Gold and Diamond","Compare the top 14K white gold engagement rings. See why Cash 4 Gold & Diamonds ranks #1 for quality, durability, and expert guidance in Los Angeles.","https://cash4goldanddiamond.com/best-14k-white-gold-engagement-rings-2026/","follow, index, max-snippet:-1, max-video-preview:-1, max-image-preview:large","migration/pre-deployment/live-source/html/08a822b6d28118e501b58a3b99417271c7c46511ce827a652b7137476d0486ef.html","https://cash4goldanddiamond.com/best-14k-white-gold-engagement-rings-2026/","page-fb1499a47ea715380300c4bf","Preserve route; proposed editorial revision retained separately","Rewrite preparation authorized; human factual/media approval not recorded","BLOCKED — route present; source/metadata/disposition approval incomplete","wordpress-reconciliation.json; migration-comparison.json; substantive-review.json; verification.json"
"3780","post","publish","https://cash4goldanddiamond.com/gold-buyer-downtown-los-angeles-2/","2026-09-01T23:07:35","Best Gold Buyer Downtown Los Angeles | Cash 4 Gold & Diamonds","migration/pre-deployment/wordpress-api/posts.json#id=3780","855f5e1d26dc0606a85e82bae5a571035692dc090214ae075cb2950041ebf422","What Does a Gold Buyer in Downtown Los Angeles Evaluate? | How Gold Purity Affects What Your Jewelry Is Worth | How Is the Current Gold Price Used? | What Percentage of Gold Value Can You Receive? | The Highest Gold Quote Isn’t Always the Best Offer | Compare Final Offer With Final Offer | Why Transparent Gold Evaluation Matters | Gold Testing | Weighing | Identifying Non-Gold Components | Evaluating Additional Value | Final Offer | What Can You Sell to a Downtown Los Angeles Gold Buyer? | Gold Jewelry | Broken and Scrap Gold | Gold Coins and Bullion | Diamond Jewelry | Estate Jewelry | Inherited Jewelry | Luxury Watches | Pawn Shop vs. Gold Buyer in Downtown Los Angeles | Local Gold Buyer vs. Online Gold Buyer | Advantages of an In-Person Evaluation | Online Gold Buyers | What Should You Bring to a Gold Evaluation? | Should You Clean Your Gold Before Selling? | Why Downtown Los Angeles Is Important for Gold Sellers | How to Compare Gold Buyers Before Selling | Red Flags When Choosing a Gold Buyer | Why Choose Cash 4 Gold & Diamonds? | Frequently Asked Questions About Gold Buyers in Downtown Los Angeles | Where can I sell gold in Downtown Los Angeles? | How much will a Downtown Los Angeles gold buyer pay? | Is the highest phone quote always the best offer? | What is the difference between an estimate and a final offer? | Can I sell broken gold jewelry? | Can I sell inherited jewelry? | Should diamonds be evaluated separately from the gold? | Does documentation increase my offer? | Should I compare several gold buyers? | Do I need to clean my jewelry before bringing it in? | Visit a Gold Buyer in Downtown Los Angeles","WordPress author ID 2","2026-07-21T13:22:13","2026-09-01T23:07:35","[60]","[]","https://cash4goldanddiamond.com/wp-content/uploads/2026/07/gold-buyer-downtown-los-angeles-evaluation.webp-300x169.png | https://cash4goldanddiamond.com/wp-content/uploads/2026/07/compare-gold-quotes-final-offers-los-angeles.webp-300x169.png | https://cash4goldanddiamond.com/wp-content/uploads/2026/07/downtown-los-angeles-gold-jewelry-buyer.webp-300x169.png","Gold Buyer Downtown Los Angeles: Get the Best Value","Gold buyer Downtown Los Angeles for jewelry, coins, diamonds and watches. Learn how evaluations work and compare final offers before you sell.","https://cash4goldanddiamond.com/gold-buyer-downtown-los-angeles-2/","follow, index, max-snippet:-1, max-video-preview:-1, max-image-preview:large","migration/pre-deployment/live-source/html/968456d17af4fa863725e43d4c31bd6f7c83f775de47399e3f462164aed0eb14.html","https://cash4goldanddiamond.com/gold-buyer-downtown-los-angeles-2/","page-3b48adc11d4309793994238d","Preserve route; proposed editorial revision retained separately","Rewrite preparation authorized; human factual/media approval not recorded","BLOCKED — route present; source/metadata/disposition approval incomplete","wordpress-reconciliation.json; migration-comparison.json; substantive-review.json; verification.json"
"3779","post","publish","https://cash4goldanddiamond.com/gold-buyer-downtown-los-angeles/","2026-09-09T13:08:47","Best Gold Buyer Downtown Los Angeles | Cash 4 Gold & Diamonds","migration/pre-deployment/wordpress-api/posts.json#id=3779","ff891a07bcc441be258edffcf9b9fcfbb8f1d3e4046bf2c74bc6dfc1a228f273","Why Downtown LA Gold Buyers Matter | What to Expect When You Sell Gold Downtown | Gold Jewelry, Diamonds, Watches, and More | Why Local Beats Online Every Time | How to Get the Best Deal | What About Estate and Inherited Jewelry? | Neighborhoods and Areas Near Downtown LA | The Cash 4 Gold & Diamonds Difference | Frequently Asked Questions | How much of the gold’s value will I actually receive? | Can I get an appraisal without selling? | What should I bring when I visit? | Is it safe to carry gold and jewelry downtown? | You might also like","WordPress author ID 2","2026-07-21T13:22:13","2026-09-09T13:08:47","[60]","[]","https://images.pexels.com/photos/28738232/pexels-photo-28738232.jpeg?auto=compress&cs=tinysrgb&h=650&w=940 | https://images.pexels.com/photos/35291208/pexels-photo-35291208.jpeg?auto=compress&cs=tinysrgb&h=650&w=940","Best Gold Buyer Downtown Los Angeles | Cash 4 Gold & Diamonds - Cash 4 Gold and Diamond","Sell gold jewelry, diamonds & watches in Downtown LA. Expert appraisals, competitive offers, same-day cash. Visit Cash 4 Gold & Diamonds today.","https://cash4goldanddiamond.com/gold-buyer-downtown-los-angeles/","follow, index, max-snippet:-1, max-video-preview:-1, max-image-preview:large","migration/pre-deployment/live-source/html/5d682a9fc8348505e38cd235b8491e01ce0436f90182b0ff71fe559fe455715a.html","https://cash4goldanddiamond.com/gold-buyer-downtown-los-angeles/","page-f9fbeff88ab0d87dc7b446dc","Preserve route; proposed editorial revision retained separately","Rewrite preparation authorized; human factual/media approval not recorded","BLOCKED — route present; source/metadata/disposition approval incomplete","wordpress-reconciliation.json; migration-comparison.json; substantive-review.json; verification.json"
"3776","post","publish","https://cash4goldanddiamond.com/best-black-hills-gold-rings-2026-2/","2026-07-20T13:23:40","Best Black Hills Gold Rings 2026: Top Brands Ranked & Compared","migration/pre-deployment/wordpress-api/posts.json#id=3776","9e6f9a7bb7b80ad7c7846f7661d48b73745cf31c63c7ff77b44f170becc2ee43","The Top Black Hills Gold Ring Brands Compared | 1. Cash 4 Gold & Diamonds: Our Pick for Fair Value & Expert Guidance | 2. Eastman Black Hills Gold: The Authentic Brand | 3. Landstrom’s: Strong Wedding Band Selection | 4. Black Hills Gold Direct: Budget-Friendly Option | 5. Amazon Jewelry Sellers: Convenient but Risky | 6. Local Jewelry Shops: Mixed Results | What Makes Black Hills Gold Special: The Craftsmanship You’re Paying For | How to Avoid Counterfeits and Poor-Quality Imitations | Black Hills Gold Rings: Investment or Sentimental Piece? | The Bottom Line: Why Cash 4 Gold & Diamonds Is Your Best Resource | FAQs About Black Hills Gold Rings | What exactly is Black Hills Gold? | Is Black Hills Gold a good investment? | How do I know if my Black Hills Gold ring is authentic? | Where should I sell a Black Hills Gold ring for the best price? | You might also like","WordPress author ID 2","2026-07-20T13:23:40","2026-07-20T13:23:40","[60]","[]","https://images.pexels.com/photos/30649703/pexels-photo-30649703.jpeg?auto=compress&cs=tinysrgb&h=650&w=940 | https://images.pexels.com/photos/18607884/pexels-photo-18607884.jpeg?auto=compress&cs=tinysrgb&h=650&w=940","Best Black Hills Gold Rings 2026: Top Brands Ranked & Compared - Cash 4 Gold and Diamond","Compare top Black Hills Gold ring brands in 2026. See which offers the best quality, value, and craftsmanship. Expert rankings and honest reviews inside.","https://cash4goldanddiamond.com/best-black-hills-gold-rings-2026-2/","follow, index, max-snippet:-1, max-video-preview:-1, max-image-preview:large","migration/pre-deployment/live-source/html/d0e2f51e74bb15b9dea0f5d90c8297adaadd945494acc63335fe7ddf415415ed.html","https://cash4goldanddiamond.com/best-black-hills-gold-rings-2026-2/","page-c7ad04408bc56f8891aef6c4","Preserve route; proposed editorial revision retained separately","Rewrite preparation authorized; human factual/media approval not recorded","BLOCKED — route present; source/metadata/disposition approval incomplete","wordpress-reconciliation.json; migration-comparison.json; substantive-review.json; verification.json"
"3775","post","publish","https://cash4goldanddiamond.com/best-black-hills-gold-rings-2026/","2026-09-03T13:53:35","Best Black Hills Gold Rings 2026: Top Brands Ranked & Compared","migration/pre-deployment/wordpress-api/posts.json#id=3775","6133984d8f295fe1ab070731919dd333d4f43e4dd9be79aec726ef3abdac0456","The Top Black Hills Gold Ring Brands Compared | 1. Cash 4 Gold & Diamonds: Our Pick for Fair Value & Expert Guidance | 2. Eastman Black Hills Gold: The Authentic Brand | 3. Landstrom’s: Strong Wedding Band Selection | 4. Black Hills Gold Direct: Budget-Friendly Option | 5. Amazon Jewelry Sellers: Convenient but Risky | 6. Local Jewelry Shops: Mixed Results | What Makes Black Hills Gold Special: The Craftsmanship You’re Paying For | How to Avoid Counterfeits and Poor-Quality Imitations | Black Hills Gold Rings: Investment or Sentimental Piece? | The Bottom Line: Why Cash 4 Gold & Diamonds Is Your Best Resource | FAQs About Black Hills Gold Rings | What exactly is Black Hills Gold? | Is Black Hills Gold a good investment? | How do I know if my Black Hills Gold ring is authentic? | Where should I sell a Black Hills Gold ring for the best price? | You might also like","WordPress author ID 2","2026-07-20T13:23:40","2026-09-03T13:53:35","[60]","[]","https://images.pexels.com/photos/30649703/pexels-photo-30649703.jpeg?auto=compress&cs=tinysrgb&h=650&w=940 | https://images.pexels.com/photos/18607884/pexels-photo-18607884.jpeg?auto=compress&cs=tinysrgb&h=650&w=940","Best Black Hills Gold Rings 2026: Top Brands Ranked & Compared - Cash 4 Gold and Diamond","Compare top Black Hills Gold ring brands in 2026. See which offers the best quality, value, and craftsmanship. Expert rankings and honest reviews inside.","https://cash4goldanddiamond.com/best-black-hills-gold-rings-2026/","follow, index, max-snippet:-1, max-video-preview:-1, max-image-preview:large","migration/pre-deployment/live-source/html/4020bfe56d8bfa0c420f7a1dc776cc6062d4f1b0a15c536bdd22687ad94482b4.html","https://cash4goldanddiamond.com/best-black-hills-gold-rings-2026/","page-e34df9c182463cd189bd57fc","Preserve route; proposed editorial revision retained separately","Rewrite preparation authorized; human factual/media approval not recorded","BLOCKED — route present; source/metadata/disposition approval incomplete","wordpress-reconciliation.json; migration-comparison.json; substantive-review.json; verification.json"
"3762","post","publish","https://cash4goldanddiamond.com/best-1-carat-diamond-buyers-2026/","2026-08-14T13:56:28","Best 1 Carat Diamond Buyers 2026: Top 5 Ranked","migration/pre-deployment/wordpress-api/posts.json#id=3762","4ac2a16c2c03710950049c2bbd4bbb4354dfc2e22935b52bd0d9884468d2fe05","Comparison Table: Top 1 Carat Diamond Buyers & Sellers | #1 Winner: Cash 4 Gold & Diamonds | #2: James Allen | #3: Blue Nile | #4: Worthy | #5: Zales | Understanding 1 Carat Diamond Pricing | Should You Buy or Sell a 1 Carat Diamond? | Why Local Matters for 1 Carat Diamonds | How to Get the Best Price on a 1 Carat Diamond | Related Reading on Diamond and Gold Sales | FAQs: 1 Carat Diamonds | What’s the average price of a 1 carat diamond in 2026? | Should I buy a 1 carat diamond online or in person? | Is a 1 carat diamond a good investment? | Where can I sell my 1 carat diamond in Los Angeles? | You might also like","WordPress author ID 2","2026-07-14T13:19:13","2026-08-14T13:56:28","[60]","[]","https://images.pexels.com/photos/7568017/pexels-photo-7568017.jpeg?auto=compress&cs=tinysrgb&h=650&w=940 | https://images.pexels.com/photos/17482173/pexels-photo-17482173.jpeg?auto=compress&cs=tinysrgb&h=650&w=940","Best 1 Carat Diamond Buyers 2026: Top 5 Ranked - Cash 4 Gold and Diamond","Compare the top 1 carat diamond buyers in 2026. See pricing, ratings, and expert rankings to find the best place to sell or buy.","https://cash4goldanddiamond.com/best-1-carat-diamond-buyers-2026/","follow, index, max-snippet:-1, max-video-preview:-1, max-image-preview:large","migration/pre-deployment/live-source/html/74bf7cab97664640f2979e76706064f38dde484f48fcb49f212f948f63e27869.html","https://cash4goldanddiamond.com/best-1-carat-diamond-buyers-2026/","page-97744b2226c6e208146c8349","Preserve route; proposed editorial revision retained separately","Rewrite preparation authorized; human factual/media approval not recorded","BLOCKED — route present; source/metadata/disposition approval incomplete","wordpress-reconciliation.json; migration-comparison.json; substantive-review.json; verification.json"
"3760","post","publish","https://cash4goldanddiamond.com/best-10k-gold-rings-2026-top-5-ranked/","2026-09-03T13:53:29","Best 10K Gold Rings 2026: Top 5 Ranked & Compared","migration/pre-deployment/wordpress-api/posts.json#id=3760","5221292218af38d875d0752440ffa93f0da34c65a042c3482c53483fe0b1d914","Why 10K Gold Rings Stand Out | The Top 5 10K Gold Rings: Ranked | #1 Our Pick: Cash 4 Gold & Diamonds Certified 10K Gold Rings | #2: Classic 10K Gold Band Ring | #3: 10K Gold Stone Ring (Cubic Zirconia) | #4: 10K Gold Flow Ring Design | #5: 10K Gold Vintage Estate Ring | What to Know About 10K Gold Before You Buy | 10K Gold Ring Pricing & Resale Value | Local Buying vs. Online: Why It Matters for 10K Gold Rings | How to Care for Your 10K Gold Ring | Final Thoughts: Finding Your 10K Gold Ring | What does “10K gold” actually mean? | How much is a 10K gold ring worth? | Is 10K gold good for engagement rings? | Can I sell my 10K gold ring? | You might also like","WordPress author ID 2","2026-07-13T13:08:41","2026-09-03T13:53:29","[60]","[]","https://images.pexels.com/photos/30268256/pexels-photo-30268256.jpeg?auto=compress&cs=tinysrgb&h=650&w=940 | https://images.pexels.com/photos/12194367/pexels-photo-12194367.jpeg?auto=compress&cs=tinysrgb&h=650&w=940","Best 10K Gold Rings 2026: Top 5 Ranked & Compared","Compare the best 10K gold rings in 2026. We rank top options by quality, durability, and value. Find your perfect everyday gold ring here.","https://cash4goldanddiamond.com/best-10k-gold-rings-2026-top-5-ranked/","follow, index, max-snippet:-1, max-video-preview:-1, max-image-preview:large","migration/pre-deployment/live-source/html/d7d58b1b30c001550c38327902075689c851f3a6acad8c6c0220f309d64e90fc.html","https://cash4goldanddiamond.com/best-10k-gold-rings-2026-top-5-ranked/","page-aa2c32d55a9b28d2b83345f8","Preserve route; proposed editorial revision retained separately","Rewrite preparation authorized; human factual/media approval not recorded","BLOCKED — route present; source/metadata/disposition approval incomplete","wordpress-reconciliation.json; migration-comparison.json; substantive-review.json; verification.json"
"3758","post","publish","https://cash4goldanddiamond.com/sell-gold-in-los-angeles/","2026-09-01T23:43:57","Best Place to Sell Gold in Los Angeles: Get Cash Today","migration/pre-deployment/wordpress-api/posts.json#id=3758","19715e2266900a6f7e58a563c5a8d02252a518097d65c07c4fdb658aae6a10cd","Sell Gold in Los Angeles: How to Get the Best Value | What Determines How Much Your Gold Is Worth? | How Gold Purity Affects Value | How Is the Current Gold Price Used? | How Much Can You Receive When You Sell Gold? | The Highest Gold Quote Isn’t Always the Best Offer | Compare Final Offer With Final Offer | What Types of Gold Can You Sell in Los Angeles? | Gold Jewelry | Can You Sell Broken Gold? | Selling 10K Gold in Los Angeles | Selling 14K Gold | Selling 18K and Higher-Karat Gold | Selling Gold Coins and Bullion | Selling Gold Jewelry With Diamonds | Designer Gold Jewelry Can Be Different | Selling Cartier Jewelry | Selling Tiffany Jewelry | Selling Inherited Gold Jewelry | Selling Estate Jewelry | What About Gold Luxury Watches? | Where Should You Sell Gold in Los Angeles? | Specialized Gold and Jewelry Buyers | Pawn Shops | Jewelry Stores | Coin Dealers | Online Gold Buyers | Local Gold Buyer vs. Online Gold Buyer | Advantages of Selling Gold Locally | Online Selling | What Happens During an In-Person Gold Evaluation? | Step 1: Identify the Items | Step 2: Examine Gold Purity | Step 3: Determine Weight | Step 4: Evaluate Additional Value | Step 5: Make an Item-Specific Offer | What Should You Bring When Selling Gold? | Do You Need a Receipt to Sell Gold? | Should You Clean Gold Before Selling? | How to Compare Gold Buyers in Los Angeles | Red Flags When Selling Gold | Why Sell Gold in Downtown Los Angeles? | Why Choose Cash 4 Gold & Diamonds? | Frequently Asked Questions About Selling Gold in Los Angeles | Where is the best place to sell gold in Los Angeles? | How much will I receive when I sell gold? | Is the highest gold quote always the best offer? | Can I sell broken gold? | Is broken gold worth exactly the same as intact jewelry? | Can I sell gold without the original receipt? | Should I sell inherited gold by weight? | Can I sell gold jewelry containing diamonds? | Should I compare more than one gold buyer? | Can I get an estimate over the phone? | Sell Gold in Los Angeles With Confidence","WordPress author ID 2","2026-07-12T13:04:02","2026-09-01T23:43:57","[60]","[]","https://cash4goldanddiamond.com/wp-content/uploads/2026/07/sell-gold-los-angeles-professional-evaluation.webp-300x169.png | https://cash4goldanddiamond.com/wp-content/uploads/2026/07/compare-gold-quotes-final-offers-los-angeles.webp-1-300x169.png | https://cash4goldanddiamond.com/wp-content/uploads/2026/07/downtown-los-angeles-gold-jewelry-buyer.webp-1-300x169.png","Sell Gold in Los Angeles | Trusted Gold Buyer","Sell gold in Los Angeles with a trusted Downtown LA gold buyer. Get a professional evaluation, transparent final offer, and competitive value.","https://cash4goldanddiamond.com/sell-gold-in-los-angeles/","follow, index, max-snippet:-1, max-video-preview:-1, max-image-preview:large","migration/pre-deployment/live-source/html/3086f0cdbec64e0fe71b49961cf6047d055837a2c8b8a4482d03859d746b8b0d.html","https://cash4goldanddiamond.com/sell-gold-in-los-angeles/","page-16144615d9e0701245d2b4d9","Preserve route; proposed editorial revision retained separately","Rewrite preparation authorized; human factual/media approval not recorded","BLOCKED — route present; source/metadata/disposition approval incomplete","wordpress-reconciliation.json; migration-comparison.json; substantive-review.json; verification.json"
"3756","post","publish","https://cash4goldanddiamond.com/best-estate-jewelry-buyers-los-angeles-2026/","2026-09-08T13:50:56","Best Estate Jewelry Buyers Los Angeles 2026: Top 5 Ranked","migration/pre-deployment/wordpress-api/posts.json#id=3756","5b19ded4cd9870a6b774a97f78b1fc68309a1ce4c0941f505f7f1eaed4c9e1ce","Why Finding the Right Estate Jewelry Buyer Matters | Comparison Table: Top Estate Jewelry Buyers in Los Angeles | 1. Cash 4 Gold & Diamonds – Best Overall Estate Jewelry Buyer | 2. Beverly Hills Jewelry Buyers – Strong for Watches & Diamonds | 3. Claude Morady Estate Jewelry – Specialty in Antique Pieces | 4. Estate Jewelers – Liquidation Specialists | 5. Online Platforms (eBay, Etsy) – Convenience with Trade-offs | How to Know What Your Estate Jewelry Is Worth | What to Look For in an Estate Jewelry Buyer | Estate Jewelry Selling Tips from LA Experts | Local Buyers vs. Online Buyers: The Trade-off | Why Cash 4 Gold & Diamonds Is the Clear Choice for Los Angeles | Frequently Asked Questions | How much is my inherited jewelry worth? | Can I sell estate jewelry without an appraisal certificate? | Do estate jewelry buyers accept pieces that are damaged or broken? | How fast can I get paid for my estate jewelry? | You might also like","WordPress author ID 2","2026-07-11T13:07:28","2026-09-08T13:50:56","[60]","[]","https://images.pexels.com/photos/26733622/pexels-photo-26733622.jpeg?auto=compress&cs=tinysrgb&h=650&w=940 | https://images.pexels.com/photos/5865376/pexels-photo-5865376.jpeg?auto=compress&cs=tinysrgb&h=650&w=940","Best Estate Jewelry Buyers Los Angeles 2026: Top 5 Ranked - Cash 4 Gold and Diamond","Compare the top 5 estate jewelry buyers in Los Angeles. Find expert appraisals, fair pricing, and same-day cash. Cash 4 Gold & Diamonds ranked #1.","https://cash4goldanddiamond.com/best-estate-jewelry-buyers-los-angeles-2026/","follow, index, max-snippet:-1, max-video-preview:-1, max-image-preview:large","migration/pre-deployment/live-source/html/ce8ca9145ddc46ecf3aa59a3edae4efd6baeeaddf5f26b5a5597393a069b2852.html","https://cash4goldanddiamond.com/best-estate-jewelry-buyers-los-angeles-2026/","page-7d134876204dafad9fae2eb3","Preserve route; proposed editorial revision retained separately","Rewrite preparation authorized; human factual/media approval not recorded","BLOCKED — route present; source/metadata/disposition approval incomplete","wordpress-reconciliation.json; migration-comparison.json; substantive-review.json; verification.json"
"3754","post","publish","https://cash4goldanddiamond.com/sell-cartier-jewelry-los-angeles/","2026-08-23T13:41:01","Sell Cartier Jewelry Los Angeles: Get Fair Cash Today","migration/pre-deployment/wordpress-api/posts.json#id=3754","7bb947b86a78e4b0ac77270977889c0f86eaffaf433febefd2682478f232a817","Why Sell Your Cartier Jewelry Now? | What Cartier Items Can You Sell? | The Step-by-Step Process for Selling Cartier in LA | How LA Buyers Value Your Cartier Piece | Where to Sell Cartier in Los Angeles | Local vs. Online: Why Selling in Person Matters | Tips to Maximize Your Cartier Sale Price | What About Estate or Inherited Cartier Jewelry? | How to Compare Offers Smartly | Get Your Fair Cartier Cash Today | How much is my Cartier watch worth? | Do I need the original box and papers to sell my Cartier piece? | Can I sell a broken or damaged Cartier watch? | How long does it take to get paid after I sell? | You might also like","WordPress author ID 2","2026-07-10T13:02:57","2026-08-23T13:41:01","[60]","[]","https://images.pexels.com/photos/16062208/pexels-photo-16062208.jpeg?auto=compress&cs=tinysrgb&h=650&w=940 | https://images.pexels.com/photos/2799863/pexels-photo-2799863.jpeg?auto=compress&cs=tinysrgb&h=650&w=940","Sell Cartier Jewelry Los Angeles: Get Fair Cash Today - Cash 4 Gold and Diamond","Sell your Cartier jewelry in Los Angeles for cash today. Free appraisals, expert evaluations, same-day payment. Visit Cash 4 Gold & Diamonds downtown LA.","https://cash4goldanddiamond.com/sell-cartier-jewelry-los-angeles/","follow, index, max-snippet:-1, max-video-preview:-1, max-image-preview:large","migration/pre-deployment/live-source/html/9d5fdb22befd81d19c154f6f516922a621240cd846e63b98b403fe764527f1fe.html","https://cash4goldanddiamond.com/sell-cartier-jewelry-los-angeles/","page-81e870e3ab8aabb24e68b1e8","Preserve route; proposed editorial revision retained separately","Rewrite preparation authorized; human factual/media approval not recorded","BLOCKED — route present; source/metadata/disposition approval incomplete","wordpress-reconciliation.json; migration-comparison.json; substantive-review.json; verification.json"
"3752","post","publish","https://cash4goldanddiamond.com/best-promise-rings-gold-2026/","2026-09-03T13:53:28","Best Promise Rings Gold 2026: Top 5 Ranked","migration/pre-deployment/wordpress-api/posts.json#id=3752","6e2f859c24e5163927fd43cf07c029b82c57e8d2e9a11ddd000f5995978b1c85","Comparison Table: Promise Rings Gold Ranked | #1: Cash 4 Gold & Diamonds Certified Gold Promise Rings | #2: Stackable Gold Vermeil Promise Ring | #3: Minimalist Solitaire Yellow Gold | #4: Pavé Diamond Gold Ring | #5: Vintage-Inspired Gold Promise Ring | Why Gold Promise Rings Matter Beyond Fashion | How to Choose: Key Questions | The Bottom Line: Gold Promise Rings That Hold Value | What karat gold is best for a promise ring? | Will a gold promise ring hold its value? | Can I sell my gold promise ring later? | What’s the difference between gold vermeil and solid gold? | You might also like","WordPress author ID 2","2026-07-09T13:20:50","2026-09-03T13:53:28","[60]","[]","https://images.pexels.com/photos/37478923/pexels-photo-37478923.jpeg?auto=compress&cs=tinysrgb&h=650&w=940 | https://images.pexels.com/photos/30232952/pexels-photo-30232952.jpeg?auto=compress&cs=tinysrgb&h=650&w=940","Best Promise Rings Gold 2026: Top 5 Ranked - Cash 4 Gold and Diamond","Compare top promise rings gold options. See which designs rank best for commitment, style, and value. Expert rankings and honest reviews inside.","https://cash4goldanddiamond.com/best-promise-rings-gold-2026/","follow, index, max-snippet:-1, max-video-preview:-1, max-image-preview:large","migration/pre-deployment/live-source/html/0007c5262f62335d67d6b4df46c2e3399da5cdc810c6c2752469ce60c287ed85.html","https://cash4goldanddiamond.com/best-promise-rings-gold-2026/","page-6b70c28654c5e758f3e58ba6","Preserve route; proposed editorial revision retained separately","Rewrite preparation authorized; human factual/media approval not recorded","BLOCKED — route present; source/metadata/disposition approval incomplete","wordpress-reconciliation.json; migration-comparison.json; substantive-review.json; verification.json"
"3750","post","publish","https://cash4goldanddiamond.com/diamond-what-it-is-how-to-value-where-to-sell/","2026-08-23T13:39:31","Diamond: What It Is, How to Value It & Where to Sell","migration/pre-deployment/wordpress-api/posts.json#id=3750","deab7ea47b6d1911583d1f6c2c5cd99ee994a1cf075260b433f248a55a15d694","What Exactly Is a Diamond? | Understanding Diamond Value: The Four Cs | Diamond Price vs. Gold Value: Which Is Better? | How Diamonds Are Valued in the Market | Where to Sell Your Diamonds: Local vs. Online | Steps to Selling Your Diamond | Reasons You Might Want to Sell Your Diamonds | Common Mistakes to Avoid When Selling Diamonds | Related Valuables: Selling Diamonds Alongside Gold and Watches | What is a diamond made of? | How can I tell if a diamond is real? | How much is my diamond worth? | Should I sell my diamond or keep it? | You might also like","WordPress author ID 2","2026-07-08T13:25:19","2026-08-23T13:39:31","[60]","[]","https://images.pexels.com/photos/31728371/pexels-photo-31728371.jpeg?auto=compress&cs=tinysrgb&h=650&w=940 | https://images.pexels.com/photos/20141640/pexels-photo-20141640.jpeg?auto=compress&cs=tinysrgb&h=650&w=940","Diamond: What It Is, How to Value It & Where to Sell - Cash 4 Gold and Diamond","Learn what a diamond is, how diamonds are valued, and the best places to sell diamonds for cash in Los Angeles with expert appraisals.","https://cash4goldanddiamond.com/diamond-what-it-is-how-to-value-where-to-sell/","follow, index, max-snippet:-1, max-video-preview:-1, max-image-preview:large","migration/pre-deployment/live-source/html/283c3748670968f4958ee3311e8a391780c9a8b1c9a2f5ce44fdfb4eb8ef53c3.html","https://cash4goldanddiamond.com/diamond-what-it-is-how-to-value-where-to-sell/","page-c03b89238adca01901125e88","Preserve route; proposed editorial revision retained separately","Rewrite preparation authorized; human factual/media approval not recorded","BLOCKED — route present; source/metadata/disposition approval incomplete","wordpress-reconciliation.json; migration-comparison.json; substantive-review.json; verification.json"
"3748","post","publish","https://cash4goldanddiamond.com/where-to-sell-rolex-watch-los-angeles/","2026-08-21T13:45:21","Best Places to Sell a Rolex Watch in Los Angeles","migration/pre-deployment/wordpress-api/posts.json#id=3748","0a449cd01c24158b607d84094998a2a4ea79915afb9afcced83cc6ce4d7991a9","Official Rolex Boutiques and Authorized Dealers in Los Angeles | Top-Rated Independent Watch Buyers Near You | Specialty Gold and Diamond Buyers with Watch Services | What to Expect: The Selling Process | Popular Rolex Models and Current Market Demand | Watch-Specific Retailers vs. General Jewelry Buyers | Orange County Options: Happy Jewelers in Fullerton | Red Flags: What to Avoid | Getting the Best Price: Final Steps | Why Local Matters When Selling Your Rolex | How much will my Rolex sell for? | Do I need the original box and papers to sell my Rolex? | Can I sell a Rolex without a warranty card? | Is it better to sell to a watch specialist or a jewelry store? | You might also like","WordPress author ID 2","2026-07-07T13:07:15","2026-08-21T13:45:21","[60]","[]","https://images.pexels.com/photos/37322602/pexels-photo-37322602.jpeg?auto=compress&cs=tinysrgb&h=650&w=940 | https://images.pexels.com/photos/364822/rolex-watch-time-luxury-364822.jpeg?auto=compress&cs=tinysrgb&h=650&w=940","Best Places to Sell a Rolex Watch in Los Angeles - Cash 4 Gold and Diamond","Selling a Rolex in Los Angeles? Learn where to get fair offers, expert appraisals & same-day payment. Find trusted local buyers near you.","https://cash4goldanddiamond.com/where-to-sell-rolex-watch-los-angeles/","follow, index, max-snippet:-1, max-video-preview:-1, max-image-preview:large","migration/pre-deployment/live-source/html/0152796ce9709dbd067671175bbb23597c188b737efe7d8e74b4350e1e5eb4d2.html","https://cash4goldanddiamond.com/where-to-sell-rolex-watch-los-angeles/","page-aa03734ce60cc0f75e86c9e9","Preserve route; proposed editorial revision retained separately","Rewrite preparation authorized; human factual/media approval not recorded","BLOCKED — route present; source/metadata/disposition approval incomplete","wordpress-reconciliation.json; migration-comparison.json; substantive-review.json; verification.json"
"3746","post","publish","https://cash4goldanddiamond.com/best-gold-coin-buyers-los-angeles-2026/","2026-09-08T13:50:54","Best Gold Coin Buyers Los Angeles 2026: Top 6 Ranked","migration/pre-deployment/wordpress-api/posts.json#id=3746","fb509d93c8b4cbc1ce56d0718e1e173b160f207c78d64a69b1fa6d39eec3f554","Gold Coin Buyer Comparison Table | #1 Cash 4 Gold & Diamonds: Best Overall Gold Coin Buyer | #2 Beverly Hills Jewelry Buyers: Best for Mixed Collections | #3 Magnolia Coin Company: Best for Coin Specialists | #4 Sunset Gold Exchange: Best for Quick Local Sales | #5 Coin Connection: Best for Bullion and Modern Coins | #6 Southern California Coins & Stamps: Best for Estate Liquidation | Key Factors to Consider When Choosing a Gold Coin Buyer | Why Cash 4 Gold & Diamonds Stands Out | FAQs About Selling Gold Coins in Los Angeles | How do I know what my gold coins are worth? | Should I sell to a specialist coin dealer or a general buyer? | Can I sell gold coins online instead of in person? | What should I bring when I sell my gold coins? | You might also like","WordPress author ID 2","2026-07-06T13:18:48","2026-09-08T13:50:54","[60]","[]","https://images.pexels.com/photos/8442324/pexels-photo-8442324.jpeg?auto=compress&cs=tinysrgb&h=650&w=940 | https://images.pexels.com/photos/8442429/pexels-photo-8442429.jpeg?auto=compress&cs=tinysrgb&h=650&w=940","Best Gold Coin Buyers Los Angeles 2026: Top 6 Ranked - Cash 4 Gold and Diamond","Compare top gold coin buyers in Los Angeles. See ratings, pros, cons, and expert rankings to sell your coins for fair market value today.","https://cash4goldanddiamond.com/best-gold-coin-buyers-los-angeles-2026/","follow, index, max-snippet:-1, max-video-preview:-1, max-image-preview:large","migration/pre-deployment/live-source/html/c0ccfdf27333925c3ac531998ac4a6488e6800a430b2222df3986f7b9badffa6.html","https://cash4goldanddiamond.com/best-gold-coin-buyers-los-angeles-2026/","page-55effb2a23ec6da7c3c217dd","Preserve route; proposed editorial revision retained separately","Rewrite preparation authorized; human factual/media approval not recorded","BLOCKED — route present; source/metadata/disposition approval incomplete","wordpress-reconciliation.json; migration-comparison.json; substantive-review.json; verification.json"
"3744","post","publish","https://cash4goldanddiamond.com/jewelry-district-gold-buyer-los-angeles/","2026-09-07T13:24:17","Best Jewelry District Gold Buyer in Los Angeles, CA","migration/pre-deployment/wordpress-api/posts.json#id=3744","edf4a4b784e17f3bb691e8604d25a3f7716111ed1b3abb445ee328653c05f317","Why the Jewelry District Matters for Selling Gold | What a Quality Gold Buyer Should Offer | Types of Items Gold Buyers in the Jewelry District Accept | How to Get the Best Offer from a Gold Buyer | Gold Prices and Market Context in 2026 | Why Local Gold Buyers Beat Online and Pawn Shops | What to Expect During Your Visit | Red Flags to Avoid | What do gold buyers pay based on purity? | Can I sell inherited or damaged jewelry? | How quickly will I get paid? | Is it safe to carry cash home after selling? | You might also like","WordPress author ID 2","2026-07-05T13:04:33","2026-09-07T13:24:17","[60]","[]","https://images.pexels.com/photos/29528804/pexels-photo-29528804.jpeg?auto=compress&cs=tinysrgb&h=650&w=940 | https://images.pexels.com/photos/27855449/pexels-photo-27855449.jpeg?auto=compress&cs=tinysrgb&h=650&w=940","Best Jewelry District Gold Buyer in Los Angeles, CA - Cash 4 Gold and Diamond","Find the best gold buyer in LA's Jewelry District. Same-day cash for gold, diamonds, watches & estate jewelry. Fair offers, expert appraisals. Visit today.","https://cash4goldanddiamond.com/jewelry-district-gold-buyer-los-angeles/","follow, index, max-snippet:-1, max-video-preview:-1, max-image-preview:large","migration/pre-deployment/live-source/html/bb97c185e014a0f25a105d99ac0953357db73f8e51fe35a52f706cbc9a82da24.html","https://cash4goldanddiamond.com/jewelry-district-gold-buyer-los-angeles/","page-73678185da8cb9bf2f5651d9","Preserve route; proposed editorial revision retained separately","Rewrite preparation authorized; human factual/media approval not recorded","BLOCKED — route present; source/metadata/disposition approval incomplete","wordpress-reconciliation.json; migration-comparison.json; substantive-review.json; verification.json"
"3732","post","publish","https://cash4goldanddiamond.com/best-14k-gold-diamond-rings-2026/","2026-09-03T13:53:26","Best 14K Gold Diamond Rings 2026: Top 5 Ranked","migration/pre-deployment/wordpress-api/posts.json#id=3732","43192e12b3c355cb9a143e02d70431dc546458fe6a923a33ac0cbabec56a1e5e","Why 14K Gold Is the Sweet Spot for Diamond Rings | The 4Cs: What Actually Matters in Your Diamond | Top 5 14K Gold Diamond Rings Compared | #1: Cash 4 Gold & Diamonds Expert Selection (Our Pick) | #2: Classic Solitaire in 14K Yellow Gold | #3: White Gold Solitaire (14K) | #4: Rose Gold with Halo Setting (14K) | #5: Three-Stone Eternity Band (14K Gold) | What to Look for When Buying 14K Gold Diamond Rings | Where to Buy and Sell 14K Gold Diamond Rings | The Bottom Line | FAQ | What’s the difference between 14K and 18K gold for diamond rings? | How much does a 1-carat 14K gold diamond ring cost? | Can I sell my 14K gold diamond ring later if my circumstances change? | Is 14K gold the right choice for an everyday engagement ring? | You might also like","WordPress author ID 2","2026-06-29T13:00:55","2026-09-03T13:53:26","[60]","[]","https://images.pexels.com/photos/29502371/pexels-photo-29502371.jpeg?auto=compress&cs=tinysrgb&h=650&w=940","Best 14K Gold Diamond Rings 2026: Top 5 Ranked - Cash 4 Gold and Diamond","Compare the top 14K gold diamond rings. Cash 4 Gold & Diamonds leads with expert guidance on durability, styles, and fair pricing for everyday wear.","https://cash4goldanddiamond.com/best-14k-gold-diamond-rings-2026/","follow, index, max-snippet:-1, max-video-preview:-1, max-image-preview:large","migration/pre-deployment/live-source/html/9fce3736f752a0fddbb98347cf80f5d481d9f4343c822c3d65a93e26119944a1.html","https://cash4goldanddiamond.com/best-14k-gold-diamond-rings-2026/","page-3ac9af267dba9cd0bc3603c8","Preserve route; proposed editorial revision retained separately","Rewrite preparation authorized; human factual/media approval not recorded","BLOCKED — route present; source/metadata/disposition approval incomplete","wordpress-reconciliation.json; migration-comparison.json; substantive-review.json; verification.json"
"3730","post","publish","https://cash4goldanddiamond.com/diamond-price-guide-2026/","2026-09-06T13:06:11","Diamond Price Guide 2026: What You’re Really Paying For","migration/pre-deployment/wordpress-api/posts.json#id=3730","92f571fc623cd894062b26638ae6c5a24853c99be8298396611329244864ecbe","What Actually Drives Diamond Price? | Natural Diamonds vs. Lab-Grown: The Price Reality | Real Diamond Price Examples in 2026 | Why You Should Get Your Diamond Appraised | Factors That Decrease Diamond Value | How to Get the Best Price When Selling | When Should You Sell Your Diamond? | Diamond Price FAQs | What’s the difference between a 1-carat natural diamond and a lab-grown diamond? | How do I know if my diamond is certified? | Will my diamond’s price go up or down? | How long does it take to sell a diamond? | You might also like","WordPress author ID 2","2026-06-28T13:14:13","2026-09-06T13:06:11","[60]","[]","https://images.pexels.com/photos/7679796/pexels-photo-7679796.jpeg?auto=compress&cs=tinysrgb&h=650&w=940 | https://images.pexels.com/photos/12955855/pexels-photo-12955855.jpeg?auto=compress&cs=tinysrgb&h=650&w=940","Diamond Price Guide 2026: What You're Really Paying For - Cash 4 Gold and Diamond","Understand diamond pricing in 2026. Learn what drives costs, compare natural vs. lab-grown, and get fair value when selling your diamonds.","https://cash4goldanddiamond.com/diamond-price-guide-2026/","follow, index, max-snippet:-1, max-video-preview:-1, max-image-preview:large","migration/pre-deployment/live-source/html/5fd1b5a8b9b966cfdda084bbf63d0b84f40d4149b2de411e52891116c0618f50.html","https://cash4goldanddiamond.com/diamond-price-guide-2026/","page-e7b41c828a789d552d01b1fd","Preserve route; proposed editorial revision retained separately","Rewrite preparation authorized; human factual/media approval not recorded","BLOCKED — route present; source/metadata/disposition approval incomplete","wordpress-reconciliation.json; migration-comparison.json; substantive-review.json; verification.json"
"3729","post","publish","https://cash4goldanddiamond.com/los-angeles-gold-jewelry-sales-market-data-2026/","2026-08-31T20:09:53","Sell Gold Jewelry in Los Angeles: Fair Prices & Same-Day Cash","migration/pre-deployment/wordpress-api/posts.json#id=3729","38bbfc40404a62da5e3f7e583793f28fcd8a67c3cd86b8890ea515c15570126c","Best Place to Sell Gold Jewelry in Los Angeles: How to Get a Fair Price | Where Is the Best Place to Sell Gold Jewelry in Los Angeles? | Dedicated Gold and Jewelry Buyers | Pawn Shops | Online Gold Buyers | How Much Is Gold Jewelry Worth? | Gold Purity | Weight | Current Gold Price | Spot Price Is Not the Same as the Amount You Will Receive | Be Careful With Extremely High Initial Quotes | Does Designer Gold Jewelry Have More Value Than Its Gold Weight? | What About Gold Jewelry With Diamonds? | Selling Inherited or Estate Gold Jewelry | Do You Need a Receipt to Sell Gold Jewelry in California? | Should You Get an Appraisal Before Selling Gold? | Gold Buyer vs. Jewelry Store: Which Is Better? | How to Compare Gold Buyers in Los Angeles | Why Sell Gold Jewelry in Downtown Los Angeles? | Sell Gold Jewelry to Cash 4 Gold & Diamonds in Los Angeles | Frequently Asked Questions About Selling Gold Jewelry in Los Angeles | What is the best place to sell gold jewelry in Los Angeles? | How is 14K gold jewelry valued? | Is 18K gold worth more than 14K gold? | Can I sell broken gold jewelry? | Can I sell gold without a receipt? | Should I clean my gold before selling it? | Should I accept the highest phone quote? | Does a GIA report tell me how much my diamond is worth? | Can designer jewelry be worth more than melt value? | Get a Real Offer Before You Decide","WordPress author ID 2","2026-06-27T13:18:17","2026-08-31T20:09:53","[60]","[]","https://cash4goldanddiamond.com/wp-content/uploads/2026/06/best-place-sell-gold-jewelry-los-angeles.webp-1.png | https://cash4goldanddiamond.com/wp-content/uploads/2026/06/gold-jewelry-testing-weighing-los-angeles.webp-300x200.png | https://cash4goldanddiamond.com/wp-content/uploads/2026/06/highest-gold-quote-vs-final-offer-los-angeles.webp-300x200.png | https://cash4goldanddiamond.com/wp-content/uploads/2026/06/downtown-los-angeles-gold-jewelry-evaluation.webp-2-300x169.png","Best Place to Sell Gold Jewelry in Los Angeles","Find the best place to sell gold jewelry in Los Angeles. Learn how gold is valued, compare buyers, and get a transparent in-person offer.","https://cash4goldanddiamond.com/los-angeles-gold-jewelry-sales-market-data-2026/","follow, index, max-snippet:-1, max-video-preview:-1, max-image-preview:large","migration/pre-deployment/live-source/html/89678368b327eeb7deb83dd29c7f36801a232c50fec0969f98d3a3c01b56045d.html","https://cash4goldanddiamond.com/los-angeles-gold-jewelry-sales-market-data-2026/","page-b82f6158250f4de985b065fe","Preserve route; proposed editorial revision retained separately","Rewrite preparation authorized; human factual/media approval not recorded","BLOCKED — route present; source/metadata/disposition approval incomplete","wordpress-reconciliation.json; migration-comparison.json; substantive-review.json; verification.json"
"3728","post","publish","https://cash4goldanddiamond.com/best-gold-jewelry-buyers-los-angeles-2026/","2026-09-05T13:21:48","Best Gold & Jewelry Buyers Los Angeles 2026: Top 6 Ranked","migration/pre-deployment/wordpress-api/posts.json#id=3728","6a47a342b25a8ab0dae86f46da9c2122b2a9fe6a7f5299ed8e48f797ca866df7","The Rankings at a Glance | 1. Cash 4 Gold & Diamonds (Our Pick) | 2. Downtown LA Gold Buyers | 3. Local Estate Jewelry Specialists | 4. Independent Diamond Appraisers | 5. Luxury Watch Consignment Shops | 6. Pawn Shops (Downtown LA) | How to Choose the Right Buyer for You | What to Bring When You Visit | Why Transparency Matters | Final Thoughts | How much is my diamond worth? | Can I sell inherited jewelry without a certificate? | Will I get cash the same day? | What’s the difference between scrap gold and jewelry gold? | You might also like","WordPress author ID 2","2026-06-26T13:04:58","2026-09-05T13:21:48","[60]","[]","https://images.unsplash.com/photo-1709295208567-ce817387e977?crop=entropy&cs=tinysrgb&fit=max&fm=jpg&ixid=M3w5MDgxNDV8MHwxfHNlYXJjaHwzfHxFLWNvbW1lcmNlJTIwJTI2JTIwUmV0YWlsJTIwR29sZCUyMGJ1eWVyJTIwTG9zfGVufDB8MHx8fDE3ODE3MjMyMzZ8MA&ixlib=rb-4.1.0&q=80&w=1080 | https://images.pexels.com/photos/35560482/pexels-photo-35560482.jpeg?auto=compress&cs=tinysrgb&h=650&w=940","private Rank Math value unavailable","private Rank Math value unavailable","unavailable from source","unavailable from source","Unavailable in public REST fields","https://cash4goldanddiamond.com/best-gold-jewelry-buyers-los-angeles-2026/","page-7721c8d5e17c7a9286537a52","Preserve route; proposed editorial revision retained separately","Rewrite preparation authorized; human factual/media approval not recorded","BLOCKED — route present; source/metadata/disposition approval incomplete","wordpress-reconciliation.json; migration-comparison.json; substantive-review.json; verification.json"
"3727","post","publish","https://cash4goldanddiamond.com/gold-coins-buyer-near-me-downtown/","2026-09-09T13:08:44","Best Gold Coins Buyer Near Me Downtown LA","migration/pre-deployment/wordpress-api/posts.json#id=3727","91ed59142a8e03b7867eb3e3455ed4d9fa902e4116a9df9901295bf36b382752","Why You Need a Downtown Gold Coins Buyer You Can Trust | What Makes a Gold Coins Buyer Downtown Actually Good? | Gold Coins Buyers Downtown: What They Actually Buy | How to Get the Best Price for Your Gold Coins | Why Downtown Location Matters for Gold Coins | Finding a Gold Coins Buyer You Can Actually Trust Downtown | The Gold Coins Selling Process: What to Expect | Gold Coins: Timing Your Sale | How much should I expect for my gold coins? | Do you buy gold coins in any condition? | How fast can I get paid for gold coins downtown? | Should I clean my gold coins before selling? | You might also like","WordPress author ID 0","2026-06-25T13:00:46","2026-09-09T13:08:44","[60]","[]","https://images.unsplash.com/photo-1669951584605-4deba095a87f?crop=entropy&cs=tinysrgb&fit=max&fm=jpg&ixid=M3w5MDgxNDV8MHwxfHNlYXJjaHwyfHxnb2xkJTIwY29pbnMlMjBidXllciUyMEUtY29tbWVyY2UlMjAlMjYlMjBSZXRhaWx8ZW58MHwwfHx8MTc4MTcyMzE5MXww&ixlib=rb-4.1.0&q=80&w=1080 | https://images.pexels.com/photos/35541612/pexels-photo-35541612.jpeg?auto=compress&cs=tinysrgb&h=650&w=940","Best Gold Coins Buyer Near Me Downtown LA - Cash 4 Gold and Diamond","Find a trusted gold coins buyer downtown LA. Same-day cash payment, expert evaluation, fair offers. Cash 4 Gold & Diamonds since 2007.","https://cash4goldanddiamond.com/gold-coins-buyer-near-me-downtown/","follow, index, max-snippet:-1, max-video-preview:-1, max-image-preview:large","migration/pre-deployment/live-source/html/ac8f4e41736f73ba112a3fd0aef5c2852c525319b51761c1e118bf1f96e11e3d.html","https://cash4goldanddiamond.com/gold-coins-buyer-near-me-downtown/","page-08cf8a63d39f6942d71ac9ec","Preserve route; proposed editorial revision retained separately","Rewrite preparation authorized; human factual/media approval not recorded","BLOCKED — route present; source/metadata/disposition approval incomplete","wordpress-reconciliation.json; migration-comparison.json; substantive-review.json; verification.json"
"3177","post","publish","https://cash4goldanddiamond.com/where-to-sell-your-antique-gold-jewelry-for-the-best-price-expert-guide/","2026-05-08T12:24:31","Where to Sell Your Antique Gold Jewelry for the Best Price: Expert Guide","migration/pre-deployment/wordpress-api/posts.json#id=3177","2f1f961fef63d19605e9c6d4d01119521ba8a647415ec7d7913b62887b89266c","What Is Antique Gold? | How Will I Know How Much My Antique Gold Jewelry Is Worth? | Purity of the Gold: | Weight of the Jewelry: | Design and Craftsmanship: | Market Trends: |  Condition: | Gems/Diamonds: | Where to Sell My Antique Gold for the Best Price | 1. Local Jewelers | 2. Online Sellers | 3. Auction Houses | 4. Gold Buyers | 5. Pawn Shops | How to gauge Antique Gold Purity and Weight at Home | 1. Check for Hallmarks | 2. Use a Kitchen Scale | 3. Perform a Magnet Test | 4. Gold Testing Kits Should Be Used | Scams in Selling Gold | 1. Investigate the Buyer | 2. Offers Which are Not Realistic Should Be Avoided | 3. Demand Clear Transactions | 4. Secure Payment Methods Should Be Used | 5. Consult and Think Twice | Cash4goldanddiamond | Conclusion","WordPress author ID 2","2025-01-17T05:56:11","2026-05-08T12:24:31","[7]","[45,47,48,46]","https://cash4goldanddiamond.com/wp-content/uploads/2025/01/images-9.webp","Where to Sell Your Antique Gold Jewelry for the Best Price","Looking to sell your antique gold jewelry? Discover the best places to get top dollar for your vintage pieces and find trusted buyers with expert tips.","https://cash4goldanddiamond.com/where-to-sell-your-antique-gold-jewelry-for-the-best-price-expert-guide/","follow, index, max-snippet:-1, max-video-preview:-1, max-image-preview:large","migration/pre-deployment/live-source/html/9c3a65509fd7b955f22bae0d49e4769cd55263bf51f257e5124c2ad149c81efc.html","https://cash4goldanddiamond.com/where-to-sell-your-antique-gold-jewelry-for-the-best-price-expert-guide/","page-6e97f2f6c977418fc201b47b","Preserve route; proposed editorial revision retained separately","Rewrite preparation authorized; human factual/media approval not recorded","BLOCKED — route present; source/metadata/disposition approval incomplete","wordpress-reconciliation.json; migration-comparison.json; substantive-review.json; verification.json"
"3172","post","publish","https://cash4goldanddiamond.com/local-gold-buyers-vs-online-gold-buyers-which-one-is-best/","2026-04-19T16:55:44","Local Gold Buyers vs. Online Gold Buyers. Which One Is Best?","migration/pre-deployment/wordpress-api/posts.json#id=3172","3554f66fa6f648680afbc5704875744828d1874724140d50dc661f6506c7d709","Table of Contents: | Selling Gold Online: | Advantages of Selling Gold Online: | Disadvantages of Selling Gold Online | Selling Gold Offline | Advantages of Selling Gold Offline | Disadvantages of Selling Gold Offline | 7 Important Tips Before Selling Your Gold | Is It Safe to Sell Gold Online? | Conclusion | FAQs: | How do I know if an online gold buyer is trustworthy? | Can I expect instant payment from gold-buying shops in my locality?   | If you wish to buy or sell gold online, will shipping me the gold be a safe option?   | Does the current market rate affect the price of gold?   | Will I be able to barter with online gold-purchasing websites?   | Do online gold buyers pay better?  ","WordPress author ID 2","2025-01-14T17:57:54","2026-04-19T16:55:44","[7]","[44,43,42]","https://cash4goldanddiamond.com/wp-content/uploads/2025/01/online-vs-gold-buyers.jpeg","Local Gold Buyers vs. Online Gold Buyers. Which One Is Best?","Compare local gold buyers vs. online gold buyers to find out which option offers the best prices, convenience, and security for selling your gold.","https://cash4goldanddiamond.com/local-gold-buyers-vs-online-gold-buyers-which-one-is-best/","follow, index, max-snippet:-1, max-video-preview:-1, max-image-preview:large","migration/pre-deployment/live-source/html/ce5b63066d43a44f219b258003177fdb7e62b993e93b515367f6391d928dd96b.html","https://cash4goldanddiamond.com/local-gold-buyers-vs-online-gold-buyers-which-one-is-best/","page-17fbab13f20cfa24d40b034e","Preserve route; proposed editorial revision retained separately","Rewrite preparation authorized; human factual/media approval not recorded","BLOCKED — route present; source/metadata/disposition approval incomplete","wordpress-reconciliation.json; migration-comparison.json; substantive-review.json; verification.json"
"3161","post","publish","https://cash4goldanddiamond.com/selling-scrap-gold-your-ultimate-guide-to-maximizing-value/","2026-05-08T12:26:00","Selling Scrap Gold: Your Ultimate Guide to Maximizing Value","migration/pre-deployment/wordpress-api/posts.json#id=3161","31304b9896dd27b6e818a9c2164bd7e7b333834f5c72acd72836cc9ca1622c95","Here’s what we’ll cover in this article: | What Is Scrap Gold? | Selling Scrap Gold (Online) – What To Expect | Where To Sell Your Gold For The Best Price Without Getting Robbed? | What is the current rate that jewelers offer for scrap gold? | How much do Gold Buyers Pay for Scrap Gold on average? | What Is The Current Price of Scrap Gold?: | A Guide to Cashing Your Scrap Gold Today | What Is The Value Of Scrap Gold In The Current Days? | Conclusion:","WordPress author ID 2","2025-01-09T03:42:32","2026-05-08T12:26:00","[7]","[40,41]","https://cash4goldanddiamond.com/wp-content/uploads/2025/01/scrap-gold-300x156.webp","Selling Scrap Gold: Your Ultimate Guide to Maximizing Value","Discover the best strategies for selling scrap gold. Maximize the value of your gold jewelry and coins with expert tips and trusted buyers.","https://cash4goldanddiamond.com/selling-scrap-gold-your-ultimate-guide-to-maximizing-value/","follow, index, max-snippet:-1, max-video-preview:-1, max-image-preview:large","migration/pre-deployment/live-source/html/d4837b7c8f767aded0e9490751b53d5fd0192d76a7d6b4809e91bcc8b3367ecc.html","https://cash4goldanddiamond.com/selling-scrap-gold-your-ultimate-guide-to-maximizing-value/","page-d6e1c24d0dda676b990a3c47","Preserve route; proposed editorial revision retained separately","Rewrite preparation authorized; human factual/media approval not recorded","BLOCKED — route present; source/metadata/disposition approval incomplete","wordpress-reconciliation.json; migration-comparison.json; substantive-review.json; verification.json"
"3151","post","publish","https://cash4goldanddiamond.com/how-much-will-a-14k-gold-necklace-worth-pay-me/","2026-05-08T12:27:03","How much will a 14k gold necklace worth pay me?","migration/pre-deployment/wordpress-api/posts.json#id=3151","34ca8e46dd416ef287d37dbbc3f6b666e396881106f9c684d24e27c51ec5e269","Gold Purity Explanation: 14k Gold | Determining the worth of a 14k gold Necklace | Step 1: Use a Scale to Obtain the Weight of the Necklace: | Step 2: Calculate How Much the Gold is Worth: | Step 3: Verify the Most Recent Cost of Gold | Step 4: Compute Value of Gold | What  Factors Affect the Value of a 14K Gold Necklace? | How Much Should a 14k Gold Necklace Cost Relating to Its Type and Length? | How Much Should a 20-inch 14k Gold Necklace Be Valued At? | How Much Should a 16-inch 14k Gold Necklace Go For? | What Is the Worth of a 14k Gold Herringbone Necklace In the Market? | What is the price of a 14k White Gold Floral Necklace?  | Selling Your 14k Gold Necklace: Possible Outcomes | What is the value of my necklace at a Pawn Shop or Jewelry Store?  | What is the maximum value I can get by pawning a 14K Gold Necklace? | When considering selling a gold piece would it be better at a pawn shop or a jewelry store? | When comparing pawn brokers and jewelers how do prices and offers change when talking about scrap gold? | How Much Would 5 Grams Of 14 k Gold Be Worth? | How Much is a 14k Gold Ring That Weighs 2.3 Grams Worth?   | Conclusion | FAQs | What’s the value of a 14k gold necklace today? | Is there a difference between prices at a pawn shop or the jeweler’s store? | What price can one expect to pay for a normal 20-inch 14k gold chain? | Reflecting on today’s current price, how much would 14 grams of 14k gold be worth?   | Should I do a gold necklace sale now or should I rather hold off any sales?","WordPress author ID 2","2025-01-06T03:03:10","2026-05-08T12:27:03","[7]","[37,39,36,38]","https://cash4goldanddiamond.com/wp-content/uploads/2025/01/download-5.webp | https://cash4goldanddiamond.com/wp-content/uploads/2025/01/gold-price-300x156.webp","How Much Will a 14K Gold Necklace Pay Me in Los Angeles?","Find out how pawn shops value your 14K gold necklace, considering factors like weight, purity, and current market prices to estimate your payout.","https://cash4goldanddiamond.com/how-much-will-a-14k-gold-necklace-worth-pay-me/","follow, index, max-snippet:-1, max-video-preview:-1, max-image-preview:large","migration/pre-deployment/live-source/html/11cd1ce2c4913e64c52026c3bf89f8a74dfce779e9b1775ee93ad48f2c01edf3.html","https://cash4goldanddiamond.com/how-much-will-a-14k-gold-necklace-worth-pay-me/","page-b7a5886bf906e7af2914c047","Preserve route; proposed editorial revision retained separately","Rewrite preparation authorized; human factual/media approval not recorded","BLOCKED — route present; source/metadata/disposition approval incomplete","wordpress-reconciliation.json; migration-comparison.json; substantive-review.json; verification.json"
"3140","post","publish","https://cash4goldanddiamond.com/how-much-do-pawn-shops-pay-for-gold/","2026-08-12T22:59:39","How Much Do Pawn Shops Pay for Gold?","migration/pre-deployment/wordpress-api/posts.json#id=3140","a35687e251e5f1f5bc01df897c30155b6c33f7d63ddb2fa347e82ad8962f7356","Here’s what we’ll cover in this article: | How has the value of gold changed today? | Factors That Affect the Gold Price at Pawnshops | Conditions of the Market | Gold Purity | Current Market Price | Weight | Pawn Shop Policies | How Pawn Shops Determine the Value of Your Gold | Typical Gold Pricing at Pawn Shops | Comparing Pawn Shop Offers to Other Gold Selling Options | Online Buyer | Jewelry Stores | Gold Exchanges | Gold Refiners | Conclusion | FAQs | How much do pawn brokers pay for gold jewelry? | Who pays more gold buyers or gold shops? | What is the rate of 14K gold jewelry at a pawn dealer? | How do I verify the carat weight of my gold? | Can I haggle with pawn shops?","WordPress author ID 2","2025-01-01T18:49:05","2026-08-12T22:59:39","[7]","[29,30]","https://cash4goldanddiamond.com/wp-content/uploads/2025/01/download-4-300x150.webp","How Much Do Pawn Shops Pay for Gold? A Complete Guide","Wondering how much pawn shops pay for gold? Learn the factors that determine gold prices and how to get the best offer at local pawn shops.","https://cash4goldanddiamond.com/how-much-do-pawn-shops-pay-for-gold/","follow, index, max-snippet:-1, max-video-preview:-1, max-image-preview:large","migration/pre-deployment/live-source/html/32859f4cc969948be97ddcce389752a5afbda7f6314ba37a442ee78822083782.html","https://cash4goldanddiamond.com/how-much-do-pawn-shops-pay-for-gold/","page-99549427bbacf6a9eabbdd0a","Preserve route; proposed editorial revision retained separately","Rewrite preparation authorized; human factual/media approval not recorded","BLOCKED — route present; source/metadata/disposition approval incomplete","wordpress-reconciliation.json; migration-comparison.json; substantive-review.json; verification.json"
"3126","post","publish","https://cash4goldanddiamond.com/how-much-is-10kt-gold-worth/","2026-04-19T14:45:13","How Much is 10kt Gold Worth?","migration/pre-deployment/wordpress-api/posts.json#id=3126","8972efbf9e35615bfbfcaa8f40142abc81dbc1907964ca67f4acf9f109a2ee4d","Here’s what we’ll cover in this article: | 10kt Gold Price Per Gram | How Much Is A Gram Of 10kt Gold? | Figure Out the Least Gold Scrap Rate Possible | Understand How the 10 Kt Gold Price Per Gram is Calculated | 10kt Gold Price | Sell Your 10k Gold Per Gram With Us and We Will Pay You The Best Prices. | When Buying a 10k Gold Ring for The First Time, When Should It Be Purchased? | Conclusion","WordPress author ID 2","2024-12-30T04:19:15","2026-04-19T14:45:13","[7]","[32,35,33,34]","https://cash4goldanddiamond.com/wp-content/uploads/2024/12/photo-realistic-300x180.webp | https://cash4goldanddiamond.com/wp-content/uploads/2024/12/god-300x168.webp","How Much is 10kt Gold Worth? - Cash 4 Gold and Diamond","Discover 10kt Gold Price Per Gram. The true worth of 10kt gold! Learn how to calculate its value per gram and tips for selling or buying 10kt gold at the best prices.","https://cash4goldanddiamond.com/how-much-is-10kt-gold-worth/","follow, index, max-snippet:-1, max-video-preview:-1, max-image-preview:large","migration/pre-deployment/live-source/html/bab1526cb6c36fc681bbb9eb64726f3aad5ceec79cbf69135e719bd56861bb63.html","https://cash4goldanddiamond.com/how-much-is-10kt-gold-worth/","page-d175135d35ef3aec21f89ef7","Preserve route; proposed editorial revision retained separately","Rewrite preparation authorized; human factual/media approval not recorded","BLOCKED — route present; source/metadata/disposition approval incomplete","wordpress-reconciliation.json; migration-comparison.json; substantive-review.json; verification.json"
"3109","post","publish","https://cash4goldanddiamond.com/10k-gold-price-per-gram-pawn-shop/","2026-08-27T23:14:18","10K Gold Price Per Gram at a Pawn Shop: Everything You Need to Know","migration/pre-deployment/wordpress-api/posts.json#id=3109","51c0aa5b532eff215efa5feef99fa4f8f6a7f669bca36d2e28ce2e424827fa49","How Is the 10K Gold Price Per Gram Calculated? | How Much Do Pawn Shops Pay Per Gram for 10K Gold? | Why Is 10K Gold Worth Less Than 14K or 18K Gold? | What Determines How Much Your 10K Gold Jewelry Is Worth? | 1. Gold Purity | 2. Weight | 3. Current Gold Spot Price | 4. Diamonds and Gemstones | 5. Brand and Resale Value | 10K Gold Value Example | Is 10K Gold Considered Scrap Gold? | Pawn Shop vs. Gold Buyer: Where Should You Sell 10K Gold? | How to Get the Best Price for Your 10K Gold | Check the Gold Market | Know the Karat | Know the Weight | Get an In-Person Evaluation | Compare Offers | Don’t Assume Everything Should Be Melted | Can You Sell 10K Gold Without a Receipt? | Does Cleaning 10K Gold Increase Its Value? | Does a 10K Gold Stamp Guarantee the Jewelry Is Real? | What If My 10K Gold Jewelry Contains Diamonds? | Where to Sell 10K Gold in Los Angeles | Why Sell 10K Gold to Cash 4 Gold & Diamonds? | Frequently Asked Questions About 10K Gold Prices | How much is 10K gold worth per gram? | How much will a pawn shop pay for 10K gold? | Is 10K gold real gold? | What does 417 mean on gold jewelry? | How much is a 10-gram 10K gold chain worth? | Is broken 10K gold still valuable? | Is 14K gold worth more than 10K gold? | Should I sell 10K gold to a pawn shop or gold buyer? | Get Your 10K Gold Evaluated in Downtown Los Angeles","WordPress author ID 2","2024-12-27T18:32:00","2026-08-27T23:14:18","[7]","[29,30]","https://cash4goldanddiamond.com/wp-content/uploads/2024/12/10k-gold-price-per-gram-los-angeles.webp-1024x683.png","10K Gold Price Per Gram at Pawn Shops | Los Angeles","Find the 10K gold price per gram, learn how pawn shops value 10K gold, and see how to get a better offer when selling gold in Los Angeles.","https://cash4goldanddiamond.com/10k-gold-price-per-gram-pawn-shop/","follow, index, max-snippet:-1, max-video-preview:-1, max-image-preview:large","migration/pre-deployment/live-source/html/3f322f1fe6ccccf153cb7ca4022bd2e5d05ddbfbab8556cd24c0924eeaa822f4.html","https://cash4goldanddiamond.com/10k-gold-price-per-gram-pawn-shop/","page-6b231ce8ba85ba732d0208cf","Preserve route; proposed editorial revision retained separately","Rewrite preparation authorized; human factual/media approval not recorded","BLOCKED — route present; source/metadata/disposition approval incomplete","wordpress-reconciliation.json; migration-comparison.json; substantive-review.json; verification.json"
"3080","post","publish","https://cash4goldanddiamond.com/sell-your-gold-for-cash-a-step-by-step-guide-to-selling-gold-online/","2026-04-19T16:44:22","Sell Your Gold for Cash: A Step-by-Step Guide to Selling Gold Online","migration/pre-deployment/wordpress-api/posts.json#id=3080","3a8b979cc7c850d13610d0716645d27d39343b01903d1eb07add1f03a8dfd2a0","Here’s what we’ll cover Outlines in this article: | Places to Sell Your Gold Online: | Selling Gold Online:  | Pawn Shops Near You That Buy Gold: | Advantages :  | Disadvantages: | Local Jewelry Stores :  | Gold Dealers and Refiners: Maximize Your Returns | What is the Value of Your Gold at Time? | What You Should Know Before Selling Gold | Market Condition | What is the best Timing to sell your Gold?  | Weight and Purity | How  to sell your Gold : | If You’re Selling Gold Online: | Get the Actual Value of Your Gold: | Beware of Accepting a Low Offer: | Start Locally:  | If You’re Selling at a Pawn Shop | If You’re Selling at a Local Jewelry Store : | Selling Gold for Cash Calculator | Why Sell Gold Online to Cash 4 Gold and Diamond? | Where to Sell Gold: Should I Sell Gold For Cash Somewhere Online Or Should I Go To Buy Gold Nearby? | Conclusion: | Cash for Gold FAQs: | How Do I Check the Current Price of Gold? | Should You Try Selling Your Gold Over the Online? | How Much Money Does Gold Sell For : | Do you Buy Diamonds, diamond Watches, or Gemstones | What Brands of Watches do you Buy? | What Can I  Send To Cash 4 Gold Diamond:","WordPress author ID 2","2024-12-04T18:17:06","2026-04-19T16:44:22","[7]","[27,28]","https://cash4goldanddiamond.com/wp-content/uploads/2024/12/sell-you-gold-image-300x156.webp","Sell your Gold for Cash: A Step-by-Step Guide to Sell Online","Learn how to sell your gold for cash online with our step-by-step guide. Get top prices for your gold jewelry and coins using trusted platforms.","https://cash4goldanddiamond.com/sell-your-gold-for-cash-a-step-by-step-guide-to-selling-gold-online/","follow, index, max-snippet:-1, max-video-preview:-1, max-image-preview:large","migration/pre-deployment/live-source/html/f61566458f2be593bb073d900ed48d2f3ce6c6c9086b22b8c56d05eb05c59101.html","https://cash4goldanddiamond.com/sell-your-gold-for-cash-a-step-by-step-guide-to-selling-gold-online/","page-489a3b78c15d4cce07945658","Preserve route; proposed editorial revision retained separately","Rewrite preparation authorized; human factual/media approval not recorded","BLOCKED — route present; source/metadata/disposition approval incomplete","wordpress-reconciliation.json; migration-comparison.json; substantive-review.json; verification.json"
"3007","post","publish","https://cash4goldanddiamond.com/2-carat-diamond-ring-price-complete-buying-guide/","2026-04-19T16:10:29","2 carat diamond ring Price & Complete Buying Guide","migration/pre-deployment/wordpress-api/posts.json#id=3007","2ad8dc2399b4d06b4d5e5fbaefdeebada49d44a79fd2d862069626160bd12423","Article Cover-Up Outline: | What is the average diamond carat size for a wedding ring? | choose a 2-carat Diamond Wedding Ring: |  Color: | Clarity: |  Cut: | The Fifth C – Certification: | What is the price of a 2-carat diamond ring? | How Big Size a 2-Carat Diamond? | 2 Carat Diamond Size Chart by Shape: | How can you buy a 2-carat Diamond Ring: | Important Things to keep in mind when buying a 2 Carat Diamond Ring  | Diamond Shape:  | The diamond cut:  | The diamond’s clarity: | Diamond Color:  | 1 Carat vs. 2 Carat: which One Size is Best? | Conclusion:","WordPress author ID 2","2024-11-30T06:34:32","2026-04-19T16:10:29","[7]","[20,19,23,21]","https://cash4goldanddiamond.com/wp-content/uploads/2024/11/diamond-colour-300x150.png | https://cash4goldanddiamond.com/wp-content/uploads/2024/11/calarity-image-300x85.jpg","2 Carat Diamond Ring Price & Complete Buying Guide","Discover the 2 Carat Diamond Ring Price & Complete Buying Guide. Learn about quality, settings, and factors affecting cost for informed purchase.","https://cash4goldanddiamond.com/2-carat-diamond-ring-price-complete-buying-guide/","follow, index, max-snippet:-1, max-video-preview:-1, max-image-preview:large","migration/pre-deployment/live-source/html/759c0e22a21dcbde25103c0c56170fe4d1795c5db83b95dbfb6fc914e7613986.html","https://cash4goldanddiamond.com/2-carat-diamond-ring-price-complete-buying-guide/","page-3f0c72ae883f518f1b013f71","Preserve route; proposed editorial revision retained separately","Rewrite preparation authorized; human factual/media approval not recorded","BLOCKED — route present; source/metadata/disposition approval incomplete","wordpress-reconciliation.json; migration-comparison.json; substantive-review.json; verification.json"
"2992","post","publish","https://cash4goldanddiamond.com/3-5-carat-oval-diamond-ring-buying-step-by-step-guide/","2026-04-19T15:47:16","3.5-Carat Oval Diamond Ring: Buying Step-by-Step Guide","migration/pre-deployment/wordpress-api/posts.json#id=2992","c2af9f0d297cd92fe79b8a327a41f2197362aa4a34620b66cf5557dd546dbdd9","What You Know Before Buying a 3.5-Carat Diamond Ring? | Important Points Buying  a 3.5-Carat Diamond Ring | How does a 3.5-carat Diamond Ring look on Hand? | 3.5-carat diamond ring Appearance on Finger  | The Average Cost of a 3.5-carat Oval Diamond Ring | Price Factors: | 3.5 Carat Diamond: How Much to Spend? | The ratio for an oval diamond? | Variety of 3.5 Carat Oval Engagement Ring Styles | Just How do you choose best an oval diamond Ring? | Tips for Choosing the Best 3.5-Carat Oval Diamond Ring | Conclusion: Is a 3.5-Carat Oval Diamond Ring Right for You? | Note: If you want to sell your diamond or gold ring or other diamond luxury, cash4goldanddiamond.com is the best choice for you | FAQ’s: | What Makes a 3.5-Carat Oval Diamond Ring Different? | Is a 3.5-carat diamond Ring Too Big?  | What is a good size for an oval diamond ring? | How Do I Know if the Oval Diamond is Well-Cut?  | Can I Customize My 3.5 Carat Oval Engagement Ring? ","WordPress author ID 2","2024-11-26T15:24:53","2026-04-19T15:47:16","[7]","[15,18,17,16]","https://cash4goldanddiamond.com/wp-content/uploads/2024/11/oval-diamond-ring-2.jpeg","3.5-Carat Oval Diamond Ring: Buying Step-by-Step Guide","Buying a 3.5-carat oval diamond ring? This step-by-step guide helps you understand the buying process, ensuring you make the right purchase.","https://cash4goldanddiamond.com/3-5-carat-oval-diamond-ring-buying-step-by-step-guide/","follow, index, max-snippet:-1, max-video-preview:-1, max-image-preview:large","migration/pre-deployment/live-source/html/faa4ff993c86ecf6048a76161223a5ce88927bb8de7cc4ba2d976a5a93017c81.html","https://cash4goldanddiamond.com/3-5-carat-oval-diamond-ring-buying-step-by-step-guide/","page-2192841063710db8b67c63b5","Preserve route; proposed editorial revision retained separately","Rewrite preparation authorized; human factual/media approval not recorded","BLOCKED — route present; source/metadata/disposition approval incomplete","wordpress-reconciliation.json; migration-comparison.json; substantive-review.json; verification.json"
"2975","post","publish","https://cash4goldanddiamond.com/top-7-real-diamond-watches-for-men-how-to-choose-the-best-diamond-watches-for-men-in-2024/","2026-04-19T16:29:56","Top 7 Real Diamond Watches for Men: How To Choose The Best Diamond Watches for Men in 2025","migration/pre-deployment/wordpress-api/posts.json#id=2975","fbc8bbcf8e0e27a3654e221c6e3fbd4d152f97c0125e751150602dba09d5c2e7","Why Choose a Diamond Watch for Men? | Top 7 Real Diamond Watch Brands for Men | 1. Rolex Diamond Watches | 2. Cartier Diamond Watches | 3. Other Top Diamond Watch Brands |  Diamond Watches Under $1000 | Citizen Eco-Drive Diamond Watch for Men: | Best Diamond Watches for Sale in the USA? | How to Choose the Best Diamond Watch for You! | 1. Decide Your Budget | 3. Select a Trusted Brand | 4. Style and Functionality | Taking Care of Your Diamond Watch | Best Diamond Watches Under $1000 – FAQ | What watch can you buy for under a thousand dollars? | Is it worth buying watches with diamonds? | How much are diamond watches for men? | Is it advisable to purchase a watch under a US dollar thousand? | Do diamonds devalue a watch? | Are diamond watches an investment? | What is a factory diamond watch? | Do diamond Rolexes lose value? | What is the price of a Rolex watch in a diamond set? | Are diamonds on Rolex real? | Conclusion","WordPress author ID 2","2024-11-24T09:48:46","2026-04-19T16:29:56","[7]","[12,13,14]","","Top 7 Real Diamond Watches for Men: Ultimate Buying Guide","Discover the top 7 real diamond watches for men. Explore features, styles, & key factors to consider for the best luxury timepiece purchase","https://cash4goldanddiamond.com/top-7-real-diamond-watches-for-men-how-to-choose-the-best-diamond-watches-for-men-in-2024/","follow, index, max-snippet:-1, max-video-preview:-1, max-image-preview:large","migration/pre-deployment/live-source/html/44ed835c4ed26309e2775f3930e1a48e628354c2fbd8d10dc95bd9882ad08d83.html","https://cash4goldanddiamond.com/top-7-real-diamond-watches-for-men-how-to-choose-the-best-diamond-watches-for-men-in-2024/","page-3bf4d0cffc720705aa103d6e","Preserve route; proposed editorial revision retained separately","Rewrite preparation authorized; human factual/media approval not recorded","BLOCKED — route present; source/metadata/disposition approval incomplete","wordpress-reconciliation.json; migration-comparison.json; substantive-review.json; verification.json"
"2952","post","publish","https://cash4goldanddiamond.com/real-diamond-watches-for-men-the-ultimate-buying-guide/","2026-04-19T16:50:00","Real Diamond Watches for Men: The Ultimate Buying Guide","migration/pre-deployment/wordpress-api/posts.json#id=2952","5b4cda8856b66a8d9ff85c73665cb7dcd2d8a15d5eff477be706f08ef3c124f0","What Makes Real Diamond Watches Special?   | Is Cheap Real Diamond Watches Worth It?   | Top Luxury Diamond Watch Brands   | Rolex | Cartier | Hublot | Patek Philippe |  How to Spot a Real Diamond Watch   | 1. Examine the Diamonds   |    Sparkle Test: |    Feel the Edge: |  2. Check the Brand and Documentation   |  3. Material Quality | 4. Seek Expert Appraisal |  Features to Look for in Genuine Diamond Watches for Men   | 1. Diamond Clarity and Quality | 2. Design and Aesthetics | 3. Durability and Longevity  |  Why Diamond Watches Are a Timeless Investment   | Tips for Caring for Your Diamond Watch   | Clean Regularly: | Avoid Harsh Chemicals:  | Store Properly:  | FAQS: | Are diamond watches for men? | Can men wear diamond Rolex? | How to tell if a watch has real diamonds? | How do you clean a diamond watch? | What diamonds can men wear? |  Final Thoughts ","WordPress author ID 2","2024-11-17T20:35:44","2026-04-19T16:50:00","[7]","[11,12]","https://cash4goldanddiamond.com/wp-content/uploads/2024/11/download.jpg","Real Diamond Watches for Men: The Ultimate Buying Guide","Explore our ultimate guide to buying real diamond watches for men. Discover top styles, features, and tips to find the perfect luxury timepiece.","https://cash4goldanddiamond.com/real-diamond-watches-for-men-the-ultimate-buying-guide/","follow, index, max-snippet:-1, max-video-preview:-1, max-image-preview:large","migration/pre-deployment/live-source/html/6c6895de14960f04233f9e6bbb0c1c8833b6f44549ca3a8a4f0ee38876e69095.html","https://cash4goldanddiamond.com/real-diamond-watches-for-men-the-ultimate-buying-guide/","page-ba1578c2f4e06d4e797b93d6","Preserve route; proposed editorial revision retained separately","Rewrite preparation authorized; human factual/media approval not recorded","BLOCKED — route present; source/metadata/disposition approval incomplete","wordpress-reconciliation.json; migration-comparison.json; substantive-review.json; verification.json"
"2930","post","publish","https://cash4goldanddiamond.com/how-to-spot-a-fake-rolex/","2026-04-19T15:31:16","Fake VS Real Rolex: How to a Spot Fake Rolex in Easy Step","migration/pre-deployment/wordpress-api/posts.json#id=2930","424b2cda165f15e3eb459800fd4ff3285c173b200180b1b1f63d08ad6b51963b","IS FAKE ROLEX A REAL PROBLEM? | What types of Fake Rolex are Available in the Market | 1. Easy to spot: Bad fakes: | 2. All about the details: Good fakes and ‘supercolonies: | 3. Mixing of parts together: Frankenstein watches | How to Spot a Fake Rolex: Important Fake Signs It’s Not the Real Thing | Rolex Watch Weight: | Serial Number:  | Model Number: | Hand Motion: | Cyclops Lens: | Judge the Winding Crown : | Waterproof capability: | Date Appears Bigger: | How to stay safe:","WordPress author ID 2","2024-11-16T17:32:50","2026-04-19T15:31:16","[7]","[10,9,8]","","How to Spot a Fake Rolex in LA: Avoid Costly Mistakes","Want to know how to spot a fake Rolex? Learn the key differences between fake vs real Rolex, from dial, crown, weight to serial number and more.","unavailable from source","follow, noindex","migration/pre-deployment/live-source/html/689c0a47a4c8b1b3e4d70acc934b98da8c06301a2d601f0ccde31a443b804a34.html","https://cash4goldanddiamond.com/how-to-spot-a-fake-rolex/","page-de0d7daab01290d59ace0073","Preserve route; proposed editorial revision retained separately","Rewrite preparation authorized; human factual/media approval not recorded","BLOCKED — route present; source/metadata/disposition approval incomplete","wordpress-reconciliation.json; migration-comparison.json; substantive-review.json; verification.json"
"2898","post","publish","https://cash4goldanddiamond.com/sell-gold-and-diamonds-online/","2026-04-19T15:34:01","Sell Your Gold and Diamonds Online","migration/pre-deployment/wordpress-api/posts.json#id=2898","7b77d6d037cd69fa1b1c1bb63ed6ee2c92dc974457bdbb027465f3b9056de3ef","Why Sell Gold and Diamonds Online? | Convenience | Competitive Pricing | Security and Trustworthiness | Here’s a step-by-step guide to help you get started: | Step 1: Request a Free Appraisal Kit | Step 2: Send Your Items Cash for Gold | Step 3: Receive a Quote | Step 4: Accept or Decline the Offer | Research Market Prices | Know the Purity and Weight of Your Gold | Remove Non-Gold Components | Choose a Reputable Buyer | Top Benefits When You Sell Gold and Diamonds Online | Fast and Easy Process | Secure and Insured Shipping | Expert Appraisal | Flexible Payment Options | Conclusion","WordPress author ID 2","2024-06-23T05:26:37","2026-04-19T15:34:01","[7]","[]","https://cash4goldanddiamond.com/wp-content/uploads/2024/04/5405cbb1d431255a7c5564945310766d1mg-1-300x199.webp","How to Sell Gold and Diamonds Online: 7 Proven Tips","Looking to sell gold and diamonds online? Discover the 7 best, trusted ways to sell your gold and diamonds safely and get the highest price instantly.","unavailable from source","follow, noindex","migration/pre-deployment/live-source/html/00c30cf8beb588f70683b9965dd225f34902ed4b0c6f38b66ef1f7729fc26ee7.html","https://cash4goldanddiamond.com/sell-gold-and-diamonds-online/","page-5edbc60a2ca474dd9d707e1f","Preserve route; proposed editorial revision retained separately","Rewrite preparation authorized; human factual/media approval not recorded","BLOCKED — route present; source/metadata/disposition approval incomplete","wordpress-reconciliation.json; migration-comparison.json; substantive-review.json; verification.json"
"3511","page","publish","https://cash4goldanddiamond.com/sell-estate-jewelry-los-angeles/","2026-04-19T17:32:57","Sell Estate & Inherited Jewelry in Los Angeles","migration/pre-deployment/wordpress-api/pages.json#id=3511","fd8e4b92bb89a0a7ca6823c7b2b740021344d51639300fff6ce3a9aa549d0e64","Sell Estate & Inherited Jewelry in Los Angeles
 | Antique
Diamond Necklaces | Beautiful colors. Excellent quality | MAKE AN APPOINTMENT | Sell Your Gold, Fast. | Turn Your Inheritance Gold into Cash Today!","WordPress author ID 2","2026-03-19T22:48:40","2026-04-19T17:32:57","[]","[]","https://cash4goldanddiamond.com/wp-content/uploads/2024/04/Sell-Gold-in-Maconimg-1.webp | https://cash4goldanddiamond.com/wp-content/uploads/2025/01/Jewellery-design-740x1024.webp | https://cash4goldanddiamond.com/wp-content/uploads/2024/11/rolex_4ab371b3-b0f5-44fb-b2e1-fe031cfaa801_1024x1024-1.webp","Sell Estate & Inherited Jewelry in Los Angeles, CA","Looking to sell estate & inherited jewelry in Los Angeles, CA? Get expert tips and find trusted buyers for your valuable pieces in this guide.","https://cash4goldanddiamond.com/sell-estate-jewelry-los-angeles/","follow, index, max-snippet:-1, max-video-preview:-1, max-image-preview:large","migration/pre-deployment/live-source/html/6acc7a6a97125bc3e7e384e5cb62ac556b8f29ca0f9b3b770dac14437e1b8d18.html","https://cash4goldanddiamond.com/sell-estate-jewelry-los-angeles/","page-3b7e92ec3efb4aeab26fe0a0","Preserve route and compare sections","Owner facts: HOME-DISPLAY-AND-BUSINESS-NOTES.md; full disposition pending","BLOCKED — route present; source/metadata/disposition approval incomplete","wordpress-reconciliation.json; migration-comparison.json; substantive-review.json; verification.json"
"3097","page","publish","https://cash4goldanddiamond.com/blogs/","2026-04-19T07:29:49","Blogs","migration/pre-deployment/wordpress-api/pages.json#id=3097","e74760c8ee7e5b730dcc293aca6dc12e9d4a31016435dfde6a9dd901821c57eb","Cash 4 Gold & Diamonds Blog | How Is Gold Valued? A Los Angeles Seller’s Guide to Gold Purity, Weight & Spot Price | Where to Sell Gold in Los Angeles: How to Get the Best Price for Your Gold | How Much Do Pawn Shops Pay for Gold? What Los Angeles Sellers Should Know | Where to Sell Your Antique Gold Jewelry for the Best Price: Expert Guide | Local Gold Buyers vs. Online Gold Buyers. Which One Is Best? | Selling Scrap Gold: Your Ultimate Guide to Maximizing Value | How much will a 14k gold necklace worth pay me? | How Much Do Pawn Shops Pay for Gold? | How Much is 10kt Gold Worth? | 10K Gold Price Per Gram at a Pawn Shop: Everything You Need to Know | Sell Your Gold for Cash: A Step-by-Step Guide to Selling Gold Online | 2 carat diamond ring Price & Complete Buying Guide | 3.5-Carat Oval Diamond Ring: Buying Step-by-Step Guide | Top 7 Real Diamond Watches for Men: How To Choose The Best Diamond Watches for Men in 2025 | Real Diamond Watches for Men: The Ultimate Buying Guide | Fake VS Real Rolex: How to a Spot Fake Rolex in Easy Step | Sell Your Gold and Diamonds Online","WordPress author ID 2","2024-12-11T17:30:36","2026-04-19T07:29:49","[]","[]","https://cash4goldanddiamond.com/wp-content/uploads/2026/08/ChatGPT-Image-Aug-13-2026-01_13_57-PM-300x200.png | https://cash4goldanddiamond.com/wp-content/uploads/2026/08/ChatGPT-Image-Aug-13-2026-12_46_21-PM-300x200.png | https://cash4goldanddiamond.com/wp-content/uploads/2026/08/ChatGPT-Image-Aug-13-2026-11_19_09-AM-300x200.png | https://cash4goldanddiamond.com/wp-content/uploads/2025/01/images-9.webp | https://cash4goldanddiamond.com/wp-content/uploads/2025/01/online-vs-gold-buyers.jpeg | https://cash4goldanddiamond.com/wp-content/uploads/2025/01/scrap-gold-2-300x156.webp | https://cash4goldanddiamond.com/wp-content/uploads/2025/01/download-5.webp | https://cash4goldanddiamond.com/wp-content/uploads/2024/12/god-300x168.webp | https://cash4goldanddiamond.com/wp-content/uploads/2024/12/download-9-e1735530723144.webp | https://cash4goldanddiamond.com/wp-content/uploads/2024/12/woman-buying-ring-in-a-jewelry-store-4-1-300x300.webp | https://cash4goldanddiamond.com/wp-content/uploads/2024/12/sell-your-gold.webp | https://cash4goldanddiamond.com/wp-content/uploads/2024/11/engement-ring-300x200.jpg | https://cash4goldanddiamond.com/wp-content/uploads/2024/11/diamond-ring-2-300x200.webp | https://cash4goldanddiamond.com/wp-content/uploads/2024/11/download-3.jpeg | https://cash4goldanddiamond.com/wp-content/uploads/2024/11/download-1-300x144.jpg | https://cash4goldanddiamond.com/wp-content/uploads/2024/11/rolex_4ab371b3-b0f5-44fb-b2e1-fe031cfaa801_1024x1024-2-300x198.webp | https://cash4goldanddiamond.com/wp-content/uploads/2024/06/CashForGold-300x183.avif","Engaging Blogs on Cash 4 Gold & Diamonds","Discover insightful blogs on Cash 4 Gold & Diamonds. Stay updated with tips, news, and trends in the gold and diamond industry.","https://cash4goldanddiamond.com/blogs/","follow, index, max-snippet:-1, max-video-preview:-1, max-image-preview:large","migration/pre-deployment/live-source/html/95dcade896466e7377bbe2ab1d8e4396674cfa67f2e631aea26a2aee977edcf9.html","https://cash4goldanddiamond.com/blogs/","page-72a3277c6e6b8c4530e8ca13","Preserve route and compare sections","Owner facts: HOME-DISPLAY-AND-BUSINESS-NOTES.md; full disposition pending","BLOCKED — route present; source/metadata/disposition approval incomplete","wordpress-reconciliation.json; migration-comparison.json; substantive-review.json; verification.json"
"2542","page","publish","https://cash4goldanddiamond.com/reviews/","2026-07-09T05:43:21","Reviews","migration/pre-deployment/wordpress-api/pages.json#id=2542","a51b50842ab6ec552494b9f06ec5d42268145374c32ec0d37d26d90f2c94dd0e","Client Reviews – Cash for Gold & Diamonds in Los Angeles | See What Our Clients Say","WordPress author ID 2","2024-05-02T10:02:51","2026-07-09T05:43:21","[]","[]","","Cash 4 Gold and Diamond Reviews | 5-Star Client Feedback","Read trusted reviews of Cash 4 Gold and Diamond. Our clients rate us 5 stars for top cash offers, excellent service, and a fast, secure process.","https://cash4goldanddiamond.com/reviews/","follow, index, max-snippet:-1, max-video-preview:-1, max-image-preview:large","migration/pre-deployment/live-source/html/c733ebb869965c948002d2dfcc9698acf509b4ff4261ac0506b89cdd8dc4f1dd.html","https://cash4goldanddiamond.com/reviews/","page-7d0975f42b7d0df1632b3325","Preserve route and compare sections","Owner facts: HOME-DISPLAY-AND-BUSINESS-NOTES.md; full disposition pending","BLOCKED — route present; source/metadata/disposition approval incomplete","wordpress-reconciliation.json; migration-comparison.json; substantive-review.json; verification.json"
"1454","page","publish","https://cash4goldanddiamond.com/privacy-policy/","2026-04-19T07:41:43","Privacy Policy","migration/pre-deployment/wordpress-api/pages.json#id=1454","f4ba0ce595bc8219db2b631cfb616009dfb8c87c7df6ded5e44a8cc2089c957a","Cash 4 gold & Diamonds Website Privacy Policy | DEFINITIONS | OUR COMMITMENT TO YOUR PRIVACY | OTHER WEBSITES | INFORMATION WE COLLECT | COMPUTER INFORMATION COLLECTED | COOKIES | AUTOMATIC INFORMATION | GOOGLE AD AND CONTENT NETWORK PRIVACY POLICY | GOOGLE ANALYTICS PRIVACY POLICY | FACEBOOK PIXEL | HOW INFORMATION IS USED | PROVIDING REQUESTED SERVICES AND PRODUCTS | PROVIDING AND IMPROVING OUR WEBSITE | COMMUNICATIONS AND EMAIL ALERTS | SHARING INFORMATION WITH AFFILIATES AND OTHER THIRD PARTIES | LEGALLY REQUIRED RELEASES OF INFORMATION | DISCLOSURES TO SUCCESSORS | CHANGING YOUR INFORMATION | OPTING OUT OF SHARING INFORMATION | “DO NOT TRACK” SETTINGS | PROTECTING YOUR CHILD’S PRIVACY | ADDITIONAL INFORMATION FOR CALIFORNIA RESIDENTS | YOUR CALIFORNIA CONSUMER PRIVACY ACT OF 2018 (CCPA) RIGHTS | FACEBOOK | OUR EMAIL POLICY | MESSAGING POLICY | HOW TO OPT-OUT: | OUR SECURITY POLICY | USE OF CREDIT CARDS | LIMITATION OF LIABILITY | CHANGES TO OUR PRIVACY POLICY | WHERE AND HOW TO ASK QUESTIONS OR FILE COMPLAINTS","WordPress author ID 2","2024-04-30T08:16:09","2026-04-19T07:41:43","[]","[]","","Privacy Policy: Cash 4 Gold and Diamond | Your Data Is Safe","Read Cash 4 Gold and Diamond’s Privacy Policy to understand how we protect your personal data and ensure its security with the highest standard.","https://cash4goldanddiamond.com/privacy-policy/","follow, index, max-snippet:-1, max-video-preview:-1, max-image-preview:large","migration/pre-deployment/live-source/html/2ebace3ab3cc656297a07668080f519294443a8c9bfadff3b9bc68989607e161.html","https://cash4goldanddiamond.com/privacy-policy/","page-77817e83e7ffda32800abcb4","Preserve route and compare sections","Owner facts: HOME-DISPLAY-AND-BUSINESS-NOTES.md; full disposition pending","BLOCKED — route present; source/metadata/disposition approval incomplete","wordpress-reconciliation.json; migration-comparison.json; substantive-review.json; verification.json"
"930","page","publish","https://cash4goldanddiamond.com/sell-gemstones-for-cash-in-los-angeles/","2026-04-19T07:05:52","Sell Your Gemstone","migration/pre-deployment/wordpress-api/pages.json#id=930","b4991d686a4b04ce322f0e4d40a536371ddc0b70a379071e05b16ed362f87fd2","Sell Your Sell Gemstones for Cash in Los Angeles, California | 
						
							Schedule Your Consultation						
					 | 
						
							Expert Evaluation						
					 | 
						
							Get Paid Instantly						
					 | Why Choose Us to Sell Gemstones in Los Angeles | Cash4Gold and Diamond | True Facet | The Realreal | Auction Houses | Ready to unlock the hidden value in your gemstone?","WordPress author ID 2","2024-04-25T05:26:29","2026-04-19T07:05:52","[]","[]","","7 Ways to Sell Gemstones for Cash in Los Angeles","Looking to sell gemstones for cash in Los Angeles? Cash 4 Gold and Diamond is the trusted buyer in LA. Get the best offer and cash for your gemstones today!","https://cash4goldanddiamond.com/sell-gemstones-for-cash-in-los-angeles/","follow, index, max-snippet:-1, max-video-preview:-1, max-image-preview:large","migration/pre-deployment/live-source/html/ffaa14437261e126f919952c2f1062421ed805a23ee1f4643cd4bb44df691dc4.html","https://cash4goldanddiamond.com/sell-gemstones-for-cash-in-los-angeles/","page-76f32947e7560eda891419a8","Preserve route and compare sections","Owner facts: HOME-DISPLAY-AND-BUSINESS-NOTES.md; full disposition pending","BLOCKED — route present; source/metadata/disposition approval incomplete","wordpress-reconciliation.json; migration-comparison.json; substantive-review.json; verification.json"
"745","page","publish","https://cash4goldanddiamond.com/sell-luxury-watches-in-los-angeles/","2026-09-08T19:27:43","Sell Your Watches","migration/pre-deployment/wordpress-api/pages.json#id=745","fa574d46f68c65ece8d03d8c787debe2c365488f9778506c8345b9aa705878fe","Luxury Watch Buyer Los Angeles – Sell Rolex & Luxury Watches | How to Sell Your Luxury Watch | 
						
							Bring In Your Luxury Watch						
					 | 
						
							Watch Evaluation						
					 | 
						
							Receive Your Offer						
					 | Luxury Watch Brands We Evaluate | Sell Your Rolex Watch in Los Angeles | We Buy More Than Rolex | What Determines the Value of a Luxury Watch? | Brand and Model | Reference Number | Condition | Originality | Materials | Box and Papers | Current Market Demand | How We Evaluate a Luxury Watch | What Should I Bring When Selling My Watch? | Selling a Luxury Watch Locally vs. Online | Direct Local Watch Buyer | Online Marketplace | Consignment | Auction | Compare the Final Offer for Your Actual Watch | Why Sell Your Luxury Watch to Cash 4 Gold & Diamonds? | Luxury Watch Buyer in Downtown Los Angeles | Frequently Asked Questions About Selling Luxury Watches in Los Angeles | Where can I sell a luxury watch in Los Angeles? | Can I sell a Rolex without the box and papers? | What determines how much my Rolex is worth? | Do you buy watches besides Rolex? | Should I service or polish my watch before selling it? | Does having the original box and papers matter? | Can I sell an older or vintage luxury watch? | How do I compare offers from watch buyers? | Do I need an appointment? | Ready to Sell Your Luxury Watch in Los Angeles?","WordPress author ID 2","2024-04-24T11:50:40","2026-09-08T19:27:43","[]","[]","https://cash4goldanddiamond.com/wp-content/uploads/2024/04/61291ab29ef1e50018f86fedimg.webp | https://cash4goldanddiamond.com/wp-content/uploads/2024/04/1b9f0e42605ebefa4dd3d0cddae42c19img-1.webp","Luxury Watch Buyer Los Angeles | Sell Rolex & Watches","Sell Rolex and luxury watches in Los Angeles. Get an in-person evaluation for Rolex, Cartier, AP, Patek Philippe, Omega and more in Downtown LA.","https://cash4goldanddiamond.com/sell-luxury-watches-in-los-angeles/","follow, index, max-snippet:-1, max-video-preview:-1, max-image-preview:large","migration/pre-deployment/live-source/html/bf5d20c4a02d41a926733fabd592b7c8aa25ec8fe763989aa3c59542f2f1c3d0.html","https://cash4goldanddiamond.com/sell-luxury-watches-in-los-angeles/","page-bb33a16165f745622f7eef5f","Preserve route and compare sections","Owner facts: HOME-DISPLAY-AND-BUSINESS-NOTES.md; full disposition pending","BLOCKED — route present; source/metadata/disposition approval incomplete","wordpress-reconciliation.json; migration-comparison.json; substantive-review.json; verification.json"
"740","page","publish","https://cash4goldanddiamond.com/sell-your-diamonds-in-los-angeles/","2026-09-08T18:23:29","Sell Your Diamond","migration/pre-deployment/wordpress-api/pages.json#id=740","c003607af6d90b542f4077d5a63b91205f1b0ec6d42214c8c31f8b3b08ae6a1c","Diamond Buyers Los Angeles – Sell Your Diamonds for Cash | What Types of Diamonds Do We Buy in Los Angeles? | 
						
							Schedule Your Diamond Evaluation						
					 | 
						
							Expert Diamond Evaluation						
					 | 
						
							Receive Your Offer						
					 | Understanding Your Diamond Before You Sell | 
						
							Selling a GIA Diamond in Los Angeles						
					 | 
						
							How Is a Diamond’s Value Determined?						
					 | Carat Weight | Cut | Color | Clarity | 
						
							Sell Your Diamond Engagement Ring in Los Angeles						
					 | Why Sell Your Diamond to Cash 4 Gold & Diamonds? | Get an Item-Specific Diamond Offer | Local Diamond Buyer vs. Consignment or Auction | Direct Local Diamond Buyer | Consignment | Auction | Frequently Asked Questions About Selling Diamonds in Los Angeles | Where can I sell a diamond in Los Angeles? | Do I need a GIA certificate to sell my diamond? | What determines how much my diamond is worth? | Do you buy loose diamonds? | Can I sell an engagement ring? | Should I bring my GIA report? | How do I compare offers from diamond buyers? | Is a diamond evaluation the same as an insurance appraisal? | Ready to Sell Your Diamond in Los Angeles? |  More Jewelry Selling Guides  | Best Gold Bars 2026: Top 5 Dealers Ranked & Compared | Best Price for Gold Coins in Los Angeles, CA | Cash 4 Gold & Diamonds | Best Gemstone Ring Buyers Los Angeles 2026: Top 5 Ranked | Best Fine Jewelry Buyers in Downtown Los Angeles, CA | Best Certified Diamond Appraisers Los Angeles 2026: Top 5 Ranked | Best Gold Bracelet Buyers Los Angeles 2026: Top 5 Ranked","WordPress author ID 2","2024-04-24T11:47:49","2026-09-08T18:23:29","[]","[]","https://cash4goldanddiamond.com/wp-content/uploads/2026/09/pexels-photo-8442325.jpeg | https://cash4goldanddiamond.com/wp-content/uploads/2026/09/pexels-photo-8844580.jpeg | https://cash4goldanddiamond.com/wp-content/uploads/2026/09/pexels-photo-35697086.jpeg | https://cash4goldanddiamond.com/wp-content/uploads/2026/09/pexels-photo-30171478.jpeg | https://cash4goldanddiamond.com/wp-content/uploads/2026/09/pexels-photo-37991776.jpeg | https://cash4goldanddiamond.com/wp-content/uploads/2026/09/pexels-photo-37485307.jpeg","Diamond Buyers Los Angeles | Sell Diamonds for Cash","Sell diamonds in Los Angeles for a competitive cash offer. We evaluate GIA diamonds, loose stones, engagement rings and diamond jewelry in DTLA.","https://cash4goldanddiamond.com/sell-your-diamonds-in-los-angeles/","follow, index, max-snippet:-1, max-video-preview:-1, max-image-preview:large","migration/pre-deployment/live-source/html/71174294c0259755736ac224adf01887fc975129490ae096046407906dd0ec00.html","https://cash4goldanddiamond.com/sell-your-diamonds-in-los-angeles/","page-1d8666bfa78812192c6ff90c","Preserve route and compare sections","Owner facts: HOME-DISPLAY-AND-BUSINESS-NOTES.md; full disposition pending","BLOCKED — route present; source/metadata/disposition approval incomplete","wordpress-reconciliation.json; migration-comparison.json; substantive-review.json; verification.json"
"735","page","publish","https://cash4goldanddiamond.com/sell-your-golds/","2026-04-19T07:11:02","Sell Your Gold","migration/pre-deployment/wordpress-api/pages.json#id=735","5089566ae4448fd4a4b1f19d555587a6133ead8090ecab16d8d821a389bc5146","Sell Gold Jewelry in Los Angeles, California | 
						
							Schedule Your Consultation						
					 | 
						
							Expert Evaluation						
					 | 
						
							Get Paid Instantly						
					 | Why Choose Us to Sell Gold Jewelry in Los Angeles | Cash4Gold and Diamond | True Facet | The Realreal | Auction Houses | Ready to unlock the hidden value in your gold? ","WordPress author ID 2","2024-04-24T11:42:53","2026-04-19T07:11:02","[]","[]","","Sell Your Gold Online: 7 Ways to Get Best Cash Price Fast","Looking to sell your gold online? Discover 7 proven ways to get the best cash price fast. Get top offers for your gold today with trusted buyers!","https://cash4goldanddiamond.com/sell-your-golds/","follow, index, max-snippet:-1, max-video-preview:-1, max-image-preview:large","migration/pre-deployment/live-source/html/6da199c2bdbfa65dfb22435d59ebfc74b0f9596b30f9c0b54d28b51fb1ff7d4a.html","https://cash4goldanddiamond.com/sell-your-golds/","page-df211a65c2698d1f24656fdf","Preserve route and compare sections","Owner facts: HOME-DISPLAY-AND-BUSINESS-NOTES.md; full disposition pending","BLOCKED — route present; source/metadata/disposition approval incomplete","wordpress-reconciliation.json; migration-comparison.json; substantive-review.json; verification.json"
"720","page","publish","https://cash4goldanddiamond.com/faqs/","2026-04-19T14:33:21","FAQ","migration/pre-deployment/wordpress-api/pages.json#id=720","325f9f6f979008ac4193441071f63dfaf105876ffc7a50c26d6c085906659fdf","FAQ | Frequently Asked Questions - Cash 4 Gold and Diamond","WordPress author ID 2","2024-04-24T11:28:56","2026-04-19T14:33:21","[]","[]","","FAQs: Cash 4 Gold & Diamond | Top 10 Questions Answered","Have questions about selling gold and diamonds? Read our most asked cash for gold and diamonds FAQs. Cash 4 Gold and Diamond answers all your questions today!","https://cash4goldanddiamond.com/faqs/","follow, index, max-snippet:-1, max-video-preview:-1, max-image-preview:large","migration/pre-deployment/live-source/html/cd7e179f40ffa03521aade18721b065768657147889186739c61ac8f86826a59.html","https://cash4goldanddiamond.com/faqs/","page-91fabfe7707d38066827275c","Preserve route and compare sections","Owner facts: HOME-DISPLAY-AND-BUSINESS-NOTES.md; full disposition pending","BLOCKED — route present; source/metadata/disposition approval incomplete","wordpress-reconciliation.json; migration-comparison.json; substantive-review.json; verification.json"
"28","page","publish","https://cash4goldanddiamond.com/contact-us/","2026-04-19T14:27:55","Contact Us","migration/pre-deployment/wordpress-api/pages.json#id=28","256056e997ca931ca81c95397ca490991b51df665e0a5544325546a1fb386a51","Contact Us | Get in touch with Cash 4 Gold & Diamonds in Los Angeles. CA | STORE ADDRESS | CALL US | EMAIL US | Book an Appoinment","WordPress author ID 2","2024-03-16T05:40:22","2026-04-19T14:27:55","[]","[]","","Contact Us: Cash 4 Gold and Diamond | Get Cash Offer Today","Contact Cash 4 Gold and Diamond today for an instant cash offer. Get the best price for your gold, diamonds, and jewelry with our trusted service.","https://cash4goldanddiamond.com/contact-us/","follow, index, max-snippet:-1, max-video-preview:-1, max-image-preview:large","migration/pre-deployment/live-source/html/bf8fb64db02e0a24304d62545823d888a7b5e14e4215abed9aaf839eb9832640.html","https://cash4goldanddiamond.com/contact-us/","page-ae5848da571da2105043c146","Preserve route and compare sections","Owner facts: HOME-DISPLAY-AND-BUSINESS-NOTES.md; full disposition pending","BLOCKED — route present; source/metadata/disposition approval incomplete","wordpress-reconciliation.json; migration-comparison.json; substantive-review.json; verification.json"
"21","page","publish","https://cash4goldanddiamond.com/start-selling-gold-and-diamonds/","2026-04-19T18:04:18","Start Selling","migration/pre-deployment/wordpress-api/pages.json#id=21","f02ecb46ff1c858efd586f76726dc3b9c2f1b1d79d6f1e477a9318f86fb4aba1","Sell Gold, Diamonds, Watches & Gemstones in Los Angeles | Unlock their full potential with our trusted appraisal process | Welcome to our store! | SELL YOUR DIAMONDS | SELL YOUR WATCHES | SELL YOUR GOLD | SELL YOUR GEMSTONE","WordPress author ID 2","2024-03-16T05:39:16","2026-04-19T18:04:18","[]","[]","","Sell Gold and Diamonds Online: 7 Tips to get Best Price","Want to sell gold and diamonds? Cash 4 Gold and Diamond has been trusted by you since 2007, offering the best prices for your jewelry!","https://cash4goldanddiamond.com/start-selling-gold-and-diamonds/","follow, index, max-snippet:-1, max-video-preview:-1, max-image-preview:large","migration/pre-deployment/live-source/html/04e06f53ca9792b65bf3f1181aa4bb2260896f4606e06779f6b08df5b0278e28.html","https://cash4goldanddiamond.com/start-selling-gold-and-diamonds/","page-273aefb5f5bdd8ba696cf941","Preserve route and compare sections","Owner facts: HOME-DISPLAY-AND-BUSINESS-NOTES.md; full disposition pending","BLOCKED — route present; source/metadata/disposition approval incomplete","wordpress-reconciliation.json; migration-comparison.json; substantive-review.json; verification.json"
"19","page","publish","https://cash4goldanddiamond.com/about-us-sell-gold-and-diamonds-online/","2026-08-25T23:09:56","About","migration/pre-deployment/wordpress-api/pages.json#id=19","ae0660552eeb650e7ec19c79d98e75ca356b9dfbadb1538538b29fcea66e426a","About Cash 4 Gold & Diamonds, Los Angeles | Over the years, we have honed our skills and understanding of the value of various types of jewelry, whether it be loose diamonds from engagement rings, gold bars, coins, or scrap unwanted jewelry. Our commitment is to offer our valued clients a service they can rely on, backed by our years of experience and dedication to integrity. | How to Successfully Sell Gold and Diamonds Online","WordPress author ID 2","2024-03-16T05:38:59","2026-08-25T23:09:56","[]","[]","","Sell Gold and Diamonds Online with Cash 4 Gold & Diamond","Learn about Cash 4 Gold & Diamond, the trusted platform to sell gold and diamonds online for the best price and fast service.","https://cash4goldanddiamond.com/about-us-sell-gold-and-diamonds-online/","follow, index, max-snippet:-1, max-video-preview:-1, max-image-preview:large","migration/pre-deployment/live-source/html/20807a61431f20adb7f6f3a2e76d5a326d9bfbb241d54f761e0e9ce8b87ae8dc.html","https://cash4goldanddiamond.com/about-us-sell-gold-and-diamonds-online/","page-80669c4c29ee59043740275f","Preserve route and compare sections","Owner facts: HOME-DISPLAY-AND-BUSINESS-NOTES.md; full disposition pending","BLOCKED — route present; source/metadata/disposition approval incomplete","wordpress-reconciliation.json; migration-comparison.json; substantive-review.json; verification.json"
"15","page","publish","https://cash4goldanddiamond.com/","2026-08-25T23:33:53","Home","migration/pre-deployment/wordpress-api/pages.json#id=15","5993f8487c6a6faba69e5951203dec1b031c85e72d7a067b9b2eded513ce0a32","Gold Buyer Los Angeles | Cash 4 Gold & Diamonds | Unlock their full potential with our trusted appraisal process | Welcome to our store! | SELL YOUR DIAMONDS | SELL YOUR WATCHES | SELL YOUR GOLD | SELL YOUR GEMSTONE | Simplified 3-Step Process to Sell Your Valuables | 1 | Schedule Your Consultation | 2 | Receive an Expert Evaluation | 3 | Get Paid Instantly | Gallery | Diamonds | Gemstone | Watches | Gold | Necklaces | Gemstone | Necklaces | Our Promise to You | Transparency and Fairness | No-Obligation Consultations |  Personalized Service | Personal Relationship |  Confidentiality | Respect and Care |   Expertise |  Efficiency | FAQ | Book an Appoinment | See What Our Clients Say | Sarah H. | Michael R. | John D.
 | Ready to Get Cash for Gold & Diamonds in Los Angeles? | Cash for Gold, Diamonds & Watches in Los Angeles","WordPress author ID 2","2024-03-16T05:35:41","2026-08-25T23:33:53","[]","[]","https://cash4goldanddiamond.com/wp-content/uploads/2024/04/img1-2.webp | https://cash4goldanddiamond.com/wp-content/uploads/2024/04/img9-1.webp | https://cash4goldanddiamond.com/wp-content/uploads/2026/02/gold.webp | https://cash4goldanddiamond.com/wp-content/uploads/2024/04/img7-1.webp | https://cash4goldanddiamond.com/wp-content/uploads/2024/04/calendar-icon-1-1.svg | https://cash4goldanddiamond.com/wp-content/uploads/2024/04/administrator-developer-icon-1.svg | https://cash4goldanddiamond.com/wp-content/uploads/2024/04/mobile-money-transfer-icon-1.svg | https://cash4goldanddiamond.com/wp-content/uploads/2024/04/fairness-1.webp | https://cash4goldanddiamond.com/wp-content/uploads/2024/04/consultation-1.webp | https://cash4goldanddiamond.com/wp-content/uploads/2024/04/personalized-support-1.webp | https://cash4goldanddiamond.com/wp-content/uploads/2024/04/inspiration-1.webp | https://cash4goldanddiamond.com/wp-content/uploads/2024/04/confidentiality-1.webp | https://cash4goldanddiamond.com/wp-content/uploads/2024/04/diversity-1.webp | https://cash4goldanddiamond.com/wp-content/uploads/2024/04/rating-1.webp | https://cash4goldanddiamond.com/wp-content/uploads/2024/04/efficacy-1.webp","Los Angeles Gold & Diamond Sales for Top Dollar","Get free appraisals and same-day cash for gold and diamonds in Downtown LA. Trust us to get top dollar in los angeles. Call 310-663-1340.","https://cash4goldanddiamond.com/","follow, index, max-snippet:-1, max-video-preview:-1, max-image-preview:large","migration/pre-deployment/live-source/html/9fc84135df0a847270f831de8ef794710f1a8235e8ba060cc8b56ba27c0d8685.html","https://cash4goldanddiamond.com/","page-8a5edab282632443219e051e","Preserve route and compare sections","Owner facts: HOME-DISPLAY-AND-BUSINESS-NOTES.md; full disposition pending","BLOCKED — route present; source/metadata/disposition approval incomplete","wordpress-reconciliation.json; migration-comparison.json; substantive-review.json; verification.json"
"unavailable","page/archive","200","https://cash4goldanddiamond.com/locations.kml","2026-09-10T16:28:06.455Z","","migration/pre-deployment/live-source/html/1fcd20a6fe3038c768e22476c3564ceb4cb52e78d698798885350f785453e34f.html","0a83c25f7350005ba8b26fb8658c648b36081482d99a4855ddc43d70400a6462","","unavailable","","","[]","[]","","private Rank Math value unavailable","private Rank Math value unavailable","unavailable from source","unavailable from source","migration/pre-deployment/live-source/html/1fcd20a6fe3038c768e22476c3564ceb4cb52e78d698798885350f785453e34f.html","UNRESOLVED source error/redirect or export needed","","Investigate; no removal approved","Owner facts: HOME-DISPLAY-AND-BUSINESS-NOTES.md; full disposition pending","BLOCKED — no approved disposition","wordpress-reconciliation.json; migration-comparison.json; substantive-review.json; verification.json"
"unavailable","page/archive","200","https://cash4goldanddiamond.com/faq/","2026-09-10T16:28:08.354Z","FAQs: Cash 4 Gold & Diamond | Top 10 Questions Answered","migration/pre-deployment/live-source/html/6ee4840a86915c64fcdfd01ece520613a3669f1b25b7123b4eaf539c78b5d978.html","8d15ee6d79107bf1f2b01bf12e752ff143f96a0f2d5c17ab1dec0172c4cd32f0","FAQ | Frequently Asked Questions - Cash 4 Gold and Diamond","unavailable","","","[]","[]","","FAQs: Cash 4 Gold & Diamond | Top 10 Questions Answered","Have questions about selling gold and diamonds? Read our most asked cash for gold and diamonds FAQs. Cash 4 Gold and Diamond answers all your questions today!","https://cash4goldanddiamond.com/faqs/","follow, index, max-snippet:-1, max-video-preview:-1, max-image-preview:large","migration/pre-deployment/live-source/html/6ee4840a86915c64fcdfd01ece520613a3669f1b25b7123b4eaf539c78b5d978.html","https://cash4goldanddiamond.com/faqs/","page-91fabfe7707d38066827275c","Existing redirect mapping","Owner facts: HOME-DISPLAY-AND-BUSINESS-NOTES.md; full disposition pending","BLOCKED — route present; source/metadata/disposition approval incomplete","wordpress-reconciliation.json; migration-comparison.json; substantive-review.json; verification.json"
"unavailable","page/archive","200","https://cash4goldanddiamond.com/author/navid-lalezari/","2026-09-10T16:28:08.354Z","Navid, Author at Cash 4 Gold and Diamond","migration/pre-deployment/live-source/html/185c0ba70578035f42218b2925446429d93487b4bc566f547d2ad36139ef5608.html","85b84007a4ccf1e552b0d736cf6c7434faab43c6ceb54f414bbb246c01e2a62a","
		Best Gold Bars 2026: Top 5 Dealers Ranked & Compared
	 | 
		Best Price for Gold Coins in Los Angeles, CA | Cash 4 Gold & Diamonds
	 | 
		Best Gemstone Ring Buyers Los Angeles 2026: Top 5 Ranked
	 | 
		Best Certified Diamond Appraisers Los Angeles 2026: Top 5 Ranked
	 | 
		Best Gold Bracelet Buyers Los Angeles 2026: Top 5 Ranked
	 | 
		Best Sapphire & Diamond Jewelry Buyers in Los Angeles 2026
	 | 
		Best 14k Gold Rings 2026: Top 5 Ranked & Compared
	 | 
		Best 24K Gold Chains 2026: Top 5 Ranked & Compared
	 | 
		How to Know if Diamonds Are Worth Selling: 7 Key Factors
	 | 
		Best Trusted Jewelry Buyer in Los Angeles, CA 2026
	 | Recent Posts | Recent Comments","Post author:Navid","","","[""E-commerce & Retail"",""E-commerce & Retail"",""E-commerce & Retail"",""E-commerce & Retail"",""E-commerce & Retail"",""E-commerce & Retail"",""E-commerce & Retail"",""E-commerce & Retail"",""E-commerce & Retail"",""E-commerce & Retail""]","[]","https://cash4goldanddiamond.com/wp-content/uploads/2026/09/pexels-photo-8442325-300x200.jpeg | https://cash4goldanddiamond.com/wp-content/uploads/2026/09/pexels-photo-8844580-300x169.jpeg | https://cash4goldanddiamond.com/wp-content/uploads/2026/09/pexels-photo-35697086-300x200.jpeg | https://cash4goldanddiamond.com/wp-content/uploads/2026/09/pexels-photo-37991776-300x225.jpeg | https://cash4goldanddiamond.com/wp-content/uploads/2026/09/pexels-photo-37485307-300x200.jpeg | https://cash4goldanddiamond.com/wp-content/uploads/2026/09/pexels-photo-32988651-300x200.jpeg | https://cash4goldanddiamond.com/wp-content/uploads/2026/09/pexels-photo-9145395-300x200.jpeg | https://cash4goldanddiamond.com/wp-content/uploads/2026/09/pexels-photo-12194343-300x263.jpeg | https://cash4goldanddiamond.com/wp-content/uploads/2026/09/pexels-photo-5912127-300x200.jpeg | https://cash4goldanddiamond.com/wp-content/uploads/2026/08/pexels-photo-33441614-300x200.jpeg","Navid, Author at Cash 4 Gold and Diamond","private Rank Math value unavailable","unavailable from source","follow, noindex","migration/pre-deployment/live-source/html/185c0ba70578035f42218b2925446429d93487b4bc566f547d2ad36139ef5608.html","https://cash4goldanddiamond.com/author/navid-lalezari/","page-3dca5fa245d31385d95b06f9","Preserve route and compare sections","Owner facts: HOME-DISPLAY-AND-BUSINESS-NOTES.md; full disposition pending","BLOCKED — route present; source/metadata/disposition approval incomplete","wordpress-reconciliation.json; migration-comparison.json; substantive-review.json; verification.json"
"unavailable","page/archive","200","https://cash4goldanddiamond.com/e-commerce-retail/","2026-09-10T16:28:10.515Z","E-commerce & Retail - Cash 4 Gold and Diamond","migration/pre-deployment/live-source/html/16066c63bab079435f58e8015beb6bc9b53db515158d0d79a63f0ec54789bc28.html","3da706054bf1ed74a702b51ea467557d8641daed712e2b3a26264368e670750a","
		Best Gold Bars 2026: Top 5 Dealers Ranked & Compared
	 | 
		Best Price for Gold Coins in Los Angeles, CA | Cash 4 Gold & Diamonds
	 | 
		Best Gemstone Ring Buyers Los Angeles 2026: Top 5 Ranked
	 | 
		Best Fine Jewelry Buyers in Downtown Los Angeles, CA
	 | 
		Best Certified Diamond Appraisers Los Angeles 2026: Top 5 Ranked
	 | 
		Best Gold Bracelet Buyers Los Angeles 2026: Top 5 Ranked
	 | 
		Best Sapphire & Diamond Jewelry Buyers in Los Angeles 2026
	 | 
		Best 14k Gold Rings 2026: Top 5 Ranked & Compared
	 | 
		Best 24K Gold Chains 2026: Top 5 Ranked & Compared
	 | 
		How to Know if Diamonds Are Worth Selling: 7 Key Factors
	 | Recent Posts | Recent Comments","Post author:Navid","","","[""E-commerce & Retail"",""E-commerce & Retail"",""E-commerce & Retail"",""E-commerce & Retail"",""E-commerce & Retail"",""E-commerce & Retail"",""E-commerce & Retail"",""E-commerce & Retail"",""E-commerce & Retail"",""E-commerce & Retail""]","[]","https://cash4goldanddiamond.com/wp-content/uploads/2026/09/pexels-photo-8442325-300x200.jpeg | https://cash4goldanddiamond.com/wp-content/uploads/2026/09/pexels-photo-8844580-300x169.jpeg | https://cash4goldanddiamond.com/wp-content/uploads/2026/09/pexels-photo-35697086-300x200.jpeg | https://cash4goldanddiamond.com/wp-content/uploads/2026/09/pexels-photo-30171478-300x200.jpeg | https://cash4goldanddiamond.com/wp-content/uploads/2026/09/pexels-photo-37991776-300x225.jpeg | https://cash4goldanddiamond.com/wp-content/uploads/2026/09/pexels-photo-37485307-300x200.jpeg | https://cash4goldanddiamond.com/wp-content/uploads/2026/09/pexels-photo-32988651-300x200.jpeg | https://cash4goldanddiamond.com/wp-content/uploads/2026/09/pexels-photo-9145395-300x200.jpeg | https://cash4goldanddiamond.com/wp-content/uploads/2026/09/pexels-photo-12194343-300x263.jpeg | https://cash4goldanddiamond.com/wp-content/uploads/2026/09/pexels-photo-5912127-300x200.jpeg","E-commerce & Retail - Cash 4 Gold and Diamond","private Rank Math value unavailable","unavailable from source","follow, noindex","migration/pre-deployment/live-source/html/16066c63bab079435f58e8015beb6bc9b53db515158d0d79a63f0ec54789bc28.html","https://cash4goldanddiamond.com/e-commerce-retail/","page-57e1ac11516df40763858a81","Preserve route and compare sections","Owner facts: HOME-DISPLAY-AND-BUSINESS-NOTES.md; full disposition pending","BLOCKED — route present; source/metadata/disposition approval incomplete","wordpress-reconciliation.json; migration-comparison.json; substantive-review.json; verification.json"
"unavailable","page/archive","200","https://cash4goldanddiamond.com/about/","2026-09-10T16:28:10.514Z","Sell Gold and Diamonds Online with Cash 4 Gold & Diamond","migration/pre-deployment/live-source/html/fc4713fc3f355fcd146df29ce74b01bd9ed3b0e045bf40204ce85f448dc523a3.html","dd8e0988b62e1c7d41414143f16dc359950ecb3c455b93f767511e3ee48c577f","About Cash 4 Gold & Diamonds, Los Angeles | Over the years, we have honed our skills and understanding of the value of various types of jewelry, whether it be loose diamonds from engagement rings, gold bars, coins, or scrap unwanted jewelry. Our commitment is to offer our valued clients a service they can rely on, backed by our years of experience and dedication to integrity. | How to Successfully Sell Gold and Diamonds Online","unavailable","","","[]","[]","","Sell Gold and Diamonds Online with Cash 4 Gold & Diamond","Learn about Cash 4 Gold & Diamond, the trusted platform to sell gold and diamonds online for the best price and fast service.","https://cash4goldanddiamond.com/about-us-sell-gold-and-diamonds-online/","follow, index, max-snippet:-1, max-video-preview:-1, max-image-preview:large","migration/pre-deployment/live-source/html/fc4713fc3f355fcd146df29ce74b01bd9ed3b0e045bf40204ce85f448dc523a3.html","https://cash4goldanddiamond.com/about-us-sell-gold-and-diamonds-online/","page-80669c4c29ee59043740275f","Existing redirect mapping","Owner facts: HOME-DISPLAY-AND-BUSINESS-NOTES.md; full disposition pending","BLOCKED — route present; source/metadata/disposition approval incomplete","wordpress-reconciliation.json; migration-comparison.json; substantive-review.json; verification.json"
"unavailable","post","200","https://cash4goldanddiamond.com/best-place-to-sell-jewelry-in-los-angeles/","2026-09-10T16:28:10.515Z","Best Place to Sell Jewelry in Los Angeles: Top 6 Buyers","migration/pre-deployment/live-source/html/9d4ceec721a49a3f2e55e72c3954eed3eccdc594a94e3a025e3beaebeaab4253.html","ef89ac9c478e429de880371cc1398fc65ad2446ad9dcdfd14d10609484ba4ab8","","Navid","2026-07-25T13:01:40+00:00","2026-09-10T13:43:55.944Z","[""E-commerce & Retail""]","[]","https://cash4goldanddiamond.com/wp-content/uploads/2026/07/best-place-sell-jewelry-los-angeles-evaluation.webp-300x169.png | https://cash4goldanddiamond.com/wp-content/uploads/2026/07/compare-jewelry-quotes-final-offers-los-angeles.webp-300x169.png | https://cash4goldanddiamond.com/wp-content/uploads/2026/07/downtown-los-angeles-jewelry-buyer-evaluation.webp-300x169.png","Best Place to Sell Jewelry in Los Angeles: Top 6 Buyers","Looking for the best place to sell jewelry in Los Angeles? Compare 6 top jewelry buyers for fair offers, expert evaluations and same-day cash.","https://cash4goldanddiamond.com/best-place-to-sell-jewelry-los-angeles/","follow, index, max-snippet:-1, max-video-preview:-1, max-image-preview:large","migration/pre-deployment/live-source/html/9d4ceec721a49a3f2e55e72c3954eed3eccdc594a94e3a025e3beaebeaab4253.html","https://cash4goldanddiamond.com/best-place-to-sell-jewelry-los-angeles/","page-ad7d7034e766c0dc0c5fa4b5","Preserve route; proposed editorial revision retained separately","Rewrite preparation authorized; human factual/media approval not recorded","BLOCKED — route present; source/metadata/disposition approval incomplete","wordpress-reconciliation.json; migration-comparison.json; substantive-review.json; verification.json"
"unavailable","post","200","https://cash4goldanddiamond.com/10k-gold-price-per-gram-at-a-pawn-shop-everything-you-need-to-know/","2026-09-10T16:28:11.538Z","10K Gold Price Per Gram at Pawn Shops | Los Angeles","migration/pre-deployment/live-source/html/dc04f30bcf03d0482ad3fe19406ca1cff443a5b8a7d6843971eefc1a38036a61.html","ab1d64d6fa007a10f48c62e04133609118b78064abbd1b372fa4948369dbf702","How Is the 10K Gold Price Per Gram Calculated? | How Much Do Pawn Shops Pay Per Gram for 10K Gold? | Why Is 10K Gold Worth Less Than 14K or 18K Gold? | What Determines How Much Your 10K Gold Jewelry Is Worth? | 1. Gold Purity | 2. Weight | 3. Current Gold Spot Price | 4. Diamonds and Gemstones | 5. Brand and Resale Value | 10K Gold Value Example | Is 10K Gold Considered Scrap Gold? | Pawn Shop vs. Gold Buyer: Where Should You Sell 10K Gold? | How to Get the Best Price for Your 10K Gold | Check the Gold Market | Know the Karat | Know the Weight | Get an In-Person Evaluation | Compare Offers | Don’t Assume Everything Should Be Melted | Can You Sell 10K Gold Without a Receipt? | Does Cleaning 10K Gold Increase Its Value? | Does a 10K Gold Stamp Guarantee the Jewelry Is Real? | What If My 10K Gold Jewelry Contains Diamonds? | Where to Sell 10K Gold in Los Angeles | Why Sell 10K Gold to Cash 4 Gold & Diamonds? | Frequently Asked Questions About 10K Gold Prices | How much is 10K gold worth per gram? | How much will a pawn shop pay for 10K gold? | Is 10K gold real gold? | What does 417 mean on gold jewelry? | How much is a 10-gram 10K gold chain worth? | Is broken 10K gold still valuable? | Is 14K gold worth more than 10K gold? | Should I sell 10K gold to a pawn shop or gold buyer? | Get Your 10K Gold Evaluated in Downtown Los Angeles","Navid","2024-12-27T18:32:00+00:00","2026-09-09T23:07:37.864Z","[""Cash For Gold""]","[]","https://cash4goldanddiamond.com/wp-content/uploads/2024/12/10k-gold-price-per-gram-los-angeles.webp-1024x683.png","10K Gold Price Per Gram at Pawn Shops | Los Angeles","Find the 10K gold price per gram, learn how pawn shops value 10K gold, and see how to get a better offer when selling gold in Los Angeles.","https://cash4goldanddiamond.com/10k-gold-price-per-gram-pawn-shop/","follow, index, max-snippet:-1, max-video-preview:-1, max-image-preview:large","migration/pre-deployment/live-source/html/dc04f30bcf03d0482ad3fe19406ca1cff443a5b8a7d6843971eefc1a38036a61.html","https://cash4goldanddiamond.com/10k-gold-price-per-gram-pawn-shop/","page-6b231ce8ba85ba732d0208cf","Preserve route; proposed editorial revision retained separately","Rewrite preparation authorized; human factual/media approval not recorded","BLOCKED — route present; source/metadata/disposition approval incomplete","wordpress-reconciliation.json; migration-comparison.json; substantive-review.json; verification.json"
"unavailable","page/archive","200","https://cash4goldanddiamond.com/start-selling/","2026-09-10T16:28:11.536Z","Sell Gold and Diamonds Online: 7 Tips to get Best Price","migration/pre-deployment/live-source/html/f65a4cfaa74afabe3c3183ef0da7500729efa99b8240e8136bc0ce6ff1c70fa6.html","4f71904c4fc9f24c3a25968e17de12c8cc91049c47cb2eb3d16e6e03e2938735","Sell Gold, Diamonds, Watches & Gemstones in Los Angeles | Unlock their full potential with our trusted appraisal process | Welcome to our store! | SELL YOUR DIAMONDS | SELL YOUR WATCHES | SELL YOUR GOLD | SELL YOUR GEMSTONE","unavailable","","","[]","[]","","Sell Gold and Diamonds Online: 7 Tips to get Best Price","Want to sell gold and diamonds? Cash 4 Gold and Diamond has been trusted by you since 2007, offering the best prices for your jewelry!","https://cash4goldanddiamond.com/start-selling-gold-and-diamonds/","follow, index, max-snippet:-1, max-video-preview:-1, max-image-preview:large","migration/pre-deployment/live-source/html/f65a4cfaa74afabe3c3183ef0da7500729efa99b8240e8136bc0ce6ff1c70fa6.html","https://cash4goldanddiamond.com/start-selling-gold-and-diamonds/","page-273aefb5f5bdd8ba696cf941","Existing redirect mapping","Owner facts: HOME-DISPLAY-AND-BUSINESS-NOTES.md; full disposition pending","BLOCKED — route present; source/metadata/disposition approval incomplete","wordpress-reconciliation.json; migration-comparison.json; substantive-review.json; verification.json"
"unavailable","page/archive","200","https://cash4goldanddiamond.com/sell-your-diamond/","2026-09-10T16:28:11.537Z","Diamond Buyers Los Angeles | Sell Diamonds for Cash","migration/pre-deployment/live-source/html/760ec27eb3a58564831dfd55cfcc852b0ee69622773d0bb2f1d4f80f1a677a88.html","3aedbf110db51a42fee06cdbde686b00174c3c606945dc5f755b9dd5cdcbb266","Diamond Buyers Los Angeles – Sell Your Diamonds for Cash | What Types of Diamonds Do We Buy in Los Angeles? | 
						
							Schedule Your Diamond Evaluation						
					 | 
						
							Expert Diamond Evaluation						
					 | 
						
							Receive Your Offer						
					 | Understanding Your Diamond Before You Sell | 
						
							Selling a GIA Diamond in Los Angeles						
					 | 
						
							How Is a Diamond’s Value Determined?						
					 | Carat Weight | Cut | Color | Clarity | 
						
							Sell Your Diamond Engagement Ring in Los Angeles						
					 | Why Sell Your Diamond to Cash 4 Gold & Diamonds? | Get an Item-Specific Diamond Offer | Local Diamond Buyer vs. Consignment or Auction | Direct Local Diamond Buyer | Consignment | Auction | Frequently Asked Questions About Selling Diamonds in Los Angeles | Where can I sell a diamond in Los Angeles? | Do I need a GIA certificate to sell my diamond? | What determines how much my diamond is worth? | Do you buy loose diamonds? | Can I sell an engagement ring? | Should I bring my GIA report? | How do I compare offers from diamond buyers? | Is a diamond evaluation the same as an insurance appraisal? | Ready to Sell Your Diamond in Los Angeles? |  More Jewelry Selling Guides  | Best Gold Bars 2026: Top 5 Dealers Ranked & Compared | Best Price for Gold Coins in Los Angeles, CA | Cash 4 Gold & Diamonds | Best Gemstone Ring Buyers Los Angeles 2026: Top 5 Ranked | Best Fine Jewelry Buyers in Downtown Los Angeles, CA | Best Certified Diamond Appraisers Los Angeles 2026: Top 5 Ranked | Best Gold Bracelet Buyers Los Angeles 2026: Top 5 Ranked","Navid","","2026-09-10T03:54:07.107Z","[]","[]","https://cash4goldanddiamond.com/wp-content/uploads/2024/04/sell-diamonds-at-unigloimg-1.webp | https://cash4goldanddiamond.com/wp-content/uploads/2026/09/pexels-photo-8442325.jpeg | https://cash4goldanddiamond.com/wp-content/uploads/2026/09/pexels-photo-8844580.jpeg | https://cash4goldanddiamond.com/wp-content/uploads/2026/09/pexels-photo-35697086.jpeg | https://cash4goldanddiamond.com/wp-content/uploads/2026/09/pexels-photo-30171478.jpeg | https://cash4goldanddiamond.com/wp-content/uploads/2026/09/pexels-photo-37991776.jpeg | https://cash4goldanddiamond.com/wp-content/uploads/2026/09/pexels-photo-37485307.jpeg","Diamond Buyers Los Angeles | Sell Diamonds for Cash","Sell diamonds in Los Angeles for a competitive cash offer. We evaluate GIA diamonds, loose stones, engagement rings and diamond jewelry in DTLA.","https://cash4goldanddiamond.com/sell-your-diamonds-in-los-angeles/","follow, index, max-snippet:-1, max-video-preview:-1, max-image-preview:large","migration/pre-deployment/live-source/html/760ec27eb3a58564831dfd55cfcc852b0ee69622773d0bb2f1d4f80f1a677a88.html","https://cash4goldanddiamond.com/sell-your-diamonds-in-los-angeles/","page-1d8666bfa78812192c6ff90c","Existing redirect mapping","Owner facts: HOME-DISPLAY-AND-BUSINESS-NOTES.md; full disposition pending","BLOCKED — route present; source/metadata/disposition approval incomplete","wordpress-reconciliation.json; migration-comparison.json; substantive-review.json; verification.json"
"unavailable","post","200","https://cash4goldanddiamond.com/free-diamond-appraisal-los-angeles/","2026-09-10T16:28:12.952Z","Free Diamond Appraisal Los Angeles: Same Day Cash Guide","migration/pre-deployment/live-source/html/2de9c6604c7e5ee725802a42a8e11d98ea6fe1f5fe76087bd2521f81726733e4.html","4a4eee47de9750e2ac28c4c72b687c0baf25d8d10feb1ab70c4f4ec0a3e48910","What a Free Diamond Appraisal Actually Means | Why Same-Day Cash Matters When You Need Liquidity | How the Appraisal Process Works: Step by Step | Local Buyer vs. Online Appraisal Tools: What’s the Real Difference | What Certifications and Credentials Actually Matter | Red Flags: What Not to Accept | Getting the Best Offer: What You Should Know Before Walking In | Same-Day Cash: The Logistics That Actually Work | When to Get Multiple Appraisals and When You Probably Don’t Need To | How long does a diamond appraisal actually take? | What do I need to bring for a free appraisal? | What if I don’t like the offer? Can I walk away? | Is same-day cash safe for high-value diamonds? | You might also like","Navid","2026-08-10T19:43:23+00:00","2026-09-10T04:38:10.373Z","[""E-commerce & Retail""]","[]","https://images.unsplash.com/photo-1664044020180-b75bfddf9776?crop=entropy&cs=tinysrgb&fit=max&fm=jpg&ixid=M3w5MDgxNDV8MHwxfHNlYXJjaHwyfHxFLWNvbW1lcmNlJTIwJTI2JTIwUmV0YWlsJTIwZnJlZSUyMGRpYW1vbmQlMjBhcHByYWlzYWx8ZW58MHwwfHx8MTc4MTcyMjk4N3ww&ixlib=rb-4.1.0&q=80&w=1080 | https://images.pexels.com/photos/5632397/pexels-photo-5632397.jpeg?auto=compress&cs=tinysrgb&h=650&w=940","Free Diamond Appraisal Los Angeles: Same Day Cash Guide","Get a free diamond appraisal and same-day cash in Los Angeles. Expert GIA evaluations, transparent pricing, and immediate payment—no pressure.","https://cash4goldanddiamond.com/free-diamond-appraisal-same-day-cash/","follow, index, max-snippet:-1, max-video-preview:-1, max-image-preview:large","migration/pre-deployment/live-source/html/2de9c6604c7e5ee725802a42a8e11d98ea6fe1f5fe76087bd2521f81726733e4.html","https://cash4goldanddiamond.com/free-diamond-appraisal-same-day-cash/","page-4e794dc4177e4f8e7c889c8b","Preserve route; proposed editorial revision retained separately","Rewrite preparation authorized; human factual/media approval not recorded","BLOCKED — route present; source/metadata/disposition approval incomplete","wordpress-reconciliation.json; migration-comparison.json; substantive-review.json; verification.json"
"unavailable","tag archive","200","https://cash4goldanddiamond.com/tag/pawn-shop/","2026-09-10T16:28:12.953Z","Sell Gold at Pawn Shop | Cash 4 Gold and Diamond","migration/pre-deployment/live-source/html/68f47352a010a825eab849af4bfe36c2edb987c3e55b4bdbed5639535167f0f3.html","388bfa91d7842c6753b99e2e18a72f2c2a973cb4e0c220ef2e86322b737f4703","
		How Much Do Pawn Shops Pay for Gold?
	 | 
		10K Gold Price Per Gram at a Pawn Shop: Everything You Need to Know
	 | Recent Posts | Recent Comments","Post author:Navid","","","[""Cash For Gold"",""Cash For Gold""]","[]","https://cash4goldanddiamond.com/wp-content/uploads/2024/12/god-300x168.webp | https://cash4goldanddiamond.com/wp-content/uploads/2024/12/woman-buying-ring-in-a-jewelry-store-4-1-300x300.webp","Sell Gold at Pawn Shop | Cash 4 Gold and Diamond","Looking to sell gold at a pawn shop? Get key insights for your jewelry from Cash 4 Gold and Diamond.","unavailable from source","follow, noindex","migration/pre-deployment/live-source/html/68f47352a010a825eab849af4bfe36c2edb987c3e55b4bdbed5639535167f0f3.html","https://cash4goldanddiamond.com/tag/pawn-shop/","page-023ab5f2f35022fd0d55c503","Preserve route and compare sections","Owner facts: HOME-DISPLAY-AND-BUSINESS-NOTES.md; full disposition pending","BLOCKED — route present; source/metadata/disposition approval incomplete","wordpress-reconciliation.json; migration-comparison.json; substantive-review.json; verification.json"
"unavailable","tag archive","200","https://cash4goldanddiamond.com/tag/sell-your-gold-at-pawn-shop/","2026-09-10T16:28:12.953Z","Sell your Gold at Pawn Shop | Cash 4 Gold and Diamond","migration/pre-deployment/live-source/html/24510a91e404f08b2ce398774cb502b404d7ece3e6ad3bdb9fe720cb54f73dc0.html","2b9bd9b0b5e5b26046c82fcaaeb8a5643dc93070446ca8f32d3bb0fff11eda3d","
		How Much Do Pawn Shops Pay for Gold?
	 | 
		10K Gold Price Per Gram at a Pawn Shop: Everything You Need to Know
	 | Recent Posts | Recent Comments","Post author:Navid","","","[""Cash For Gold"",""Cash For Gold""]","[]","https://cash4goldanddiamond.com/wp-content/uploads/2024/12/god-300x168.webp | https://cash4goldanddiamond.com/wp-content/uploads/2024/12/woman-buying-ring-in-a-jewelry-store-4-1-300x300.webp","Sell your Gold at Pawn Shop | Cash 4 Gold and Diamond","Looking to sell your gold at pawn shop? Get the best value for your gold jewelry and coins at Cash 4 Gold and Diamond. Fast, secure, trusted.","unavailable from source","follow, noindex","migration/pre-deployment/live-source/html/24510a91e404f08b2ce398774cb502b404d7ece3e6ad3bdb9fe720cb54f73dc0.html","https://cash4goldanddiamond.com/tag/sell-your-gold-at-pawn-shop/","page-c3e3f9359a528cd9e0a7ab11","Preserve route and compare sections","Owner facts: HOME-DISPLAY-AND-BUSINESS-NOTES.md; full disposition pending","BLOCKED — route present; source/metadata/disposition approval incomplete","wordpress-reconciliation.json; migration-comparison.json; substantive-review.json; verification.json"
"unavailable","page/archive","200","https://cash4goldanddiamond.com/uncategorized/","2026-09-10T16:28:15.035Z","Uncategorized - Cash 4 Gold and Diamond","migration/pre-deployment/live-source/html/6a95ddf3a482e406da1d35fb3dece910db3757b06fc43d4ac6c713515247dd03.html","a0caae2e2c3be388646208d540f0f55a35949f63766e06836a1624ecb25dcfa3","
		14K Gold Price Per Gram: How Much Is 14K Gold Worth in Los Angeles?
	 | Recent Posts | Recent Comments","Post author:Navid","","","[""Uncategorized""]","[]","","Uncategorized - Cash 4 Gold and Diamond","private Rank Math value unavailable","unavailable from source","follow, noindex","migration/pre-deployment/live-source/html/6a95ddf3a482e406da1d35fb3dece910db3757b06fc43d4ac6c713515247dd03.html","https://cash4goldanddiamond.com/uncategorized/","page-b36dca27ae39c8863f7541c7","Preserve route and compare sections","Owner facts: HOME-DISPLAY-AND-BUSINESS-NOTES.md; full disposition pending","BLOCKED — route present; source/metadata/disposition approval incomplete","wordpress-reconciliation.json; migration-comparison.json; substantive-review.json; verification.json"
"unavailable","tag archive","200","https://cash4goldanddiamond.com/tag/14k-gold/","2026-09-10T16:28:15.035Z","14K gold - Cash 4 Gold and Diamond","migration/pre-deployment/live-source/html/5d4c019a264bc614f09964ecc57314e59b7f9cf7ff76fcd0172690f994d1094f.html","c131e742f21c3c42787f0c923d00eb7da74ba75c8c3475c7a3186d71f81f6f9e","
		14K Gold Price Per Gram: How Much Is 14K Gold Worth in Los Angeles?
	 | Recent Posts | Recent Comments","Post author:Navid","","","[""Uncategorized""]","[]","","14K gold - Cash 4 Gold and Diamond","private Rank Math value unavailable","unavailable from source","follow, noindex","migration/pre-deployment/live-source/html/5d4c019a264bc614f09964ecc57314e59b7f9cf7ff76fcd0172690f994d1094f.html","https://cash4goldanddiamond.com/tag/14k-gold/","page-eeb83e7d5537f8d284f8b3af","Preserve route and compare sections","Owner facts: HOME-DISPLAY-AND-BUSINESS-NOTES.md; full disposition pending","BLOCKED — route present; source/metadata/disposition approval incomplete","wordpress-reconciliation.json; migration-comparison.json; substantive-review.json; verification.json"
"unavailable","page/archive","200","https://cash4goldanddiamond.com/cash-for-gold/","2026-09-10T16:28:15.034Z","Cash For Gold - Cash 4 Gold and Diamond","migration/pre-deployment/live-source/html/c50b557046b509a6d3bafb45006cbcd94bc7e4a5845f4c2a2f17342281824f7c.html","2ee2c10eda5757cb13a378cbd2de1145e4a83379f5a94d716b198fef9fae3a41","
		How Is Gold Valued? A Los Angeles Seller’s Guide to Gold Purity, Weight & Spot Price
	 | 
		Where to Sell Gold in Los Angeles: How to Get the Best Price for Your Gold
	 | 
		How Much Do Pawn Shops Pay for Gold? What Los Angeles Sellers Should Know
	 | 
		Where to Sell Your Antique Gold Jewelry for the Best Price: Expert Guide
	 | 
		Local Gold Buyers vs. Online Gold Buyers. Which One Is Best?
	 | 
		Selling Scrap Gold: Your Ultimate Guide to Maximizing Value
	 | 
		How much will a 14k gold necklace worth pay me?
	 | 
		How Much Do Pawn Shops Pay for Gold?
	 | 
		How Much is 10kt Gold Worth?
	 | 
		10K Gold Price Per Gram at a Pawn Shop: Everything You Need to Know
	 | Recent Posts | Recent Comments","Post author:Navid","","","[""Cash For Gold"",""Cash For Gold"",""Cash For Gold"",""Cash For Gold"",""Cash For Gold"",""Cash For Gold"",""Cash For Gold"",""Cash For Gold"",""Cash For Gold"",""Cash For Gold""]","[]","https://cash4goldanddiamond.com/wp-content/uploads/2026/08/ChatGPT-Image-Aug-13-2026-01_13_57-PM-300x200.png | https://cash4goldanddiamond.com/wp-content/uploads/2026/08/ChatGPT-Image-Aug-13-2026-12_46_21-PM-300x200.png | https://cash4goldanddiamond.com/wp-content/uploads/2026/08/ChatGPT-Image-Aug-13-2026-11_19_09-AM-300x200.png | https://cash4goldanddiamond.com/wp-content/uploads/2025/01/images-9.webp | https://cash4goldanddiamond.com/wp-content/uploads/2025/01/online-vs-gold-buyers.jpeg | https://cash4goldanddiamond.com/wp-content/uploads/2025/01/scrap-gold-2-300x156.webp | https://cash4goldanddiamond.com/wp-content/uploads/2025/01/download-5.webp | https://cash4goldanddiamond.com/wp-content/uploads/2024/12/god-300x168.webp | https://cash4goldanddiamond.com/wp-content/uploads/2024/12/download-9-e1735530723144.webp | https://cash4goldanddiamond.com/wp-content/uploads/2024/12/woman-buying-ring-in-a-jewelry-store-4-1-300x300.webp","Cash For Gold - Cash 4 Gold and Diamond","private Rank Math value unavailable","unavailable from source","follow, noindex","migration/pre-deployment/live-source/html/c50b557046b509a6d3bafb45006cbcd94bc7e4a5845f4c2a2f17342281824f7c.html","https://cash4goldanddiamond.com/cash-for-gold/","page-ff43f58023f0c0455ba1623d","Preserve route and compare sections","Owner facts: HOME-DISPLAY-AND-BUSINESS-NOTES.md; full disposition pending","BLOCKED — route present; source/metadata/disposition approval incomplete","wordpress-reconciliation.json; migration-comparison.json; substantive-review.json; verification.json"
"unavailable","tag archive","200","https://cash4goldanddiamond.com/tag/14k-gold-price-per-gram/","2026-09-10T16:28:17.180Z","14K gold price per gram - Cash 4 Gold and Diamond","migration/pre-deployment/live-source/html/f40dac6c28a4557f86861c3b9aa8ad6d5dcdbc75b0f69a2675f7f641dc222aa5.html","39f3981011f11669f8dc172b39c820bb36ab2b159946ba637f6f10734cd6ea60","
		14K Gold Price Per Gram: How Much Is 14K Gold Worth in Los Angeles?
	 | Recent Posts | Recent Comments","Post author:Navid","","","[""Uncategorized""]","[]","","14K gold price per gram - Cash 4 Gold and Diamond","private Rank Math value unavailable","unavailable from source","follow, noindex","migration/pre-deployment/live-source/html/f40dac6c28a4557f86861c3b9aa8ad6d5dcdbc75b0f69a2675f7f641dc222aa5.html","https://cash4goldanddiamond.com/tag/14k-gold-price-per-gram/","page-85ea9dfbddc423ad4185b1c1","Preserve route and compare sections","Owner facts: HOME-DISPLAY-AND-BUSINESS-NOTES.md; full disposition pending","BLOCKED — route present; source/metadata/disposition approval incomplete","wordpress-reconciliation.json; migration-comparison.json; substantive-review.json; verification.json"
"unavailable","tag archive","200","https://cash4goldanddiamond.com/tag/14k-gold-price/","2026-09-10T16:28:17.180Z","14K gold price - Cash 4 Gold and Diamond","migration/pre-deployment/live-source/html/e529650e9e9eef82a36d83c3a8fc9be3e9e74960b4a5815c6fe5d06143a5f05f.html","2814646598e3595dc865c531a7448c0b7158ead0d5c3e9171046359fc1e87e8e","
		14K Gold Price Per Gram: How Much Is 14K Gold Worth in Los Angeles?
	 | Recent Posts | Recent Comments","Post author:Navid","","","[""Uncategorized""]","[]","","14K gold price - Cash 4 Gold and Diamond","private Rank Math value unavailable","unavailable from source","follow, noindex","migration/pre-deployment/live-source/html/e529650e9e9eef82a36d83c3a8fc9be3e9e74960b4a5815c6fe5d06143a5f05f.html","https://cash4goldanddiamond.com/tag/14k-gold-price/","page-c68e721b23b6654a7c2c0fae","Preserve route and compare sections","Owner facts: HOME-DISPLAY-AND-BUSINESS-NOTES.md; full disposition pending","BLOCKED — route present; source/metadata/disposition approval incomplete","wordpress-reconciliation.json; migration-comparison.json; substantive-review.json; verification.json"
"unavailable","tag archive","200","https://cash4goldanddiamond.com/tag/14k-gold-value/","2026-09-10T16:28:17.180Z","14K gold value - Cash 4 Gold and Diamond","migration/pre-deployment/live-source/html/29fb657afb8765e8a3cf2e379fbcd5fe92b840d03e937e1afd125c907cd77b01.html","86efacbadcf07621ba5d2403117c930f1f11d5be8402c4b9ad279863475571dc","
		14K Gold Price Per Gram: How Much Is 14K Gold Worth in Los Angeles?
	 | Recent Posts | Recent Comments","Post author:Navid","","","[""Uncategorized""]","[]","","14K gold value - Cash 4 Gold and Diamond","private Rank Math value unavailable","unavailable from source","follow, noindex","migration/pre-deployment/live-source/html/29fb657afb8765e8a3cf2e379fbcd5fe92b840d03e937e1afd125c907cd77b01.html","https://cash4goldanddiamond.com/tag/14k-gold-value/","page-d781446b8f962579f7c55d39","Preserve route and compare sections","Owner facts: HOME-DISPLAY-AND-BUSINESS-NOTES.md; full disposition pending","BLOCKED — route present; source/metadata/disposition approval incomplete","wordpress-reconciliation.json; migration-comparison.json; substantive-review.json; verification.json"
"unavailable","tag archive","200","https://cash4goldanddiamond.com/tag/downtown-los-angeles-gold-buyer/","2026-09-10T16:28:19.500Z","Downtown Los Angeles gold buyer - Cash 4 Gold and Diamond","migration/pre-deployment/live-source/html/8275aa7671d5bca2050e34307ee1c758e6fc00802f1448cdd105cfab6df6145c.html","9aae5cd358ecf83f380efe535f53569cea7bb406e8efdc23d6351871df0f7a7f","
		14K Gold Price Per Gram: How Much Is 14K Gold Worth in Los Angeles?
	 | Recent Posts | Recent Comments","Post author:Navid","","","[""Uncategorized""]","[]","","Downtown Los Angeles gold buyer - Cash 4 Gold and Diamond","private Rank Math value unavailable","unavailable from source","follow, noindex","migration/pre-deployment/live-source/html/8275aa7671d5bca2050e34307ee1c758e6fc00802f1448cdd105cfab6df6145c.html","https://cash4goldanddiamond.com/tag/downtown-los-angeles-gold-buyer/","page-f873c1ce149a69e71c946dfe","Preserve route and compare sections","Owner facts: HOME-DISPLAY-AND-BUSINESS-NOTES.md; full disposition pending","BLOCKED — route present; source/metadata/disposition approval incomplete","wordpress-reconciliation.json; migration-comparison.json; substantive-review.json; verification.json"
"unavailable","tag archive","200","https://cash4goldanddiamond.com/tag/sell-14k-gold/","2026-09-10T16:28:19.500Z","sell 14K gold - Cash 4 Gold and Diamond","migration/pre-deployment/live-source/html/91cdbfe0e567105f578d4363956163a873fe411b8b5d55b1967d858e69be727f.html","79e1d8fba6ec252872342d3a3b4e98750b704f4da43ba157ac87c9d428005a8f","
		14K Gold Price Per Gram: How Much Is 14K Gold Worth in Los Angeles?
	 | Recent Posts | Recent Comments","Post author:Navid","","","[""Uncategorized""]","[]","","sell 14K gold - Cash 4 Gold and Diamond","private Rank Math value unavailable","unavailable from source","follow, noindex","migration/pre-deployment/live-source/html/91cdbfe0e567105f578d4363956163a873fe411b8b5d55b1967d858e69be727f.html","https://cash4goldanddiamond.com/tag/sell-14k-gold/","page-a11572f393224c2fef38abd7","Preserve route and compare sections","Owner facts: HOME-DISPLAY-AND-BUSINESS-NOTES.md; full disposition pending","BLOCKED — route present; source/metadata/disposition approval incomplete","wordpress-reconciliation.json; migration-comparison.json; substantive-review.json; verification.json"
"unavailable","tag archive","200","https://cash4goldanddiamond.com/tag/gold-price-per-gram/","2026-09-10T16:28:19.500Z","gold price per gram - Cash 4 Gold and Diamond","migration/pre-deployment/live-source/html/10c7269d822a6751ad53f5fadee18c796af08c4754d05fe5c5e79638251bdb8b.html","a5ed58ceff00fc92bc898d6b673dfaa620539860e8b92acc6074e6ba76627b22","
		14K Gold Price Per Gram: How Much Is 14K Gold Worth in Los Angeles?
	 | Recent Posts | Recent Comments","Post author:Navid","","","[""Uncategorized""]","[]","","gold price per gram - Cash 4 Gold and Diamond","private Rank Math value unavailable","unavailable from source","follow, noindex","migration/pre-deployment/live-source/html/10c7269d822a6751ad53f5fadee18c796af08c4754d05fe5c5e79638251bdb8b.html","https://cash4goldanddiamond.com/tag/gold-price-per-gram/","page-37fa6e4561b0d31eec94cd7b","Preserve route and compare sections","Owner facts: HOME-DISPLAY-AND-BUSINESS-NOTES.md; full disposition pending","BLOCKED — route present; source/metadata/disposition approval incomplete","wordpress-reconciliation.json; migration-comparison.json; substantive-review.json; verification.json"
"unavailable","tag archive","200","https://cash4goldanddiamond.com/tag/gold-buyer-los-angeles/","2026-09-10T16:28:21.964Z","gold buyer los angeles - Cash 4 Gold and Diamond","migration/pre-deployment/live-source/html/ebc5acd9db9106c992933567ba01d4901962ecfd295f18f61c9dbea7f5eaef30.html","9ba2f05b400470d2fd7423b6bb72dcbf321e3b806600efcf2947c15a15706d23","
		14K Gold Price Per Gram: How Much Is 14K Gold Worth in Los Angeles?
	 | Recent Posts | Recent Comments","Post author:Navid","","","[""Uncategorized""]","[]","","gold buyer los angeles - Cash 4 Gold and Diamond","private Rank Math value unavailable","unavailable from source","follow, noindex","migration/pre-deployment/live-source/html/ebc5acd9db9106c992933567ba01d4901962ecfd295f18f61c9dbea7f5eaef30.html","https://cash4goldanddiamond.com/tag/gold-buyer-los-angeles/","page-94753067ed3569b4d68c2b96","Preserve route and compare sections","Owner facts: HOME-DISPLAY-AND-BUSINESS-NOTES.md; full disposition pending","BLOCKED — route present; source/metadata/disposition approval incomplete","wordpress-reconciliation.json; migration-comparison.json; substantive-review.json; verification.json"
"unavailable","tag archive","200","https://cash4goldanddiamond.com/tag/gold-buyers-los-angeles/","2026-09-10T16:28:21.965Z","Gold Buyers Los Angeles - Cash 4 Gold and Diamond","migration/pre-deployment/live-source/html/f4d73dd19ea99cd4197bc89aaca40cb117d7321c8ea2fabd993b17d37e872c8b.html","5d69b7fb831988b04b87f4e3f04bae1e04ea10b2fdf47cc4246a822fe7bcd901","
		Where to Sell Gold in Los Angeles: How to Get the Best Price for Your Gold
	 | Recent Posts | Recent Comments","Post author:Navid","","","[""Cash For Gold""]","[]","https://cash4goldanddiamond.com/wp-content/uploads/2026/08/ChatGPT-Image-Aug-13-2026-12_46_21-PM-300x200.png","Gold Buyers Los Angeles - Cash 4 Gold and Diamond","private Rank Math value unavailable","unavailable from source","follow, noindex","migration/pre-deployment/live-source/html/f4d73dd19ea99cd4197bc89aaca40cb117d7321c8ea2fabd993b17d37e872c8b.html","https://cash4goldanddiamond.com/tag/gold-buyers-los-angeles/","page-e4a7be30deea693204f4f4d2","Preserve route and compare sections","Owner facts: HOME-DISPLAY-AND-BUSINESS-NOTES.md; full disposition pending","BLOCKED — route present; source/metadata/disposition approval incomplete","wordpress-reconciliation.json; migration-comparison.json; substantive-review.json; verification.json"
"unavailable","post","200","https://cash4goldanddiamond.com/rolex-day-date-gold-market-2026-for-buyer/","2026-09-10T16:28:21.965Z","Buyer Insights on Rolex Day-Date Gold Market Analysis 2026","migration/pre-deployment/live-source/html/927d3194277054169d9b4e7a6f1cc59e10efdb7464535d7e68ec88da576e0148.html","9e4ab6a80cd4a86dd1bc81e84808798cdd63343800d3cda7ea3178f39eb05e91","What Is a Rolex Day Date Gold? | How Much Does a Rolex Day Date Gold Actually Cost? | Why Do People Want Rolex Day Date Gold Watches? | How to Tell If Your Day Date Gold Is Real | Should You Sell Your Rolex Day Date Gold? | Where to Sell Your Rolex Day Date Gold | What Affects the Value of Your Day Date Gold? | Gold Prices and Your Watch Value | What To Expect When You Sell | How much is my Rolex Day Date gold worth right now? | Are Rolex Day Date gold watches a good investment? | Can I sell a Rolex Day Date gold without papers or original box? | How do I know if my Day Date gold is worth selling now or waiting? | You might also like","Navid","2026-08-10T20:12:11+00:00","2026-09-10T13:43:55.944Z","[""E-commerce & Retail""]","[]","https://images.pexels.com/photos/6230455/pexels-photo-6230455.jpeg?auto=compress&cs=tinysrgb&h=650&w=940 | https://images.pexels.com/photos/15266871/pexels-photo-15266871.jpeg?auto=compress&cs=tinysrgb&h=650&w=940","Buyer Insights on Rolex Day-Date Gold Market Analysis 2026","Rolex Day Date gold watches range from $21k to $103k. Learn what makes them valuable, how to spot real ones, and where to sell yours in LA.","https://cash4goldanddiamond.com/rolex-day-date-gold-market-analysis-2026-pricing-demand-trends/","follow, index, max-snippet:-1, max-video-preview:-1, max-image-preview:large","migration/pre-deployment/live-source/html/927d3194277054169d9b4e7a6f1cc59e10efdb7464535d7e68ec88da576e0148.html","https://cash4goldanddiamond.com/rolex-day-date-gold-market-analysis-2026-pricing-demand-trends/","page-8b544d4aa5abcc6df16766ed","Preserve route; proposed editorial revision retained separately","Rewrite preparation authorized; human factual/media approval not recorded","BLOCKED — route present; source/metadata/disposition approval incomplete","wordpress-reconciliation.json; migration-comparison.json; substantive-review.json; verification.json"
"unavailable","tag archive","200","https://cash4goldanddiamond.com/tag/sell-gold-los-angeles/","2026-09-10T16:28:24.276Z","Sell Gold Los Angeles - Cash 4 Gold and Diamond","migration/pre-deployment/live-source/html/74c70218ae421af47dc42cac5656c46081079a3de10251c0e704101126b08eb3.html","d8bee7bfb0df9113e1f06eee98a3525d510887243aa15d7e8f7fd47ec2822a19","
		Where to Sell Gold in Los Angeles: How to Get the Best Price for Your Gold
	 | Recent Posts | Recent Comments","Post author:Navid","","","[""Cash For Gold""]","[]","https://cash4goldanddiamond.com/wp-content/uploads/2026/08/ChatGPT-Image-Aug-13-2026-12_46_21-PM-300x200.png","Sell Gold Los Angeles - Cash 4 Gold and Diamond","private Rank Math value unavailable","unavailable from source","follow, noindex","migration/pre-deployment/live-source/html/74c70218ae421af47dc42cac5656c46081079a3de10251c0e704101126b08eb3.html","https://cash4goldanddiamond.com/tag/sell-gold-los-angeles/","page-9e6ee32e83abafff1390bb46","Preserve route and compare sections","Owner facts: HOME-DISPLAY-AND-BUSINESS-NOTES.md; full disposition pending","BLOCKED — route present; source/metadata/disposition approval incomplete","wordpress-reconciliation.json; migration-comparison.json; substantive-review.json; verification.json"
"unavailable","tag archive","200","https://cash4goldanddiamond.com/tag/gold-price/","2026-09-10T16:28:24.281Z","gold price - Cash 4 Gold and Diamond","migration/pre-deployment/live-source/html/f2c3e09b20234972065ccd9213591fe1142e93c1935612b45c23bb8539549b64.html","27763f4d7ad92d905d8e83c4947f59510bec4596211e6bf7e700fb7a0de44524","
		How Is Gold Valued? A Los Angeles Seller’s Guide to Gold Purity, Weight & Spot Price
	 | Recent Posts | Recent Comments","Post author:Navid","","","[""Cash For Gold""]","[]","https://cash4goldanddiamond.com/wp-content/uploads/2026/08/ChatGPT-Image-Aug-13-2026-01_13_57-PM-300x200.png","gold price - Cash 4 Gold and Diamond","private Rank Math value unavailable","unavailable from source","follow, noindex","migration/pre-deployment/live-source/html/f2c3e09b20234972065ccd9213591fe1142e93c1935612b45c23bb8539549b64.html","https://cash4goldanddiamond.com/tag/gold-price/","page-7749723deeac893e4e7bf443","Preserve route and compare sections","Owner facts: HOME-DISPLAY-AND-BUSINESS-NOTES.md; full disposition pending","BLOCKED — route present; source/metadata/disposition approval incomplete","wordpress-reconciliation.json; migration-comparison.json; substantive-review.json; verification.json"
"unavailable","tag archive","200","https://cash4goldanddiamond.com/tag/selling-gold/","2026-09-10T16:28:24.277Z","Selling Gold - Cash 4 Gold and Diamond","migration/pre-deployment/live-source/html/09aa9cd75f017cf8899d2a71332cb5a18108963b912ae73dd4931514ec4d4e34.html","aa205339a0255f38b96f906513e8691d60dde5fe1a6a565c75fb79968936a54c","
		How Is Gold Valued? A Los Angeles Seller’s Guide to Gold Purity, Weight & Spot Price
	 | 
		Where to Sell Gold in Los Angeles: How to Get the Best Price for Your Gold
	 | Recent Posts | Recent Comments","Post author:Navid","","","[""Cash For Gold"",""Cash For Gold""]","[]","https://cash4goldanddiamond.com/wp-content/uploads/2026/08/ChatGPT-Image-Aug-13-2026-01_13_57-PM-300x200.png | https://cash4goldanddiamond.com/wp-content/uploads/2026/08/ChatGPT-Image-Aug-13-2026-12_46_21-PM-300x200.png","Selling Gold - Cash 4 Gold and Diamond","private Rank Math value unavailable","unavailable from source","follow, noindex","migration/pre-deployment/live-source/html/09aa9cd75f017cf8899d2a71332cb5a18108963b912ae73dd4931514ec4d4e34.html","https://cash4goldanddiamond.com/tag/selling-gold/","page-7979e51316ebb14d678da1d2","Preserve route and compare sections","Owner facts: HOME-DISPLAY-AND-BUSINESS-NOTES.md; full disposition pending","BLOCKED — route present; source/metadata/disposition approval incomplete","wordpress-reconciliation.json; migration-comparison.json; substantive-review.json; verification.json"
"unavailable","page/archive","404","https://cash4goldanddiamond.com/3727/","2026-09-10T16:28:26.654Z","","migration/pre-deployment/live-source/html/038c157a4f14b4a6806d1a549ec50cccf55462f3b779308d3113d7716eaf1bc5.html","539d2f3b8ee73b8065e86496336b90a084b4475974593dfb4a9399d87fc737e5","","unavailable","","","[]","[]","","private Rank Math value unavailable","private Rank Math value unavailable","unavailable from source","unavailable from source","migration/pre-deployment/live-source/html/038c157a4f14b4a6806d1a549ec50cccf55462f3b779308d3113d7716eaf1bc5.html","UNRESOLVED source error/redirect or export needed","","Investigate; no removal approved","Owner facts: HOME-DISPLAY-AND-BUSINESS-NOTES.md; full disposition pending","BLOCKED — no approved disposition","wordpress-reconciliation.json; migration-comparison.json; substantive-review.json; verification.json"
"unavailable","tag archive","200","https://cash4goldanddiamond.com/tag/gold-purity/","2026-09-10T16:28:26.654Z","gold purity - Cash 4 Gold and Diamond","migration/pre-deployment/live-source/html/c5eea6fc6c270049ff3d8fffa6f4ded2f9bb0c403c6903357f7a5b48f56e81e7.html","3d3bd45b542d5888d231d03b45ccca480812a086ab07cb518f3250b6ac52ade6","
		How Is Gold Valued? A Los Angeles Seller’s Guide to Gold Purity, Weight & Spot Price
	 | Recent Posts | Recent Comments","Post author:Navid","","","[""Cash For Gold""]","[]","https://cash4goldanddiamond.com/wp-content/uploads/2026/08/ChatGPT-Image-Aug-13-2026-01_13_57-PM-300x200.png","gold purity - Cash 4 Gold and Diamond","private Rank Math value unavailable","unavailable from source","follow, noindex","migration/pre-deployment/live-source/html/c5eea6fc6c270049ff3d8fffa6f4ded2f9bb0c403c6903357f7a5b48f56e81e7.html","https://cash4goldanddiamond.com/tag/gold-purity/","page-8a0f1c4c3fae8c400cff0a39","Preserve route and compare sections","Owner facts: HOME-DISPLAY-AND-BUSINESS-NOTES.md; full disposition pending","BLOCKED — route present; source/metadata/disposition approval incomplete","wordpress-reconciliation.json; migration-comparison.json; substantive-review.json; verification.json"
"unavailable","tag archive","200","https://cash4goldanddiamond.com/tag/gold-vlue/","2026-09-10T16:28:26.654Z","gold vlue - Cash 4 Gold and Diamond","migration/pre-deployment/live-source/html/cbefb628ffe9dae930010c7693631a0fb40cae6d6150eeeb98293dac63442aa3.html","974132d7354082a5cf02c79060a051f08e72a3fe9ae5e53644aa6b372158cb6a","
		How Is Gold Valued? A Los Angeles Seller’s Guide to Gold Purity, Weight & Spot Price
	 | Recent Posts | Recent Comments","Post author:Navid","","","[""Cash For Gold""]","[]","https://cash4goldanddiamond.com/wp-content/uploads/2026/08/ChatGPT-Image-Aug-13-2026-01_13_57-PM-300x200.png","gold vlue - Cash 4 Gold and Diamond","private Rank Math value unavailable","unavailable from source","follow, noindex","migration/pre-deployment/live-source/html/cbefb628ffe9dae930010c7693631a0fb40cae6d6150eeeb98293dac63442aa3.html","https://cash4goldanddiamond.com/tag/gold-vlue/","page-c9307f5d3b75aff2e3dbe408","Preserve route and compare sections","Owner facts: HOME-DISPLAY-AND-BUSINESS-NOTES.md; full disposition pending","BLOCKED — route present; source/metadata/disposition approval incomplete","wordpress-reconciliation.json; migration-comparison.json; substantive-review.json; verification.json"
"unavailable","page/archive","200","https://cash4goldanddiamond.com/sell-your-gold/","2026-09-10T16:28:28.915Z","Sell Your Gold Online: 7 Ways to Get Best Cash Price Fast","migration/pre-deployment/live-source/html/ffccebd485eb55ff01828808c7ba6cecbe72862a3b8e256be21606ed08cf4771.html","1388676f02dc2908d418ed97a761ccdc2d36341ce9644494fc54089b3bdba1c7","Sell Gold Jewelry in Los Angeles, California | 
						
							Schedule Your Consultation						
					 | 
						
							Expert Evaluation						
					 | 
						
							Get Paid Instantly						
					 | Why Choose Us to Sell Gold Jewelry in Los Angeles | Cash4Gold and Diamond | True Facet | The Realreal | Auction Houses | Ready to unlock the hidden value in your gold? ","unavailable","","","[]","[]","","Sell Your Gold Online: 7 Ways to Get Best Cash Price Fast","Looking to sell your gold online? Discover 7 proven ways to get the best cash price fast. Get top offers for your gold today with trusted buyers!","https://cash4goldanddiamond.com/sell-your-golds/","follow, index, max-snippet:-1, max-video-preview:-1, max-image-preview:large","migration/pre-deployment/live-source/html/ffccebd485eb55ff01828808c7ba6cecbe72862a3b8e256be21606ed08cf4771.html","https://cash4goldanddiamond.com/sell-your-golds/","page-df211a65c2698d1f24656fdf","Existing redirect mapping","Owner facts: HOME-DISPLAY-AND-BUSINESS-NOTES.md; full disposition pending","BLOCKED — route present; source/metadata/disposition approval incomplete","wordpress-reconciliation.json; migration-comparison.json; substantive-review.json; verification.json"
"unavailable","tag archive","200","https://cash4goldanddiamond.com/tag/scrap-gold/","2026-09-10T16:28:28.915Z","scrap gold - Cash 4 Gold and Diamond","migration/pre-deployment/live-source/html/aecbd80e72138d7e8005fa10b5be7eaf998ed92976dd0ae2c451f696b20d5edd.html","64b4859502b49f27fedfae377ab539f8cfadaa83012e4ff920781db7ad36d8c3","
		Selling Scrap Gold: Your Ultimate Guide to Maximizing Value
	 | Recent Posts | Recent Comments","Post author:Navid","","","[""Cash For Gold""]","[]","https://cash4goldanddiamond.com/wp-content/uploads/2025/01/scrap-gold-2-300x156.webp","scrap gold - Cash 4 Gold and Diamond","Sell your scrap gold for top value. Get expert tips on how to find trusted buyers and get the best cash offer for your unwanted gold jewelry.","unavailable from source","follow, noindex","migration/pre-deployment/live-source/html/aecbd80e72138d7e8005fa10b5be7eaf998ed92976dd0ae2c451f696b20d5edd.html","https://cash4goldanddiamond.com/tag/scrap-gold/","page-9866e039f0c6e60d83646acc","Preserve route and compare sections","Owner facts: HOME-DISPLAY-AND-BUSINESS-NOTES.md; full disposition pending","BLOCKED — route present; source/metadata/disposition approval incomplete","wordpress-reconciliation.json; migration-comparison.json; substantive-review.json; verification.json"
"unavailable","post","200","https://cash4goldanddiamond.com/cash-for-gold-sell-your-gold-and-dramonds-usa/","2026-09-10T16:28:30.950Z","How to Sell Gold and Diamonds Online: 7 Proven Tips","migration/pre-deployment/live-source/html/140e1fd6ce05f6482b04c8ab3281c920ab20921a32fdc935ff579c5880af265d.html","1df3ba268649c8c13b48056ad449cc312f09f2100825530759f196a1a4a30733","Why Sell Gold and Diamonds Online? | Convenience | Competitive Pricing | Security and Trustworthiness | Here’s a step-by-step guide to help you get started: | Step 1: Request a Free Appraisal Kit | Step 2: Send Your Items Cash for Gold | Step 3: Receive a Quote | Step 4: Accept or Decline the Offer | Research Market Prices | Know the Purity and Weight of Your Gold | Remove Non-Gold Components | Choose a Reputable Buyer | Top Benefits When You Sell Gold and Diamonds Online | Fast and Easy Process | Secure and Insured Shipping | Expert Appraisal | Flexible Payment Options | Conclusion","Navid","2024-06-23T05:26:37+00:00","2026-09-10T03:30:50.702Z","[""Cash For Gold""]","[]","https://cash4goldanddiamond.com/wp-content/uploads/2024/04/5405cbb1d431255a7c5564945310766d1mg-1-300x199.webp","How to Sell Gold and Diamonds Online: 7 Proven Tips","Looking to sell gold and diamonds online? Discover the 7 best, trusted ways to sell your gold and diamonds safely and get the highest price instantly.","unavailable from source","follow, noindex","migration/pre-deployment/live-source/html/140e1fd6ce05f6482b04c8ab3281c920ab20921a32fdc935ff579c5880af265d.html","https://cash4goldanddiamond.com/sell-gold-and-diamonds-online/","page-5edbc60a2ca474dd9d707e1f","Preserve route; proposed editorial revision retained separately","Rewrite preparation authorized; human factual/media approval not recorded","BLOCKED — route present; source/metadata/disposition approval incomplete","wordpress-reconciliation.json; migration-comparison.json; substantive-review.json; verification.json"
"unavailable","tag archive","200","https://cash4goldanddiamond.com/tag/14k-gold-neckless/","2026-09-10T16:28:30.950Z","14K Gold Necklaces | Cash 4 Gold and Diamonds","migration/pre-deployment/live-source/html/0cf81b23a1e0a07feb2b4ccd51ad49370d7655ad8ce9c3ac2304da9566e414a0.html","4c03f25308c2eabb7342bd72948e7119cb220183353df7913852b2da1563ed96","
		How much will a 14k gold necklace worth pay me?
	 | Recent Posts | Recent Comments","Post author:Navid","","","[""Cash For Gold""]","[]","https://cash4goldanddiamond.com/wp-content/uploads/2025/01/download-5.webp","14K Gold Necklaces | Cash 4 Gold and Diamonds","Explore a stunning collection of 14K gold necklaces at Cash 4 Gold and Diamonds. Find the perfect necklace and get top offers for your gold.","unavailable from source","follow, noindex","migration/pre-deployment/live-source/html/0cf81b23a1e0a07feb2b4ccd51ad49370d7655ad8ce9c3ac2304da9566e414a0.html","https://cash4goldanddiamond.com/tag/14k-gold-neckless/","page-e24ec7af4435335c695b3897","Preserve route and compare sections","Owner facts: HOME-DISPLAY-AND-BUSINESS-NOTES.md; full disposition pending","BLOCKED — route present; source/metadata/disposition approval incomplete","wordpress-reconciliation.json; migration-comparison.json; substantive-review.json; verification.json"
"unavailable","tag archive","200","https://cash4goldanddiamond.com/tag/gold-calculator/","2026-09-10T16:28:32.500Z","Gold Calculator Tool | Cash 4 Gold and Diamond","migration/pre-deployment/live-source/html/540c8c9258668e732b991c8fa5d498b84b9a0c1b71322dcaf0f42f388b5c3e9f.html","9658881a0789421738e1bbb21c9efc08c1d9ca59bd61d1f78214ac5feeb0f98e","
		How much will a 14k gold necklace worth pay me?
	 | Recent Posts | Recent Comments","Post author:Navid","","","[""Cash For Gold""]","[]","https://cash4goldanddiamond.com/wp-content/uploads/2025/01/download-5.webp","Gold Calculator Tool | Cash 4 Gold and Diamond","Use our Gold Calculator to estimate the value of your gold based on current market prices. Get accurate and instant results for your gold items.","unavailable from source","follow, noindex","migration/pre-deployment/live-source/html/540c8c9258668e732b991c8fa5d498b84b9a0c1b71322dcaf0f42f388b5c3e9f.html","https://cash4goldanddiamond.com/tag/gold-calculator/","page-3ffdb7e4e9f3df2e330f5f01","Preserve route and compare sections","Owner facts: HOME-DISPLAY-AND-BUSINESS-NOTES.md; full disposition pending","BLOCKED — route present; source/metadata/disposition approval incomplete","wordpress-reconciliation.json; migration-comparison.json; substantive-review.json; verification.json"
"unavailable","tag archive","200","https://cash4goldanddiamond.com/tag/sell-your-scrap-gold/","2026-09-10T16:28:32.500Z","Sell your Scrap Gold | Cash 4 Gold and Diamond","migration/pre-deployment/live-source/html/16127a80922ab1454da056298b203f820021af474f3a87737593e387c169df6e.html","53e7f8c64e2469100c9d2b04470173eeb60f6c6353e8cdcce20016547e6fc3c3","
		Selling Scrap Gold: Your Ultimate Guide to Maximizing Value
	 | Recent Posts | Recent Comments","Post author:Navid","","","[""Cash For Gold""]","[]","https://cash4goldanddiamond.com/wp-content/uploads/2025/01/scrap-gold-2-300x156.webp","Sell your Scrap Gold | Cash 4 Gold and Diamond","Looking to sell your scrap gold? Get top value for unwanted gold jewelry, coins, and more. Find trusted buyers and get the best cash offer today.","unavailable from source","follow, noindex","migration/pre-deployment/live-source/html/16127a80922ab1454da056298b203f820021af474f3a87737593e387c169df6e.html","https://cash4goldanddiamond.com/tag/sell-your-scrap-gold/","page-1207c90d356bc04fa5ba39ab","Preserve route and compare sections","Owner facts: HOME-DISPLAY-AND-BUSINESS-NOTES.md; full disposition pending","BLOCKED — route present; source/metadata/disposition approval incomplete","wordpress-reconciliation.json; migration-comparison.json; substantive-review.json; verification.json"
"unavailable","tag archive","200","https://cash4goldanddiamond.com/tag/gold-neckless/","2026-09-10T16:28:32.500Z","Gold Necklace Value | Cash 4 Gold and Diamond","migration/pre-deployment/live-source/html/2e55d3b284477a7b7c910b8b23de72c5ce26da86dd2b56e2af4f3410f0c23543.html","983081fff6ea2d633a63587f8ad58b692eb6d84634c074c4731e3616bc71ead2","
		How much will a 14k gold necklace worth pay me?
	 | Recent Posts | Recent Comments","Post author:Navid","","","[""Cash For Gold""]","[]","https://cash4goldanddiamond.com/wp-content/uploads/2025/01/download-5.webp","Gold Necklace Value | Cash 4 Gold and Diamond","How much is your 14k gold necklace worth? A step-by-step guide includes pricing by weight, gold price parity, and current market conditions!","unavailable from source","follow, noindex","migration/pre-deployment/live-source/html/2e55d3b284477a7b7c910b8b23de72c5ce26da86dd2b56e2af4f3410f0c23543.html","https://cash4goldanddiamond.com/tag/gold-neckless/","page-65f261588e6421ce5abd0905","Preserve route and compare sections","Owner facts: HOME-DISPLAY-AND-BUSINESS-NOTES.md; full disposition pending","BLOCKED — route present; source/metadata/disposition approval incomplete","wordpress-reconciliation.json; migration-comparison.json; substantive-review.json; verification.json"
"unavailable","tag archive","200","https://cash4goldanddiamond.com/tag/best-worth-of-your-gold/","2026-09-10T16:28:34.880Z","best worth of your gold - Cash 4 Gold and Diamond","migration/pre-deployment/live-source/html/e71e546be5efc16ac64c8751e0b43d807f5b77985f0a27f691b37d7ba91bd610.html","0ce9e3bf39f7ea044c21fd8a16f27ca29a3e96cca79e05f0a81665a592df8274","
		Where to Sell Your Antique Gold Jewelry for the Best Price: Expert Guide
	 | Recent Posts | Recent Comments","Post author:Navid","","","[""Cash For Gold""]","[]","https://cash4goldanddiamond.com/wp-content/uploads/2025/01/images-9.webp","best worth of your gold - Cash 4 Gold and Diamond","Learn where to sell antique gold jewelry for the best price. Discover expert tips, valuation insights, and how to maximize your payout.","unavailable from source","follow, noindex","migration/pre-deployment/live-source/html/e71e546be5efc16ac64c8751e0b43d807f5b77985f0a27f691b37d7ba91bd610.html","https://cash4goldanddiamond.com/tag/best-worth-of-your-gold/","page-ee9910e969972bf4f152fb93","Preserve route and compare sections","Owner facts: HOME-DISPLAY-AND-BUSINESS-NOTES.md; full disposition pending","BLOCKED — route present; source/metadata/disposition approval incomplete","wordpress-reconciliation.json; migration-comparison.json; substantive-review.json; verification.json"
"unavailable","tag archive","200","https://cash4goldanddiamond.com/tag/neckless/","2026-09-10T16:28:34.880Z","neckless - Cash 4 Gold and Diamond","migration/pre-deployment/live-source/html/946ae982d04ee0d558fcc503312ce51b096c95494471678b9a84708e9c005d17.html","4fa71723a17d0991f2bd05571be3609ee24e1f32196928bbeb6d479e69920954","
		How much will a 14k gold necklace worth pay me?
	 | Recent Posts | Recent Comments","Post author:Navid","","","[""Cash For Gold""]","[]","https://cash4goldanddiamond.com/wp-content/uploads/2025/01/download-5.webp","neckless - Cash 4 Gold and Diamond","Discover the value of your gold neckless. Learn how to sell it for the best price and find trusted buyers for your gold jewelry","unavailable from source","follow, noindex","migration/pre-deployment/live-source/html/946ae982d04ee0d558fcc503312ce51b096c95494471678b9a84708e9c005d17.html","https://cash4goldanddiamond.com/tag/neckless/","page-91f7bc468de7278716c1497a","Preserve route and compare sections","Owner facts: HOME-DISPLAY-AND-BUSINESS-NOTES.md; full disposition pending","BLOCKED — route present; source/metadata/disposition approval incomplete","wordpress-reconciliation.json; migration-comparison.json; substantive-review.json; verification.json"
"unavailable","tag archive","200","https://cash4goldanddiamond.com/tag/antique-gold/","2026-09-10T16:28:34.880Z","Antique gold - Cash 4 Gold and Diamond","migration/pre-deployment/live-source/html/a49db1e85bb83618a54fd62ad237a6934f9e658a5ceb8840a63b87848599036b.html","384aa966e94e7dc76cefe52c697db5918647391e07e85faa03ea495ec336e9ec","
		Where to Sell Your Antique Gold Jewelry for the Best Price: Expert Guide
	 | Recent Posts | Recent Comments","Post author:Navid","","","[""Cash For Gold""]","[]","https://cash4goldanddiamond.com/wp-content/uploads/2025/01/images-9.webp","Antique gold - Cash 4 Gold and Diamond","Learn where to sell antique gold jewelry for the best price. Discover expert tips, valuation insights, and how to maximize your payout.","unavailable from source","follow, noindex","migration/pre-deployment/live-source/html/a49db1e85bb83618a54fd62ad237a6934f9e658a5ceb8840a63b87848599036b.html","https://cash4goldanddiamond.com/tag/antique-gold/","page-c0b0c50dc7613cfde86fc5d9","Preserve route and compare sections","Owner facts: HOME-DISPLAY-AND-BUSINESS-NOTES.md; full disposition pending","BLOCKED — route present; source/metadata/disposition approval incomplete","wordpress-reconciliation.json; migration-comparison.json; substantive-review.json; verification.json"
"unavailable","tag archive","200","https://cash4goldanddiamond.com/tag/diamond-watches/","2026-09-10T16:28:37.460Z","""Diamond watches - Cash 4 Gold and Diamond","migration/pre-deployment/live-source/html/50da504687be5a2865c8ff5259ee71f6935f93fb5bff91f85705fbc2c83c70d4.html","2492261dcc7687b1a71f599f030438f2ed0c276743156e2f282fdd6b4b7767d6","
		Real Diamond Watches for Men: The Ultimate Buying Guide
	 | Recent Posts | Recent Comments","Post author:Navid","","","[""Cash For Gold""]","[]","https://cash4goldanddiamond.com/wp-content/uploads/2024/11/download-1-300x144.jpg","""Diamond watches - Cash 4 Gold and Diamond","Real Diamond Watches for Men.How to buy real Diamond Rolex, Cartier, Hublot, and Patek Philippe Watches:A Complete Step-by-Step Guide","unavailable from source","follow, noindex","migration/pre-deployment/live-source/html/50da504687be5a2865c8ff5259ee71f6935f93fb5bff91f85705fbc2c83c70d4.html","https://cash4goldanddiamond.com/tag/diamond-watches/","page-7ce4696d52bdd2f14a822599","Preserve route and compare sections","Owner facts: HOME-DISPLAY-AND-BUSINESS-NOTES.md; full disposition pending","BLOCKED — route present; source/metadata/disposition approval incomplete","wordpress-reconciliation.json; migration-comparison.json; substantive-review.json; verification.json"
"unavailable","post","200","https://cash4goldanddiamond.com/fake-vs-real-rolex-how-to-spot-fake-rolex-in-easy-step/","2026-09-10T16:28:37.460Z","How to Spot a Fake Rolex in LA: Avoid Costly Mistakes","migration/pre-deployment/live-source/html/91c963a77017ead98ed42d889432d9b8e6cbb08de12fd4cf783538fd761ed5cc.html","f9e5564796e8bc8d3244eb7d0e119673720e981b1dfb465b5768908534c005ff","IS FAKE ROLEX A REAL PROBLEM? | What types of Fake Rolex are Available in the Market | 1. Easy to spot: Bad fakes: | 2. All about the details: Good fakes and ‘supercolonies: | 3. Mixing of parts together: Frankenstein watches | How to Spot a Fake Rolex: Important Fake Signs It’s Not the Real Thing | Rolex Watch Weight: | Serial Number:  | Model Number: | Hand Motion: | Cyclops Lens: | Judge the Winding Crown : | Waterproof capability: | Date Appears Bigger: | How to stay safe:","Navid","2024-11-16T17:32:50+00:00","2026-09-10T13:43:55.944Z","[""Cash For Gold""]","[]","","How to Spot a Fake Rolex in LA: Avoid Costly Mistakes","Want to know how to spot a fake Rolex? Learn the key differences between fake vs real Rolex, from dial, crown, weight to serial number and more.","unavailable from source","follow, noindex","migration/pre-deployment/live-source/html/91c963a77017ead98ed42d889432d9b8e6cbb08de12fd4cf783538fd761ed5cc.html","https://cash4goldanddiamond.com/how-to-spot-a-fake-rolex/","page-de0d7daab01290d59ace0073","Preserve route; proposed editorial revision retained separately","Rewrite preparation authorized; human factual/media approval not recorded","BLOCKED — route present; source/metadata/disposition approval incomplete","wordpress-reconciliation.json; migration-comparison.json; substantive-review.json; verification.json"
"unavailable","tag archive","200","https://cash4goldanddiamond.com/tag/cash4goldanddiamond/","2026-09-10T16:28:37.460Z","cash4goldanddiamond - Cash 4 Gold and Diamond","migration/pre-deployment/live-source/html/6a821e0e81d15a594b59fa6a65c53c9fbaa1145e0777f899c1552a39c6f511fe.html","228901b2664c2336da9df3e65baa01df5461f30b664b71d67094404b46f6907b","
		Where to Sell Your Antique Gold Jewelry for the Best Price: Expert Guide
	 | Recent Posts | Recent Comments","Post author:Navid","","","[""Cash For Gold""]","[]","https://cash4goldanddiamond.com/wp-content/uploads/2025/01/images-9.webp","cash4goldanddiamond - Cash 4 Gold and Diamond","Learn where to sell antique gold jewelry for the best price. Discover expert tips, valuation insights, and how to maximize your payout.","unavailable from source","follow, noindex","migration/pre-deployment/live-source/html/6a821e0e81d15a594b59fa6a65c53c9fbaa1145e0777f899c1552a39c6f511fe.html","https://cash4goldanddiamond.com/tag/cash4goldanddiamond/","page-53debc888d325dd0d193aabd","Preserve route and compare sections","Owner facts: HOME-DISPLAY-AND-BUSINESS-NOTES.md; full disposition pending","BLOCKED — route present; source/metadata/disposition approval incomplete","wordpress-reconciliation.json; migration-comparison.json; substantive-review.json; verification.json"
"unavailable","tag archive","200","https://cash4goldanddiamond.com/tag/sell-you-gold/","2026-09-10T16:28:39.570Z","Sell your Gold for Cash | Cash 4 Gold and Diamond","migration/pre-deployment/live-source/html/a531503d14c80b71ec8e2694ab5c96eb83eb6d70636732f6819a94b9a66b6837.html","7a3684c88287b3a98848cd3b8e4fb044ef58ddc982cc5fd3a12a3a1d7f4b521e","
		Sell Your Gold for Cash: A Step-by-Step Guide to Selling Gold Online
	 | Recent Posts | Recent Comments","Post author:Navid","","","[""Cash For Gold""]","[]","https://cash4goldanddiamond.com/wp-content/uploads/2024/12/sell-your-gold.webp","Sell your Gold for Cash | Cash 4 Gold and Diamond","Learn how to sell your gold for cash with ease. Get the best value for your gold jewelry, coins, and more. Fast, secure, and trusted options available.","unavailable from source","follow, noindex","migration/pre-deployment/live-source/html/a531503d14c80b71ec8e2694ab5c96eb83eb6d70636732f6819a94b9a66b6837.html","https://cash4goldanddiamond.com/tag/sell-you-gold/","page-c63e9f6d54d8e280e42bae8d","Preserve route and compare sections","Owner facts: HOME-DISPLAY-AND-BUSINESS-NOTES.md; full disposition pending","BLOCKED — route present; source/metadata/disposition approval incomplete","wordpress-reconciliation.json; migration-comparison.json; substantive-review.json; verification.json"
"unavailable","tag archive","200","https://cash4goldanddiamond.com/tag/real-diamond-watches/","2026-09-10T16:28:39.571Z","Real Diamond Watches - Cash 4 Gold and Diamond","migration/pre-deployment/live-source/html/1bfd6c738d6d6a29c5e290cd81d6daa0c241d4e9878fe5d24b5c2f961cebd20a.html","e70936913dd5aa4bb181f97df2e6471286009ce49b56357ac61c54bee13d2651","
		Top 7 Real Diamond Watches for Men: How To Choose The Best Diamond Watches for Men in 2025
	 | 
		Real Diamond Watches for Men: The Ultimate Buying Guide
	 | Recent Posts | Recent Comments","Post author:Navid","","","[""Cash For Gold"",""Cash For Gold""]","[]","https://cash4goldanddiamond.com/wp-content/uploads/2024/11/download-3.jpeg | https://cash4goldanddiamond.com/wp-content/uploads/2024/11/download-1-300x144.jpg","Real Diamond Watches - Cash 4 Gold and Diamond","Top Diamond Real Watches for Men.The ultimate guide to buying the best diamond watches for men in 2024. Choose the Best Diamond Watch for You","unavailable from source","follow, noindex","migration/pre-deployment/live-source/html/1bfd6c738d6d6a29c5e290cd81d6daa0c241d4e9878fe5d24b5c2f961cebd20a.html","https://cash4goldanddiamond.com/tag/real-diamond-watches/","page-6ac3dfc54c97c01ebfe1b3ef","Preserve route and compare sections","Owner facts: HOME-DISPLAY-AND-BUSINESS-NOTES.md; full disposition pending","BLOCKED — route present; source/metadata/disposition approval incomplete","wordpress-reconciliation.json; migration-comparison.json; substantive-review.json; verification.json"
"unavailable","tag archive","200","https://cash4goldanddiamond.com/tag/se-your-antique-gold-jewelry/","2026-09-10T16:28:39.570Z","se;; your antique gold jewelry - Cash 4 Gold and Diamond","migration/pre-deployment/live-source/html/31794ec98bf45cc03c528050ff4995d4e11541518f6e386c394a111925ac89ab.html","6390a641020bd6c514752a73edb3b52b42a4f0773af2480367d21ed7703d276e","
		Where to Sell Your Antique Gold Jewelry for the Best Price: Expert Guide
	 | Recent Posts | Recent Comments","Post author:Navid","","","[""Cash For Gold""]","[]","https://cash4goldanddiamond.com/wp-content/uploads/2025/01/images-9.webp","se;; your antique gold jewelry - Cash 4 Gold and Diamond","Learn where to sell antique gold jewelry for the best price. Discover expert tips, valuation insights, and how to maximize your payout.","unavailable from source","follow, noindex","migration/pre-deployment/live-source/html/31794ec98bf45cc03c528050ff4995d4e11541518f6e386c394a111925ac89ab.html","https://cash4goldanddiamond.com/tag/se-your-antique-gold-jewelry/","page-f9c98319c4583abc3d17a575","Preserve route and compare sections","Owner facts: HOME-DISPLAY-AND-BUSINESS-NOTES.md; full disposition pending","BLOCKED — route present; source/metadata/disposition approval incomplete","wordpress-reconciliation.json; migration-comparison.json; substantive-review.json; verification.json"
"unavailable","tag archive","200","https://cash4goldanddiamond.com/tag/selling-gold-online/","2026-09-10T16:28:41.361Z","Selling Gold Online | Cash 4 Gold and Diamond","migration/pre-deployment/live-source/html/10adbc4e3aeffdbe9d6131a5d71ead01362f64d7ab8666941c7bb1f130f434a3.html","7e0db879ea9009678d22622ba85eca5209983d757593c34a100880752267224e","
		Sell Your Gold for Cash: A Step-by-Step Guide to Selling Gold Online
	 | Recent Posts | Recent Comments","Post author:Navid","","","[""Cash For Gold""]","[]","https://cash4goldanddiamond.com/wp-content/uploads/2024/12/sell-your-gold.webp","Selling Gold Online | Cash 4 Gold and Diamond","Selling gold online? Discover trusted platforms to get the best prices for your gold jewelry, coins, and more with secure, fast transactions.","unavailable from source","follow, noindex","migration/pre-deployment/live-source/html/10adbc4e3aeffdbe9d6131a5d71ead01362f64d7ab8666941c7bb1f130f434a3.html","https://cash4goldanddiamond.com/tag/selling-gold-online/","page-59ebc5910e93c3df820ef358","Preserve route and compare sections","Owner facts: HOME-DISPLAY-AND-BUSINESS-NOTES.md; full disposition pending","BLOCKED — route present; source/metadata/disposition approval incomplete","wordpress-reconciliation.json; migration-comparison.json; substantive-review.json; verification.json"
"unavailable","tag archive","200","https://cash4goldanddiamond.com/tag/sell-your-gold-online/","2026-09-10T16:28:41.361Z","sell your Gold online - Cash 4 Gold and Diamond","migration/pre-deployment/live-source/html/f8875b4c31678b505a4bf395e3ffa6333ccddd2e3df53ec50ad5a6032a9087d8.html","9362e50b7f3f2602742c9f3228ea677a17ca54b1e3875fd7dd7943f3b5b254a2","
		Local Gold Buyers vs. Online Gold Buyers. Which One Is Best?
	 | Recent Posts | Recent Comments","Post author:Navid","","","[""Cash For Gold""]","[]","https://cash4goldanddiamond.com/wp-content/uploads/2025/01/online-vs-gold-buyers.jpeg","sell your Gold online - Cash 4 Gold and Diamond","Local Gold Buyers vs Online Gold Buyers in Los Angeles. Compare payouts, safety, and transparency before selling your gold.","unavailable from source","follow, noindex","migration/pre-deployment/live-source/html/f8875b4c31678b505a4bf395e3ffa6333ccddd2e3df53ec50ad5a6032a9087d8.html","https://cash4goldanddiamond.com/tag/sell-your-gold-online/","page-06ce83e59acacbd6c9f2bd6f","Preserve route and compare sections","Owner facts: HOME-DISPLAY-AND-BUSINESS-NOTES.md; full disposition pending","BLOCKED — route present; source/metadata/disposition approval incomplete","wordpress-reconciliation.json; migration-comparison.json; substantive-review.json; verification.json"
"unavailable","tag archive","200","https://cash4goldanddiamond.com/tag/sell-your-gold-offline/","2026-09-10T16:28:41.361Z","sell your gold offline - Cash 4 Gold and Diamond","migration/pre-deployment/live-source/html/1b4b2cab2fb9d140d6c9a3b05156158d026f715d449cd2dc3e1d924feba46e5c.html","b86f7e62feff7bf426b52a72038f7b7a6fa56737807b4e6a8eba7402c8da37ec","
		Local Gold Buyers vs. Online Gold Buyers. Which One Is Best?
	 | Recent Posts | Recent Comments","Post author:Navid","","","[""Cash For Gold""]","[]","https://cash4goldanddiamond.com/wp-content/uploads/2025/01/online-vs-gold-buyers.jpeg","sell your gold offline - Cash 4 Gold and Diamond","Local Gold Buyers vs Online Gold Buyers in Los Angeles. Compare payouts, safety, and transparency before selling your gold.","unavailable from source","follow, noindex","migration/pre-deployment/live-source/html/1b4b2cab2fb9d140d6c9a3b05156158d026f715d449cd2dc3e1d924feba46e5c.html","https://cash4goldanddiamond.com/tag/sell-your-gold-offline/","page-edd30d2ae9c749a913f9bc80","Preserve route and compare sections","Owner facts: HOME-DISPLAY-AND-BUSINESS-NOTES.md; full disposition pending","BLOCKED — route present; source/metadata/disposition approval incomplete","wordpress-reconciliation.json; migration-comparison.json; substantive-review.json; verification.json"
"unavailable","tag archive","200","https://cash4goldanddiamond.com/tag/diamond-ring/","2026-09-10T16:28:43.580Z","diamond ring - Cash 4 Gold and Diamond","migration/pre-deployment/live-source/html/45102ddf4453435487d3773075a3821dd064b5302f3cf707464d9471d971f0dd.html","6e445e7675cc9283fcd4de533d1637cf47e833162c4d1cf85dda095a867291cb","
		3.5-Carat Oval Diamond Ring: Buying Step-by-Step Guide
	 | Recent Posts | Recent Comments","Post author:Navid","","","[""Cash For Gold""]","[]","https://cash4goldanddiamond.com/wp-content/uploads/2024/11/diamond-ring-2-300x200.webp","diamond ring - Cash 4 Gold and Diamond","3.5 Carat Oval Diamond Ring What did you do before buying an Oval Diamond Ring? Tips for Choosing a 3.5-Carat Oval Diamond Ring","unavailable from source","follow, noindex","migration/pre-deployment/live-source/html/45102ddf4453435487d3773075a3821dd064b5302f3cf707464d9471d971f0dd.html","https://cash4goldanddiamond.com/tag/diamond-ring/","page-593f81eeaeb988fe192c132e","Preserve route and compare sections","Owner facts: HOME-DISPLAY-AND-BUSINESS-NOTES.md; full disposition pending","BLOCKED — route present; source/metadata/disposition approval incomplete","wordpress-reconciliation.json; migration-comparison.json; substantive-review.json; verification.json"
"unavailable","tag archive","200","https://cash4goldanddiamond.com/tag/online-vs-offline-gold-selling/","2026-09-10T16:28:43.579Z","online vs offline gold selling - Cash 4 Gold and Diamond","migration/pre-deployment/live-source/html/251d534e938c52e76bf9936ab804ca58fdd351997fdb215293bc989c6ff88f9b.html","ea5db0ff386d794a58f27e1d8859b4353e94535dba8135df9938431dc5d70be1","
		Local Gold Buyers vs. Online Gold Buyers. Which One Is Best?
	 | Recent Posts | Recent Comments","Post author:Navid","","","[""Cash For Gold""]","[]","https://cash4goldanddiamond.com/wp-content/uploads/2025/01/online-vs-gold-buyers.jpeg","online vs offline gold selling - Cash 4 Gold and Diamond","Local Gold Buyers vs Online Gold Buyers in Los Angeles. Compare payouts, safety, and transparency before selling your gold.","unavailable from source","follow, noindex","migration/pre-deployment/live-source/html/251d534e938c52e76bf9936ab804ca58fdd351997fdb215293bc989c6ff88f9b.html","https://cash4goldanddiamond.com/tag/online-vs-offline-gold-selling/","page-bbe0003a83589614ec3519f9","Preserve route and compare sections","Owner facts: HOME-DISPLAY-AND-BUSINESS-NOTES.md; full disposition pending","BLOCKED — route present; source/metadata/disposition approval incomplete","wordpress-reconciliation.json; migration-comparison.json; substantive-review.json; verification.json"
"unavailable","tag archive","200","https://cash4goldanddiamond.com/tag/best-real-diamond/","2026-09-10T16:28:43.580Z","best real diamond - Cash 4 Gold and Diamond","migration/pre-deployment/live-source/html/3f3f483acce05c0214524cf92f796e52bccc230c958f043a0653cc5ab9c7ea01.html","2bd59aeb980d11ec90a4f56b46457f64e2a6b4a618c2b251344b1bf1308fc248","
		3.5-Carat Oval Diamond Ring: Buying Step-by-Step Guide
	 | Recent Posts | Recent Comments","Post author:Navid","","","[""Cash For Gold""]","[]","https://cash4goldanddiamond.com/wp-content/uploads/2024/11/diamond-ring-2-300x200.webp","best real diamond - Cash 4 Gold and Diamond","3.5 Carat Oval Diamond Ring What did you do before buying an Oval Diamond Ring? Tips for Choosing a 3.5-Carat Oval Diamond Ring","unavailable from source","follow, noindex","migration/pre-deployment/live-source/html/3f3f483acce05c0214524cf92f796e52bccc230c958f043a0653cc5ab9c7ea01.html","https://cash4goldanddiamond.com/tag/best-real-diamond/","page-a723e3bfc0f791a65ae8385b","Preserve route and compare sections","Owner facts: HOME-DISPLAY-AND-BUSINESS-NOTES.md; full disposition pending","BLOCKED — route present; source/metadata/disposition approval incomplete","wordpress-reconciliation.json; migration-comparison.json; substantive-review.json; verification.json"
"unavailable","tag archive","200","https://cash4goldanddiamond.com/tag/oval-diamond-ring/","2026-09-10T16:28:45.825Z","Oval Diamond ring - Cash 4 Gold and Diamond","migration/pre-deployment/live-source/html/ea6051f19faa6e396e88977cb7afc7a90ee0c81efe7e4c8e975d9f321f50b224.html","597cc9ba2b17ead143bf3be81748e7a70b8928bd61cc05cbc068e31599fc2e6b","
		3.5-Carat Oval Diamond Ring: Buying Step-by-Step Guide
	 | Recent Posts | Recent Comments","Post author:Navid","","","[""Cash For Gold""]","[]","https://cash4goldanddiamond.com/wp-content/uploads/2024/11/diamond-ring-2-300x200.webp","Oval Diamond ring - Cash 4 Gold and Diamond","3.5 Carat Oval Diamond Ring What did you do before buying an Oval Diamond Ring? Tips for Choosing a 3.5-Carat Oval Diamond Ring","unavailable from source","follow, noindex","migration/pre-deployment/live-source/html/ea6051f19faa6e396e88977cb7afc7a90ee0c81efe7e4c8e975d9f321f50b224.html","https://cash4goldanddiamond.com/tag/oval-diamond-ring/","page-7a703fcc2caa8a2eb1a225de","Preserve route and compare sections","Owner facts: HOME-DISPLAY-AND-BUSINESS-NOTES.md; full disposition pending","BLOCKED — route present; source/metadata/disposition approval incomplete","wordpress-reconciliation.json; migration-comparison.json; substantive-review.json; verification.json"
"unavailable","tag archive","200","https://cash4goldanddiamond.com/tag/3-5-carat-oval-diamond-ring/","2026-09-10T16:28:45.824Z","3.5 Carat Oval Diamond Ring - Cash 4 Gold and Diamond","migration/pre-deployment/live-source/html/0d7ebfcb927f6f726104a5e19b07ca36a4a9f4064d9c66e8a936f8d0e37f0b39.html","27b596df4ca41244d26cb138f7f17c0eb7483d532af32cc3e39cd2cd7e66b5e1","
		3.5-Carat Oval Diamond Ring: Buying Step-by-Step Guide
	 | Recent Posts | Recent Comments","Post author:Navid","","","[""Cash For Gold""]","[]","https://cash4goldanddiamond.com/wp-content/uploads/2024/11/diamond-ring-2-300x200.webp","3.5 Carat Oval Diamond Ring - Cash 4 Gold and Diamond","3.5 Carat Oval Diamond Ring What did you do before buying an Oval Diamond Ring? Tips for Choosing a 3.5-Carat Oval Diamond Ring","unavailable from source","follow, noindex","migration/pre-deployment/live-source/html/0d7ebfcb927f6f726104a5e19b07ca36a4a9f4064d9c66e8a936f8d0e37f0b39.html","https://cash4goldanddiamond.com/tag/3-5-carat-oval-diamond-ring/","page-40483dddea8b3b20bf895fbc","Preserve route and compare sections","Owner facts: HOME-DISPLAY-AND-BUSINESS-NOTES.md; full disposition pending","BLOCKED — route present; source/metadata/disposition approval incomplete","wordpress-reconciliation.json; migration-comparison.json; substantive-review.json; verification.json"
"unavailable","tag archive","200","https://cash4goldanddiamond.com/tag/2-carat-diamond-price/","2026-09-10T16:28:45.824Z","2 carat diamond price - Cash 4 Gold and Diamond","migration/pre-deployment/live-source/html/23c7e07152627be27e47aa797d48f84caf2a6d858bbe189e439967d03cba34ca.html","eb4c0a810c640d056d4a0ce2f3f5e1c9095f03af75466b14f1f777e32cf0da1e","
		2 carat diamond ring Price & Complete Buying Guide
	 | Recent Posts | Recent Comments","Post author:Navid","","","[""Cash For Gold""]","[]","https://cash4goldanddiamond.com/wp-content/uploads/2024/11/engement-ring-300x200.jpg","2 carat diamond price - Cash 4 Gold and Diamond","2. carat Diamond Ring with our expert guide. Learn about quality, and pricing, Follow our tips for how to pick the best diamond for your budget.","unavailable from source","follow, noindex","migration/pre-deployment/live-source/html/23c7e07152627be27e47aa797d48f84caf2a6d858bbe189e439967d03cba34ca.html","https://cash4goldanddiamond.com/tag/2-carat-diamond-price/","page-562f5756fd352b9caee0270a","Preserve route and compare sections","Owner facts: HOME-DISPLAY-AND-BUSINESS-NOTES.md; full disposition pending","BLOCKED — route present; source/metadata/disposition approval incomplete","wordpress-reconciliation.json; migration-comparison.json; substantive-review.json; verification.json"
"unavailable","tag archive","200","https://cash4goldanddiamond.com/tag/wedding-diamond-ring/","2026-09-10T16:28:48.075Z","wedding diamond ring - Cash 4 Gold and Diamond","migration/pre-deployment/live-source/html/7c87096eac9355d7a5af6f8585fe46a1e6883cf3e0ac204da7260c45170c2854.html","0fce81c3a100e153ec4db40b8b375e25cbf9b6c9837b46685f619615d896d9c7","
		2 carat diamond ring Price & Complete Buying Guide
	 | Recent Posts | Recent Comments","Post author:Navid","","","[""Cash For Gold""]","[]","https://cash4goldanddiamond.com/wp-content/uploads/2024/11/engement-ring-300x200.jpg","wedding diamond ring - Cash 4 Gold and Diamond","2. carat Diamond Ring with our expert guide. Learn about quality, and pricing, Follow our tips for how to pick the best diamond for your budget.","unavailable from source","follow, noindex","migration/pre-deployment/live-source/html/7c87096eac9355d7a5af6f8585fe46a1e6883cf3e0ac204da7260c45170c2854.html","https://cash4goldanddiamond.com/tag/wedding-diamond-ring/","page-91605286144c71d36b1a0b3d","Preserve route and compare sections","Owner facts: HOME-DISPLAY-AND-BUSINESS-NOTES.md; full disposition pending","BLOCKED — route present; source/metadata/disposition approval incomplete","wordpress-reconciliation.json; migration-comparison.json; substantive-review.json; verification.json"
"unavailable","tag archive","200","https://cash4goldanddiamond.com/tag/anniversary-diamond-ring/","2026-09-10T16:28:48.075Z","anniversary diamond ring - Cash 4 Gold and Diamond","migration/pre-deployment/live-source/html/bd18370faab1861e6ed5817f818292d0a05a0639f7450a69cf0fa5bac0841695.html","aada2f60eaa4edb5ad48679b3ef690f3b857df23e64b0530084b60cb0db36cc2","
		2 carat diamond ring Price & Complete Buying Guide
	 | Recent Posts | Recent Comments","Post author:Navid","","","[""Cash For Gold""]","[]","https://cash4goldanddiamond.com/wp-content/uploads/2024/11/engement-ring-300x200.jpg","anniversary diamond ring - Cash 4 Gold and Diamond","2. carat Diamond Ring with our expert guide. Learn about quality, and pricing, Follow our tips for how to pick the best diamond for your budget.","unavailable from source","follow, noindex","migration/pre-deployment/live-source/html/bd18370faab1861e6ed5817f818292d0a05a0639f7450a69cf0fa5bac0841695.html","https://cash4goldanddiamond.com/tag/anniversary-diamond-ring/","page-7656a87228fab007f4735638","Preserve route and compare sections","Owner facts: HOME-DISPLAY-AND-BUSINESS-NOTES.md; full disposition pending","BLOCKED — route present; source/metadata/disposition approval incomplete","wordpress-reconciliation.json; migration-comparison.json; substantive-review.json; verification.json"
"unavailable","tag archive","200","https://cash4goldanddiamond.com/tag/2-carat-diamond-ring/","2026-09-10T16:28:48.075Z","2 carat diamond ring - Cash 4 Gold and Diamond","migration/pre-deployment/live-source/html/d3ab620464ad59db9ffe1a1b84e4e0b808c987d0a6029a8017c234abf4e1d54b.html","8d1d154f784d89db5e8b1858db1ea65c7c7e645b46c53fceac1f7e8dba49ce37","
		2 carat diamond ring Price & Complete Buying Guide
	 | Recent Posts | Recent Comments","Post author:Navid","","","[""Cash For Gold""]","[]","https://cash4goldanddiamond.com/wp-content/uploads/2024/11/engement-ring-300x200.jpg","2 carat diamond ring - Cash 4 Gold and Diamond","2. carat Diamond Ring with our expert guide. Learn about quality, and pricing, Follow our tips for how to pick the best diamond for your budget.","unavailable from source","follow, noindex","migration/pre-deployment/live-source/html/d3ab620464ad59db9ffe1a1b84e4e0b808c987d0a6029a8017c234abf4e1d54b.html","https://cash4goldanddiamond.com/tag/2-carat-diamond-ring/","page-1a8f1f0dc7f074da732b07bd","Preserve route and compare sections","Owner facts: HOME-DISPLAY-AND-BUSINESS-NOTES.md; full disposition pending","BLOCKED — route present; source/metadata/disposition approval incomplete","wordpress-reconciliation.json; migration-comparison.json; substantive-review.json; verification.json"
"unavailable","page/archive","404","https://cash4goldanddiamond.com/author/","2026-09-10T16:28:50.503Z","","migration/pre-deployment/live-source/html/267bb510c30f2ebacfc0af316ffad686f443b46e186933c8f31b9cf5d3e4005e.html","539d2f3b8ee73b8065e86496336b90a084b4475974593dfb4a9399d87fc737e5","","unavailable","","","[]","[]","","private Rank Math value unavailable","private Rank Math value unavailable","unavailable from source","unavailable from source","migration/pre-deployment/live-source/html/267bb510c30f2ebacfc0af316ffad686f443b46e186933c8f31b9cf5d3e4005e.html","UNRESOLVED source error/redirect or export needed","","Investigate; no removal approved","Owner facts: HOME-DISPLAY-AND-BUSINESS-NOTES.md; full disposition pending","BLOCKED — no approved disposition","wordpress-reconciliation.json; migration-comparison.json; substantive-review.json; verification.json"
"unavailable","tag archive","200","https://cash4goldanddiamond.com/tag/real-diamond-watches-for-men/","2026-09-10T16:28:50.502Z","Real Diamond Watches for Men - Cash 4 Gold and Diamond","migration/pre-deployment/live-source/html/3c00e44398511687c8d9efea4359568d51161f8e54f72e1b89a8b076aa2aceeb.html","ac0f0d4015b8fb692250d9c6f34d1f6581fd0b2dddc6006acdf292c0d5d5ba15","
		Top 7 Real Diamond Watches for Men: How To Choose The Best Diamond Watches for Men in 2025
	 | Recent Posts | Recent Comments","Post author:Navid","","","[""Cash For Gold""]","[]","https://cash4goldanddiamond.com/wp-content/uploads/2024/11/download-3.jpeg","Real Diamond Watches for Men - Cash 4 Gold and Diamond","Top Diamond Real Watches for Men.The ultimate guide to buying the best diamond watches for men in 2024. Choose the Best Diamond Watch for You","unavailable from source","follow, noindex","migration/pre-deployment/live-source/html/3c00e44398511687c8d9efea4359568d51161f8e54f72e1b89a8b076aa2aceeb.html","https://cash4goldanddiamond.com/tag/real-diamond-watches-for-men/","page-1e6da04230544dbbbafd15c5","Preserve route and compare sections","Owner facts: HOME-DISPLAY-AND-BUSINESS-NOTES.md; full disposition pending","BLOCKED — route present; source/metadata/disposition approval incomplete","wordpress-reconciliation.json; migration-comparison.json; substantive-review.json; verification.json"
"unavailable","tag archive","200","https://cash4goldanddiamond.com/tag/top-7-real-diamond-watches/","2026-09-10T16:28:50.503Z","Top 7 Real Diamond Watches - Cash 4 Gold and Diamond","migration/pre-deployment/live-source/html/467926ec8d908f25a393bc1dd0e379305ba4abc3ab1044087e08e2b208df1505.html","5157a90a3cba31e026b1b73d1259e6c547167052bca16c545ccb707821f8d192","
		Top 7 Real Diamond Watches for Men: How To Choose The Best Diamond Watches for Men in 2025
	 | Recent Posts | Recent Comments","Post author:Navid","","","[""Cash For Gold""]","[]","https://cash4goldanddiamond.com/wp-content/uploads/2024/11/download-3.jpeg","Top 7 Real Diamond Watches - Cash 4 Gold and Diamond","Top Diamond Real Watches for Men.The ultimate guide to buying the best diamond watches for men in 2024. Choose the Best Diamond Watch for You","unavailable from source","follow, noindex","migration/pre-deployment/live-source/html/467926ec8d908f25a393bc1dd0e379305ba4abc3ab1044087e08e2b208df1505.html","https://cash4goldanddiamond.com/tag/top-7-real-diamond-watches/","page-e645e2e5e9cb1f6fc7060a76","Preserve route and compare sections","Owner facts: HOME-DISPLAY-AND-BUSINESS-NOTES.md; full disposition pending","BLOCKED — route present; source/metadata/disposition approval incomplete","wordpress-reconciliation.json; migration-comparison.json; substantive-review.json; verification.json"
"unavailable","tag archive","200","https://cash4goldanddiamond.com/tag/gold-ring/","2026-09-10T16:28:52.741Z","gold ring - Cash 4 Gold and Diamond","migration/pre-deployment/live-source/html/1fa555140050af5a2ae504d25edb93de5ff5d0d69b9d363b35880a255284c73b.html","6e9f216d429698c9b45441de7a5d62b90cfa0bc2873f1d6c3f5648de0d4b4670","
		How Much is 10kt Gold Worth?
	 | Recent Posts | Recent Comments","Post author:Navid","","","[""Cash For Gold""]","[]","https://cash4goldanddiamond.com/wp-content/uploads/2024/12/download-9-e1735530723144.webp","gold ring - Cash 4 Gold and Diamond","Discover the value of your gold ring. Learn how to assess its worth, find trusted buyers, and get the best offers for your gold jewelry","unavailable from source","follow, noindex","migration/pre-deployment/live-source/html/1fa555140050af5a2ae504d25edb93de5ff5d0d69b9d363b35880a255284c73b.html","https://cash4goldanddiamond.com/tag/gold-ring/","page-490e78ab33dc8f2013016717","Preserve route and compare sections","Owner facts: HOME-DISPLAY-AND-BUSINESS-NOTES.md; full disposition pending","BLOCKED — route present; source/metadata/disposition approval incomplete","wordpress-reconciliation.json; migration-comparison.json; substantive-review.json; verification.json"
"unavailable","tag archive","200","https://cash4goldanddiamond.com/tag/10k-gold/","2026-09-10T16:28:52.740Z","10k Gold | Cash 4 Gold and Diamond","migration/pre-deployment/live-source/html/6747aedb3eb299fe606112ca8631f234c88a6561b77540f42f9a2d217f1b310f.html","ad602d16c7bd65f25dcbd919cde189a61b2f6dc67e32349260beb034ccb36185","
		How Much is 10kt Gold Worth?
	 | Recent Posts | Recent Comments","Post author:Navid","","","[""Cash For Gold""]","[]","https://cash4goldanddiamond.com/wp-content/uploads/2024/12/download-9-e1735530723144.webp","10k Gold | Cash 4 Gold and Diamond","Explore the value of 10K gold. Learn about its purity, pricing, and how to get the best offers for your 10K gold jewelry and items","unavailable from source","follow, noindex","migration/pre-deployment/live-source/html/6747aedb3eb299fe606112ca8631f234c88a6561b77540f42f9a2d217f1b310f.html","https://cash4goldanddiamond.com/tag/10k-gold/","page-5014c058ea32c0658f9a6cb4","Preserve route and compare sections","Owner facts: HOME-DISPLAY-AND-BUSINESS-NOTES.md; full disposition pending","BLOCKED — route present; source/metadata/disposition approval incomplete","wordpress-reconciliation.json; migration-comparison.json; substantive-review.json; verification.json"
"unavailable","tag archive","200","https://cash4goldanddiamond.com/tag/gold-worth/","2026-09-10T16:28:52.741Z","What is Gold Worth | Cash 4 Gold and Diamond","migration/pre-deployment/live-source/html/01f1ca5a5554ab366e3e4d71c503f447a78bdc5fb74b83efabed504ed8050bfc.html","dc5110c21c6acc152e72eb132986537668c3e60aea70ff1ff8c5f29e7677888d","
		How Much is 10kt Gold Worth?
	 | Recent Posts | Recent Comments","Post author:Navid","","","[""Cash For Gold""]","[]","https://cash4goldanddiamond.com/wp-content/uploads/2024/12/download-9-e1735530723144.webp","What is Gold Worth | Cash 4 Gold and Diamond","Curious about what is gold worth? Read our blog to discover it's current market value, factors that affect pricing, and how to get the best offers.","unavailable from source","follow, noindex","migration/pre-deployment/live-source/html/01f1ca5a5554ab366e3e4d71c503f447a78bdc5fb74b83efabed504ed8050bfc.html","https://cash4goldanddiamond.com/tag/gold-worth/","page-cb04b25161848b9484699534","Preserve route and compare sections","Owner facts: HOME-DISPLAY-AND-BUSINESS-NOTES.md; full disposition pending","BLOCKED — route present; source/metadata/disposition approval incomplete","wordpress-reconciliation.json; migration-comparison.json; substantive-review.json; verification.json"
"unavailable","tag archive","200","https://cash4goldanddiamond.com/tag/sell-yout-gold/","2026-09-10T16:28:54.867Z","sell yout gold - Cash 4 Gold and Diamond","migration/pre-deployment/live-source/html/cad2a0971e0282e893460ced33dae2321b9478847f894db88aac81e832afc9b0.html","620c73c65019a7ed870c316dd0236cae0d25d15705bda404c8045eb1e0e39ae7","
		How Much is 10kt Gold Worth?
	 | Recent Posts | Recent Comments","Post author:Navid","","","[""Cash For Gold""]","[]","https://cash4goldanddiamond.com/wp-content/uploads/2024/12/download-9-e1735530723144.webp","sell yout gold - Cash 4 Gold and Diamond","Learn how to sell yout gold with confidence. This guide covers everything you need to know, from assessing value to finding the right buyers.","unavailable from source","follow, noindex","migration/pre-deployment/live-source/html/cad2a0971e0282e893460ced33dae2321b9478847f894db88aac81e832afc9b0.html","https://cash4goldanddiamond.com/tag/sell-yout-gold/","page-c1c47debb722d5a6231f1134","Preserve route and compare sections","Owner facts: HOME-DISPLAY-AND-BUSINESS-NOTES.md; full disposition pending","BLOCKED — route present; source/metadata/disposition approval incomplete","wordpress-reconciliation.json; migration-comparison.json; substantive-review.json; verification.json"
"unavailable","pagination","200","https://cash4goldanddiamond.com/author/navid-lalezari/page/4/","2026-09-10T16:28:54.867Z","Navid, Author at Cash 4 Gold and Diamond - Page 4 of 11","migration/pre-deployment/live-source/html/b9f904dae77d35da1a943a656143b522589fb9a197ae4b7bd7ec597a661e75ad.html","bff5afaeeea0b26633b570f2a377767be9a3159958e6638d3a8200b67b289103","
		How Much Do Pawn Shops Pay for Gold? What Los Angeles Sellers Should Know
	 | 
		Best 22K Gold Jewelry 2026: Top 5 Buyers & Sellers Ranked
	 | 
		Best Emerald Ring Gold 2026: Top 5 Ranked & Compared
	 | 
		Best Gold Watches for Women 2026: Top 6 Ranked
	 | 
		Best 14K Solid Gold Rings 2026: Top Buyers & Sellers Ranked
	 | 
		Rolex Day Date Gold: What It Costs & Why It Holds Value
	 | 
		Best Gold Rolex Buyers 2026: Top 5 Ranked
	 | 
		Best 10K Gold Rings for Women 2026: Top 5 Ranked
	 | 
		Platinum vs White Gold: Which Metal Is Right for You?
	 | 
		Best Diamond Buyers Los Angeles 2026: Top 6 Ranked
	 | Recent Posts | Recent Comments","Post author:Navid","","","[""E-commerce & Retail"",""E-commerce & Retail"",""E-commerce & Retail"",""E-commerce & Retail"",""E-commerce & Retail"",""E-commerce & Retail"",""E-commerce & Retail"",""E-commerce & Retail"",""E-commerce & Retail"",""E-commerce & Retail""]","[]","https://cash4goldanddiamond.com/wp-content/uploads/2026/08/ChatGPT-Image-Aug-13-2026-11_19_09-AM-300x200.png | https://cash4goldanddiamond.com/wp-content/uploads/2026/08/pexels-photo-13595676-300x214.jpeg | https://cash4goldanddiamond.com/wp-content/uploads/2026/08/pexels-photo-14856414-300x207.png | https://cash4goldanddiamond.com/wp-content/uploads/2026/08/pexels-photo-25227838-300x200.jpeg | https://cash4goldanddiamond.com/wp-content/uploads/2026/08/pexels-photo-11826920-300x200.jpeg | https://cash4goldanddiamond.com/wp-content/uploads/2026/08/pexels-photo-3809175-300x200.jpeg | https://cash4goldanddiamond.com/wp-content/uploads/2026/08/pexels-photo-36450789-300x200.jpeg | https://cash4goldanddiamond.com/wp-content/uploads/2026/08/pexels-photo-10944900-300x200.jpeg | https://cash4goldanddiamond.com/wp-content/uploads/2026/08/pexels-photo-5370657-300x200.jpeg | https://cash4goldanddiamond.com/wp-content/uploads/2026/08/pexels-photo-19226822-300x169.jpeg","Navid, Author at Cash 4 Gold and Diamond - Page 4 of 11","private Rank Math value unavailable","unavailable from source","follow, noindex","migration/pre-deployment/live-source/html/b9f904dae77d35da1a943a656143b522589fb9a197ae4b7bd7ec597a661e75ad.html","https://cash4goldanddiamond.com/author/navid-lalezari/page/4/","page-0a6254d798afac2a814730d1","Preserve route and compare sections","Owner facts: HOME-DISPLAY-AND-BUSINESS-NOTES.md; full disposition pending","BLOCKED — route present; source/metadata/disposition approval incomplete","wordpress-reconciliation.json; migration-comparison.json; substantive-review.json; verification.json"
"unavailable","pagination","200","https://cash4goldanddiamond.com/author/navid-lalezari/page/3/","2026-09-10T16:28:54.867Z","Navid, Author at Cash 4 Gold and Diamond - Page 3 of 11","migration/pre-deployment/live-source/html/f70bd982228a836418e9698d783ecc54ca04f1febd0110dd13e4168ef7ec83ce.html","5d69b26a53e402e34bdbcc75daf1fa321d41841cae8e48a645aaf874447cdec4","
		How to Sell a Rolex Watch in Los Angeles: Cash Today
	 | 
		White Gold: What It Is & Why It’s Worth So Much
	 | 
		Best 14K White Gold Rings 2026: Top 5 Ranked & Compared
	 | 
		What Is 14 Karat Gold? Purity, Durability & Value
	 | 
		Diamond Gems in Los Angeles: Your Complete Buying & Selling Guide
	 | 
		Best Gold Watches 2026: Top 5 Ranked & Compared
	 | 
		Best 14K Gold Chain 2026: Top 5 Ranked & Compared
	 | 
		Best Gold Diamond Buyers 2026: Top 5 Ranked
	 | 
		How Is Gold Valued? A Los Angeles Seller’s Guide to Gold Purity, Weight & Spot Price
	 | 
		Where to Sell Gold in Los Angeles: How to Get the Best Price for Your Gold
	 | Recent Posts | Recent Comments","Post author:Navid","","","[""E-commerce & Retail"",""E-commerce & Retail"",""E-commerce & Retail"",""E-commerce & Retail"",""E-commerce & Retail"",""E-commerce & Retail"",""E-commerce & Retail"",""Cash For Gold"",""Cash For Gold"",""Cash For Gold""]","[]","https://cash4goldanddiamond.com/wp-content/uploads/2026/08/pexels-photo-3809175-2-300x200.jpeg | https://cash4goldanddiamond.com/wp-content/uploads/2026/08/pexels-photo-35291272-300x200.jpeg | https://cash4goldanddiamond.com/wp-content/uploads/2026/08/pexels-photo-8250149-300x200.jpeg | https://cash4goldanddiamond.com/wp-content/uploads/2026/08/pexels-photo-8442330-300x200.jpeg | https://cash4goldanddiamond.com/wp-content/uploads/2026/08/pexels-photo-5912127-1-300x200.jpeg | https://cash4goldanddiamond.com/wp-content/uploads/2026/08/pexels-photo-17717727-300x200.jpeg | https://cash4goldanddiamond.com/wp-content/uploads/2026/08/pexels-photo-12194263-300x300.jpeg | https://cash4goldanddiamond.com/wp-content/uploads/2026/08/pexels-photo-7134458-300x200.jpeg | https://cash4goldanddiamond.com/wp-content/uploads/2026/08/ChatGPT-Image-Aug-13-2026-01_13_57-PM-300x200.png | https://cash4goldanddiamond.com/wp-content/uploads/2026/08/ChatGPT-Image-Aug-13-2026-12_46_21-PM-300x200.png","Navid, Author at Cash 4 Gold and Diamond - Page 3 of 11","private Rank Math value unavailable","unavailable from source","follow, noindex","migration/pre-deployment/live-source/html/f70bd982228a836418e9698d783ecc54ca04f1febd0110dd13e4168ef7ec83ce.html","https://cash4goldanddiamond.com/author/navid-lalezari/page/3/","page-04df2c1e0d7eb0015de968e2","Preserve route and compare sections","Owner facts: HOME-DISPLAY-AND-BUSINESS-NOTES.md; full disposition pending","BLOCKED — route present; source/metadata/disposition approval incomplete","wordpress-reconciliation.json; migration-comparison.json; substantive-review.json; verification.json"
"unavailable","pagination","200","https://cash4goldanddiamond.com/author/navid-lalezari/page/2/","2026-09-10T16:28:57.060Z","Navid, Author at Cash 4 Gold and Diamond - Page 2 of 11","migration/pre-deployment/live-source/html/83e583fab80ddc81409d5185c14ff9a6c8299ff88be18492f331dc44534fb01e.html","1d9eb9425616eac55cc6b92d0232105c27a0336e3a20ac4a70f115ba95834258","
		How Jewelry Buyers Determine Gold Value: The Real Process
	 | 
		How to Value Estate Jewelry Pieces: Expert Guide 2026
	 | 
		Best Luxury Watch Buyer in Los Angeles, CA: Same-Day Cash
	 | 
		14K Gold Price Per Gram: How Much Is 14K Gold Worth in Los Angeles?
	 | 
		Legitimate Gold Buyer vs Pawn Shop: Which Offers Better Prices?
	 | 
		Best Inherited Jewelry Valuation Los Angeles 2026: Top 5 Ranked
	 | 
		How Much Should I Get for My Gold Jewelry? 2026 Guide
	 | 
		Loose Diamond Appraisal Downtown Los Angeles: Top 6 Ranked
	 | 
		Best Diamond Necklace Buyers in Los Angeles, CA 2026
	 | 
		Best Vintage Rolex Buyer Downtown Los Angeles 2026: Top 5 Ranked
	 | Recent Posts | Recent Comments","Post author:Navid","","","[""E-commerce & Retail"",""E-commerce & Retail"",""Uncategorized"",""E-commerce & Retail"",""E-commerce & Retail"",""E-commerce & Retail"",""E-commerce & Retail"",""E-commerce & Retail"",""E-commerce & Retail"",""E-commerce & Retail""]","[]","https://cash4goldanddiamond.com/wp-content/uploads/2026/08/pexels-photo-38765162-300x200.jpeg | https://cash4goldanddiamond.com/wp-content/uploads/2026/08/pexels-photo-13648411-300x200.jpeg | https://cash4goldanddiamond.com/wp-content/uploads/2026/08/pexels-photo-10400713-300x201.jpeg | https://cash4goldanddiamond.com/wp-content/uploads/2026/08/pexels-photo-36043076-300x200.jpeg | https://cash4goldanddiamond.com/wp-content/uploads/2026/08/pexels-photo-6263113-300x200.jpeg | https://cash4goldanddiamond.com/wp-content/uploads/2026/08/pexels-photo-7130033-300x200.jpeg | https://cash4goldanddiamond.com/wp-content/uploads/2026/08/pexels-photo-34304260-300x169.jpeg | https://cash4goldanddiamond.com/wp-content/uploads/2026/08/pexels-photo-10215179-300x200.jpeg | https://cash4goldanddiamond.com/wp-content/uploads/2026/08/pexels-photo-30171494-300x200.jpeg","Navid, Author at Cash 4 Gold and Diamond - Page 2 of 11","private Rank Math value unavailable","unavailable from source","follow, noindex","migration/pre-deployment/live-source/html/83e583fab80ddc81409d5185c14ff9a6c8299ff88be18492f331dc44534fb01e.html","https://cash4goldanddiamond.com/author/navid-lalezari/page/2/","page-b80aba5ca3ea1756961c7f65","Preserve route and compare sections","Owner facts: HOME-DISPLAY-AND-BUSINESS-NOTES.md; full disposition pending","BLOCKED — route present; source/metadata/disposition approval incomplete","wordpress-reconciliation.json; migration-comparison.json; substantive-review.json; verification.json"
"unavailable","pagination","200","https://cash4goldanddiamond.com/e-commerce-retail/page/2/","2026-09-10T16:28:57.060Z","E-commerce & Retail - Page 2 of 10 - Cash 4 Gold and Diamond","migration/pre-deployment/live-source/html/fa4f44e0949a178a5550c18ad98ff1f4a9a34eb753f1ad47d3c6c3498ba40ab1.html","659ddb2e01000a58086c0f19ee4a3fe645f6c870c02f80079b85cd9411cca0a4","
		Best Trusted Jewelry Buyer in Los Angeles, CA 2026
	 | 
		How Jewelry Buyers Determine Gold Value: The Real Process
	 | 
		How to Value Estate Jewelry Pieces: Expert Guide 2026
	 | 
		Best Luxury Watch Buyer in Los Angeles, CA: Same-Day Cash
	 | 
		Legitimate Gold Buyer vs Pawn Shop: Which Offers Better Prices?
	 | 
		Best Inherited Jewelry Valuation Los Angeles 2026: Top 5 Ranked
	 | 
		How Much Should I Get for My Gold Jewelry? 2026 Guide
	 | 
		Loose Diamond Appraisal Downtown Los Angeles: Top 6 Ranked
	 | 
		Best Diamond Necklace Buyers in Los Angeles, CA 2026
	 | 
		Best Vintage Rolex Buyer Downtown Los Angeles 2026: Top 5 Ranked
	 | Recent Posts | Recent Comments","Post author:Navid","","","[""E-commerce & Retail"",""E-commerce & Retail"",""E-commerce & Retail"",""E-commerce & Retail"",""E-commerce & Retail"",""E-commerce & Retail"",""E-commerce & Retail"",""E-commerce & Retail"",""E-commerce & Retail"",""E-commerce & Retail""]","[]","https://cash4goldanddiamond.com/wp-content/uploads/2026/08/pexels-photo-33441614-300x200.jpeg | https://cash4goldanddiamond.com/wp-content/uploads/2026/08/pexels-photo-38765162-300x200.jpeg | https://cash4goldanddiamond.com/wp-content/uploads/2026/08/pexels-photo-13648411-300x200.jpeg | https://cash4goldanddiamond.com/wp-content/uploads/2026/08/pexels-photo-10400713-300x201.jpeg | https://cash4goldanddiamond.com/wp-content/uploads/2026/08/pexels-photo-36043076-300x200.jpeg | https://cash4goldanddiamond.com/wp-content/uploads/2026/08/pexels-photo-6263113-300x200.jpeg | https://cash4goldanddiamond.com/wp-content/uploads/2026/08/pexels-photo-7130033-300x200.jpeg | https://cash4goldanddiamond.com/wp-content/uploads/2026/08/pexels-photo-34304260-300x169.jpeg | https://cash4goldanddiamond.com/wp-content/uploads/2026/08/pexels-photo-10215179-300x200.jpeg | https://cash4goldanddiamond.com/wp-content/uploads/2026/08/pexels-photo-30171494-300x200.jpeg","E-commerce & Retail - Page 2 of 10 - Cash 4 Gold and Diamond","private Rank Math value unavailable","unavailable from source","follow, noindex","migration/pre-deployment/live-source/html/fa4f44e0949a178a5550c18ad98ff1f4a9a34eb753f1ad47d3c6c3498ba40ab1.html","https://cash4goldanddiamond.com/e-commerce-retail/page/2/","page-8c69d521e0429dd4f251d9fc","Preserve route and compare sections","Owner facts: HOME-DISPLAY-AND-BUSINESS-NOTES.md; full disposition pending","BLOCKED — route present; source/metadata/disposition approval incomplete","wordpress-reconciliation.json; migration-comparison.json; substantive-review.json; verification.json"
"unavailable","pagination","200","https://cash4goldanddiamond.com/e-commerce-retail/page/3/","2026-09-10T16:28:57.060Z","E-commerce & Retail - Page 3 of 10 - Cash 4 Gold and Diamond","migration/pre-deployment/live-source/html/9cc64b785a4eb5bcbf3256ee82d13cc436a8f531bf85939b2b6ffb5d01328dfa.html","e081ca7a451b47b61bf52d6f4eece009f5e9e483c7a2486761557ef5ca2e081f","
		How to Sell a Rolex Watch in Los Angeles: Cash Today
	 | 
		White Gold: What It Is & Why It’s Worth So Much
	 | 
		Best 14K White Gold Rings 2026: Top 5 Ranked & Compared
	 | 
		What Is 14 Karat Gold? Purity, Durability & Value
	 | 
		Diamond Gems in Los Angeles: Your Complete Buying & Selling Guide
	 | 
		Best Gold Watches 2026: Top 5 Ranked & Compared
	 | 
		Best 14K Gold Chain 2026: Top 5 Ranked & Compared
	 | 
		Uncut Diamond Buyers in Downtown Los Angeles | Cash 4 Gold & Diamonds
	 | 
		Best Gold Diamond Buyers 2026: Top 5 Ranked
	 | 
		Best 22K Gold Jewelry 2026: Top 5 Buyers & Sellers Ranked
	 | Recent Posts | Recent Comments","Post author:Navid","","","[""E-commerce & Retail"",""E-commerce & Retail"",""E-commerce & Retail"",""E-commerce & Retail"",""E-commerce & Retail"",""E-commerce & Retail"",""E-commerce & Retail"",""E-commerce & Retail"",""E-commerce & Retail"",""E-commerce & Retail""]","[]","https://cash4goldanddiamond.com/wp-content/uploads/2026/08/pexels-photo-3809175-2-300x200.jpeg | https://cash4goldanddiamond.com/wp-content/uploads/2026/08/pexels-photo-35291272-300x200.jpeg | https://cash4goldanddiamond.com/wp-content/uploads/2026/08/pexels-photo-8250149-300x200.jpeg | https://cash4goldanddiamond.com/wp-content/uploads/2026/08/pexels-photo-8442330-300x200.jpeg | https://cash4goldanddiamond.com/wp-content/uploads/2026/08/pexels-photo-5912127-1-300x200.jpeg | https://cash4goldanddiamond.com/wp-content/uploads/2026/08/pexels-photo-17717727-300x200.jpeg | https://cash4goldanddiamond.com/wp-content/uploads/2026/08/pexels-photo-12194263-300x300.jpeg | https://cash4goldanddiamond.com/wp-content/uploads/2026/08/pexels-photo-29353059-1-300x200.jpeg | https://cash4goldanddiamond.com/wp-content/uploads/2026/08/pexels-photo-7134458-300x200.jpeg | https://cash4goldanddiamond.com/wp-content/uploads/2026/08/pexels-photo-13595676-300x214.jpeg","E-commerce & Retail - Page 3 of 10 - Cash 4 Gold and Diamond","private Rank Math value unavailable","unavailable from source","follow, noindex","migration/pre-deployment/live-source/html/9cc64b785a4eb5bcbf3256ee82d13cc436a8f531bf85939b2b6ffb5d01328dfa.html","https://cash4goldanddiamond.com/e-commerce-retail/page/3/","page-e3f8a4f743456fb8ad2b50ce","Preserve route and compare sections","Owner facts: HOME-DISPLAY-AND-BUSINESS-NOTES.md; full disposition pending","BLOCKED — route present; source/metadata/disposition approval incomplete","wordpress-reconciliation.json; migration-comparison.json; substantive-review.json; verification.json"
"unavailable","pagination","200","https://cash4goldanddiamond.com/e-commerce-retail/page/10/","2026-09-10T16:28:59.537Z","E-commerce & Retail - Page 10 of 10 - Cash 4 Gold and Diamond","migration/pre-deployment/live-source/html/763c5eca86f01d8198c4b226637808c6e240704ce51a9ba657f5a65fd31fa0b9.html","0ba356eab0fee8704d0bec8b5e37b028aecb6e32891af34dd378e180e72cc899","
		Sell Gold Jewelry in Los Angeles: Fair Prices & Same-Day Cash
	 | 
		Best Gold & Jewelry Buyers Los Angeles 2026: Top 6 Ranked
	 | 
		Best Gold Coins Buyer Near Me Downtown LA
	 | Recent Posts | Recent Comments","Post author:Navid","","","[""E-commerce & Retail"",""E-commerce & Retail""]","[]","https://cash4goldanddiamond.com/wp-content/uploads/2026/06/pexels-photo-29528804-300x219.jpeg","E-commerce & Retail - Page 10 of 10 - Cash 4 Gold and Diamond","private Rank Math value unavailable","unavailable from source","follow, noindex","migration/pre-deployment/live-source/html/763c5eca86f01d8198c4b226637808c6e240704ce51a9ba657f5a65fd31fa0b9.html","https://cash4goldanddiamond.com/e-commerce-retail/page/10/","page-74b74313595346c3b818b797","Preserve route and compare sections","Owner facts: HOME-DISPLAY-AND-BUSINESS-NOTES.md; full disposition pending","BLOCKED — route present; source/metadata/disposition approval incomplete","wordpress-reconciliation.json; migration-comparison.json; substantive-review.json; verification.json"
"unavailable","pagination","200","https://cash4goldanddiamond.com/author/navid-lalezari/page/11/","2026-09-10T16:28:59.536Z","Navid, Author at Cash 4 Gold and Diamond - Page 11 of 11","migration/pre-deployment/live-source/html/d176fe05e67bb5d628ddc880b416ce0b4484c305a6561db4a8d427bab3c622c0.html","319a1152165df93ee9e42ff9d7305c1bdd0140d7aad8718ad5580d228bc76c0d","
		2 carat diamond ring Price & Complete Buying Guide
	 | 
		3.5-Carat Oval Diamond Ring: Buying Step-by-Step Guide
	 | 
		Top 7 Real Diamond Watches for Men: How To Choose The Best Diamond Watches for Men in 2025
	 | 
		Real Diamond Watches for Men: The Ultimate Buying Guide
	 | 
		Fake VS Real Rolex: How to a Spot Fake Rolex in Easy Step
	 | 
		Sell Your Gold and Diamonds Online
	 | Recent Posts | Recent Comments","Post author:Navid","","","[""Cash For Gold"",""Cash For Gold"",""Cash For Gold"",""Cash For Gold"",""Cash For Gold""]","[]","https://cash4goldanddiamond.com/wp-content/uploads/2024/11/engement-ring-300x200.jpg | https://cash4goldanddiamond.com/wp-content/uploads/2024/11/diamond-ring-2-300x200.webp | https://cash4goldanddiamond.com/wp-content/uploads/2024/11/download-3.jpeg | https://cash4goldanddiamond.com/wp-content/uploads/2024/11/download-1-300x144.jpg | https://cash4goldanddiamond.com/wp-content/uploads/2024/11/rolex_4ab371b3-b0f5-44fb-b2e1-fe031cfaa801_1024x1024-2-300x198.webp | https://cash4goldanddiamond.com/wp-content/uploads/2024/06/CashForGold-300x183.avif","Navid, Author at Cash 4 Gold and Diamond - Page 11 of 11","2. carat Diamond Ring with our expert guide. Learn about quality, and pricing, Follow our tips for how to pick the best diamond for your budget.","unavailable from source","follow, noindex","migration/pre-deployment/live-source/html/d176fe05e67bb5d628ddc880b416ce0b4484c305a6561db4a8d427bab3c622c0.html","https://cash4goldanddiamond.com/author/navid-lalezari/page/11/","page-f8201e870abc49e01849175d","Preserve route and compare sections","Owner facts: HOME-DISPLAY-AND-BUSINESS-NOTES.md; full disposition pending","BLOCKED — route present; source/metadata/disposition approval incomplete","wordpress-reconciliation.json; migration-comparison.json; substantive-review.json; verification.json"
"unavailable","pagination","200","https://cash4goldanddiamond.com/e-commerce-retail/page/4/","2026-09-10T16:28:59.536Z","E-commerce & Retail - Page 4 of 10 - Cash 4 Gold and Diamond","migration/pre-deployment/live-source/html/ada62fad4fe51be7205ff0b2f5508bfa3dfe6c84eea7e393a0402813c67a93db.html","f87107267926b7021a0c934b70d25c382bea522cbca3676f0ae8a2b0d9e75884","
		Best Emerald Ring Gold 2026: Top 5 Ranked & Compared
	 | 
		Best Gold Watches for Women 2026: Top 6 Ranked
	 | 
		Best 14K Solid Gold Rings 2026: Top Buyers & Sellers Ranked
	 | 
		Rolex Day Date Gold: What It Costs & Why It Holds Value
	 | 
		Best Gold Rolex Buyers 2026: Top 5 Ranked
	 | 
		Best 10K Gold Rings for Women 2026: Top 5 Ranked
	 | 
		Platinum vs White Gold: Which Metal Is Right for You?
	 | 
		Best Diamond Buyers Los Angeles 2026: Top 6 Ranked
	 | 
		GIA Certified Lab-Grown Diamonds 2026: Top Buyers Ranked
	 | 
		GIA Certified Diamonds 2026: Top Buyers & Best Places to Sell
	 | Recent Posts | Recent Comments","Post author:Navid","","","[""E-commerce & Retail"",""E-commerce & Retail"",""E-commerce & Retail"",""E-commerce & Retail"",""E-commerce & Retail"",""E-commerce & Retail"",""E-commerce & Retail"",""E-commerce & Retail"",""E-commerce & Retail"",""E-commerce & Retail""]","[]","https://cash4goldanddiamond.com/wp-content/uploads/2026/08/pexels-photo-14856414-300x207.png | https://cash4goldanddiamond.com/wp-content/uploads/2026/08/pexels-photo-25227838-300x200.jpeg | https://cash4goldanddiamond.com/wp-content/uploads/2026/08/pexels-photo-11826920-300x200.jpeg | https://cash4goldanddiamond.com/wp-content/uploads/2026/08/pexels-photo-3809175-300x200.jpeg | https://cash4goldanddiamond.com/wp-content/uploads/2026/08/pexels-photo-36450789-300x200.jpeg | https://cash4goldanddiamond.com/wp-content/uploads/2026/08/pexels-photo-10944900-300x200.jpeg | https://cash4goldanddiamond.com/wp-content/uploads/2026/08/pexels-photo-5370657-300x200.jpeg | https://cash4goldanddiamond.com/wp-content/uploads/2026/08/pexels-photo-19226822-300x169.jpeg | https://cash4goldanddiamond.com/wp-content/uploads/2026/08/pexels-photo-29245558-300x200.jpeg | https://cash4goldanddiamond.com/wp-content/uploads/2026/08/pexels-photo-5442447-300x200.jpeg","E-commerce & Retail - Page 4 of 10 - Cash 4 Gold and Diamond","private Rank Math value unavailable","unavailable from source","follow, noindex","migration/pre-deployment/live-source/html/ada62fad4fe51be7205ff0b2f5508bfa3dfe6c84eea7e393a0402813c67a93db.html","https://cash4goldanddiamond.com/e-commerce-retail/page/4/","page-5c9e7b2cfa658c7cbc194d9b","Preserve route and compare sections","Owner facts: HOME-DISPLAY-AND-BUSINESS-NOTES.md; full disposition pending","BLOCKED — route present; source/metadata/disposition approval incomplete","wordpress-reconciliation.json; migration-comparison.json; substantive-review.json; verification.json"
"unavailable","tag archive","200","https://cash4goldanddiamond.com/tag/watches/","2026-09-10T16:29:01.937Z","Watches - Cash 4 Gold and Diamond","migration/pre-deployment/live-source/html/8cff4310ca6e6e82c123b6b98a5e27b2d6b0a58e92d495677321b7f84c1b922b.html","ea521ed6d8dc03d28d3c06e1d8b17730b629375298f5db50dea3b2cb343be798","
		Fake VS Real Rolex: How to a Spot Fake Rolex in Easy Step
	 | Recent Posts | Recent Comments","Post author:Navid","","","[""Cash For Gold""]","[]","https://cash4goldanddiamond.com/wp-content/uploads/2024/11/rolex_4ab371b3-b0f5-44fb-b2e1-fe031cfaa801_1024x1024-2-300x198.webp","Watches - Cash 4 Gold and Diamond","how to spot fake Rolex. Rolex Watch Weight, Serial Number: Model Number, Winding Crown, and Date Appear Bigger: A Complete Step-by-Step Guide","unavailable from source","follow, noindex","migration/pre-deployment/live-source/html/8cff4310ca6e6e82c123b6b98a5e27b2d6b0a58e92d495677321b7f84c1b922b.html","https://cash4goldanddiamond.com/tag/watches/","page-f5eb60ce47c3b39e044d86b5","Preserve route and compare sections","Owner facts: HOME-DISPLAY-AND-BUSINESS-NOTES.md; full disposition pending","BLOCKED — route present; source/metadata/disposition approval incomplete","wordpress-reconciliation.json; migration-comparison.json; substantive-review.json; verification.json"
"unavailable","pagination","200","https://cash4goldanddiamond.com/cash-for-gold/page/2/","2026-09-10T16:29:01.937Z","Cash For Gold - Page 2 of 2 - Cash 4 Gold and Diamond","migration/pre-deployment/live-source/html/c134d3f4990b64f2a7dd56c312bfb69b4b6480ab3a3b75f15afe1f2b5d560789.html","aa2169be8bf61c931268bb0c31e6d08f3a6271fb3a9252e01b7e7197bf32ba52","
		Sell Your Gold for Cash: A Step-by-Step Guide to Selling Gold Online
	 | 
		2 carat diamond ring Price & Complete Buying Guide
	 | 
		3.5-Carat Oval Diamond Ring: Buying Step-by-Step Guide
	 | 
		Top 7 Real Diamond Watches for Men: How To Choose The Best Diamond Watches for Men in 2025
	 | 
		Real Diamond Watches for Men: The Ultimate Buying Guide
	 | 
		Fake VS Real Rolex: How to a Spot Fake Rolex in Easy Step
	 | 
		Sell Your Gold and Diamonds Online
	 | Recent Posts | Recent Comments","Post author:Navid","","","[""Cash For Gold"",""Cash For Gold"",""Cash For Gold"",""Cash For Gold"",""Cash For Gold"",""Cash For Gold"",""Cash For Gold""]","[]","https://cash4goldanddiamond.com/wp-content/uploads/2024/12/sell-your-gold.webp | https://cash4goldanddiamond.com/wp-content/uploads/2024/11/engement-ring-300x200.jpg | https://cash4goldanddiamond.com/wp-content/uploads/2024/11/diamond-ring-2-300x200.webp | https://cash4goldanddiamond.com/wp-content/uploads/2024/11/download-3.jpeg | https://cash4goldanddiamond.com/wp-content/uploads/2024/11/download-1-300x144.jpg | https://cash4goldanddiamond.com/wp-content/uploads/2024/11/rolex_4ab371b3-b0f5-44fb-b2e1-fe031cfaa801_1024x1024-2-300x198.webp | https://cash4goldanddiamond.com/wp-content/uploads/2024/06/CashForGold-300x183.avif","Cash For Gold - Page 2 of 2 - Cash 4 Gold and Diamond","private Rank Math value unavailable","unavailable from source","follow, noindex","migration/pre-deployment/live-source/html/c134d3f4990b64f2a7dd56c312bfb69b4b6480ab3a3b75f15afe1f2b5d560789.html","https://cash4goldanddiamond.com/cash-for-gold/page/2/","page-ee888595a2db36d5b0e44d01","Preserve route and compare sections","Owner facts: HOME-DISPLAY-AND-BUSINESS-NOTES.md; full disposition pending","BLOCKED — route present; source/metadata/disposition approval incomplete","wordpress-reconciliation.json; migration-comparison.json; substantive-review.json; verification.json"
"unavailable","tag archive","200","https://cash4goldanddiamond.com/tag/rolex-watches/","2026-09-10T16:29:01.937Z","Rolex Watches - Cash 4 Gold and Diamond","migration/pre-deployment/live-source/html/b6e49f231fc46138981997671e8607150fb2c95013af26e4d8a72fa007505e2f.html","2d09ce0258bcb4f04892ba3f47e705a554bf39af146da3b324a1fa9dfb2e4a3e","
		Fake VS Real Rolex: How to a Spot Fake Rolex in Easy Step
	 | Recent Posts | Recent Comments","Post author:Navid","","","[""Cash For Gold""]","[]","https://cash4goldanddiamond.com/wp-content/uploads/2024/11/rolex_4ab371b3-b0f5-44fb-b2e1-fe031cfaa801_1024x1024-2-300x198.webp","Rolex Watches - Cash 4 Gold and Diamond","how to spot fake Rolex. Rolex Watch Weight, Serial Number: Model Number, Winding Crown, and Date Appear Bigger: A Complete Step-by-Step Guide","unavailable from source","follow, noindex","migration/pre-deployment/live-source/html/b6e49f231fc46138981997671e8607150fb2c95013af26e4d8a72fa007505e2f.html","https://cash4goldanddiamond.com/tag/rolex-watches/","page-8203beef59fd395427084585","Preserve route and compare sections","Owner facts: HOME-DISPLAY-AND-BUSINESS-NOTES.md; full disposition pending","BLOCKED — route present; source/metadata/disposition approval incomplete","wordpress-reconciliation.json; migration-comparison.json; substantive-review.json; verification.json"
"unavailable","pagination","200","https://cash4goldanddiamond.com/author/navid-lalezari/page/6/","2026-09-10T16:29:04.650Z","Navid, Author at Cash 4 Gold and Diamond - Page 6 of 11","migration/pre-deployment/live-source/html/988f0ce28599c6d30d55cc77838cf88d033532778f85f0e2daff9b843fd24ea6.html","52d2f9f71b8e9557eee70b49ea27e058606f91d969cc1eadeda24aea9a45c4f2","
		Sell Gold Jewelry Downtown Los Angeles: Best Buyers & Prices
	 | 
		Best 10K Gold Men’s Rings 2026: Top 5 Ranked & Compared
	 | 
		Diamond Chart: The Complete 4Cs Guide for Buyers & Sellers
	 | 
		Sell Tiffany Jewelry in Los Angeles: Get Fair Cash Today
	 | 
		Best 18K Gold Rings for Women 2026: Top 5 Ranked
	 | 
		The 4 Cs of Diamonds: Cut, Color, Clarity, Carat Explained
	 | 
		Best 14K Gold Belly Rings 2026: Top 5 Options Ranked
	 | 
		Diamond Carat Weight: Complete Guide & Pricing
	 | 
		White Diamond: What You Need to Know Before Buying
	 | 
		Champagne Diamond Buying Guide: What You Need to Know Before Investing
	 | Recent Posts | Recent Comments","Post author:Navid","","","[""E-commerce & Retail"",""E-commerce & Retail"",""E-commerce & Retail"",""E-commerce & Retail"",""E-commerce & Retail"",""E-commerce & Retail"",""E-commerce & Retail"",""E-commerce & Retail"",""E-commerce & Retail"",""E-commerce & Retail""]","[]","https://cash4goldanddiamond.com/wp-content/uploads/2026/08/pexels-photo-25052866-300x200.jpeg | https://cash4goldanddiamond.com/wp-content/uploads/2026/08/pexels-photo-5561915-300x200.jpeg | https://cash4goldanddiamond.com/wp-content/uploads/2026/08/pexels-photo-10772741-300x200.jpeg | https://cash4goldanddiamond.com/wp-content/uploads/2026/08/pexels-photo-10944900-1-300x200.jpeg | https://cash4goldanddiamond.com/wp-content/uploads/2026/08/pexels-photo-5912127-300x200.jpeg | https://cash4goldanddiamond.com/wp-content/uploads/2026/08/pexels-photo-1456641-300x200.jpeg | https://cash4goldanddiamond.com/wp-content/uploads/2026/08/pexels-photo-5362404-300x169.jpeg | https://cash4goldanddiamond.com/wp-content/uploads/2026/08/pexels-photo-8395024-300x225.jpeg | https://cash4goldanddiamond.com/wp-content/uploads/2026/08/pexels-photo-8153989-300x200.jpeg","Navid, Author at Cash 4 Gold and Diamond - Page 6 of 11","private Rank Math value unavailable","unavailable from source","follow, noindex","migration/pre-deployment/live-source/html/988f0ce28599c6d30d55cc77838cf88d033532778f85f0e2daff9b843fd24ea6.html","https://cash4goldanddiamond.com/author/navid-lalezari/page/6/","page-626127e3762204287f28495c","Preserve route and compare sections","Owner facts: HOME-DISPLAY-AND-BUSINESS-NOTES.md; full disposition pending","BLOCKED — route present; source/metadata/disposition approval incomplete","wordpress-reconciliation.json; migration-comparison.json; substantive-review.json; verification.json"
"unavailable","page/archive","200","https://cash4goldanddiamond.com/author/navid-lalezari/page/1/","2026-09-10T16:29:04.650Z","Navid, Author at Cash 4 Gold and Diamond","migration/pre-deployment/live-source/html/4405486032042c2e7034091bd0804c5ad8cd1c1ee41e63eebab356893d0098ed.html","85b84007a4ccf1e552b0d736cf6c7434faab43c6ceb54f414bbb246c01e2a62a","
		Best Gold Bars 2026: Top 5 Dealers Ranked & Compared
	 | 
		Best Price for Gold Coins in Los Angeles, CA | Cash 4 Gold & Diamonds
	 | 
		Best Gemstone Ring Buyers Los Angeles 2026: Top 5 Ranked
	 | 
		Best Certified Diamond Appraisers Los Angeles 2026: Top 5 Ranked
	 | 
		Best Gold Bracelet Buyers Los Angeles 2026: Top 5 Ranked
	 | 
		Best Sapphire & Diamond Jewelry Buyers in Los Angeles 2026
	 | 
		Best 14k Gold Rings 2026: Top 5 Ranked & Compared
	 | 
		Best 24K Gold Chains 2026: Top 5 Ranked & Compared
	 | 
		How to Know if Diamonds Are Worth Selling: 7 Key Factors
	 | 
		Best Trusted Jewelry Buyer in Los Angeles, CA 2026
	 | Recent Posts | Recent Comments","Post author:Navid","","","[""E-commerce & Retail"",""E-commerce & Retail"",""E-commerce & Retail"",""E-commerce & Retail"",""E-commerce & Retail"",""E-commerce & Retail"",""E-commerce & Retail"",""E-commerce & Retail"",""E-commerce & Retail"",""E-commerce & Retail""]","[]","https://cash4goldanddiamond.com/wp-content/uploads/2026/09/pexels-photo-8442325-300x200.jpeg | https://cash4goldanddiamond.com/wp-content/uploads/2026/09/pexels-photo-8844580-300x169.jpeg | https://cash4goldanddiamond.com/wp-content/uploads/2026/09/pexels-photo-35697086-300x200.jpeg | https://cash4goldanddiamond.com/wp-content/uploads/2026/09/pexels-photo-37991776-300x225.jpeg | https://cash4goldanddiamond.com/wp-content/uploads/2026/09/pexels-photo-37485307-300x200.jpeg | https://cash4goldanddiamond.com/wp-content/uploads/2026/09/pexels-photo-32988651-300x200.jpeg | https://cash4goldanddiamond.com/wp-content/uploads/2026/09/pexels-photo-9145395-300x200.jpeg | https://cash4goldanddiamond.com/wp-content/uploads/2026/09/pexels-photo-12194343-300x263.jpeg | https://cash4goldanddiamond.com/wp-content/uploads/2026/09/pexels-photo-5912127-300x200.jpeg | https://cash4goldanddiamond.com/wp-content/uploads/2026/08/pexels-photo-33441614-300x200.jpeg","Navid, Author at Cash 4 Gold and Diamond","private Rank Math value unavailable","unavailable from source","follow, noindex","migration/pre-deployment/live-source/html/4405486032042c2e7034091bd0804c5ad8cd1c1ee41e63eebab356893d0098ed.html","https://cash4goldanddiamond.com/author/navid-lalezari/","page-3dca5fa245d31385d95b06f9","Existing redirect mapping","Owner facts: HOME-DISPLAY-AND-BUSINESS-NOTES.md; full disposition pending","BLOCKED — route present; source/metadata/disposition approval incomplete","wordpress-reconciliation.json; migration-comparison.json; substantive-review.json; verification.json"
"unavailable","tag archive","200","https://cash4goldanddiamond.com/tag/fake-rolex-vs-real-rolex-spot-fake/","2026-09-10T16:29:04.649Z","Fake Rolex vs. Real Rolex: How to Identify a Fake Rolex","migration/pre-deployment/live-source/html/d9a806341ddbc8e405f6be96a7317b381be028ad08981b1e52b03cecf542f45b.html","103a7a3efc2a888b65f1a28bfa7bf92fa0d89ff8827821b5cef00cac4427c462","
		Fake VS Real Rolex: How to a Spot Fake Rolex in Easy Step
	 | Recent Posts | Recent Comments","Post author:Navid","","","[""Cash For Gold""]","[]","https://cash4goldanddiamond.com/wp-content/uploads/2024/11/rolex_4ab371b3-b0f5-44fb-b2e1-fe031cfaa801_1024x1024-2-300x198.webp","Fake Rolex vs. Real Rolex: How to Identify a Fake Rolex","Learn how to spot a fake Rolex vs. real Rolex. Discover key differences and tips to easily identify an authentic Rolex watch with confidence.","unavailable from source","follow, noindex","migration/pre-deployment/live-source/html/d9a806341ddbc8e405f6be96a7317b381be028ad08981b1e52b03cecf542f45b.html","https://cash4goldanddiamond.com/tag/fake-rolex-vs-real-rolex-spot-fake/","page-c271705532974c30484612c6","Preserve route and compare sections","Owner facts: HOME-DISPLAY-AND-BUSINESS-NOTES.md; full disposition pending","BLOCKED — route present; source/metadata/disposition approval incomplete","wordpress-reconciliation.json; migration-comparison.json; substantive-review.json; verification.json"
"unavailable","page/archive","200","https://cash4goldanddiamond.com/e-commerce-retail/page/1/","2026-09-10T16:29:06.816Z","E-commerce & Retail - Cash 4 Gold and Diamond","migration/pre-deployment/live-source/html/d04cf1cee8730dc51b5fc1355186483b3591758f281a9a5abbfafe5c1c2bcf18.html","3da706054bf1ed74a702b51ea467557d8641daed712e2b3a26264368e670750a","
		Best Gold Bars 2026: Top 5 Dealers Ranked & Compared
	 | 
		Best Price for Gold Coins in Los Angeles, CA | Cash 4 Gold & Diamonds
	 | 
		Best Gemstone Ring Buyers Los Angeles 2026: Top 5 Ranked
	 | 
		Best Fine Jewelry Buyers in Downtown Los Angeles, CA
	 | 
		Best Certified Diamond Appraisers Los Angeles 2026: Top 5 Ranked
	 | 
		Best Gold Bracelet Buyers Los Angeles 2026: Top 5 Ranked
	 | 
		Best Sapphire & Diamond Jewelry Buyers in Los Angeles 2026
	 | 
		Best 14k Gold Rings 2026: Top 5 Ranked & Compared
	 | 
		Best 24K Gold Chains 2026: Top 5 Ranked & Compared
	 | 
		How to Know if Diamonds Are Worth Selling: 7 Key Factors
	 | Recent Posts | Recent Comments","Post author:Navid","","","[""E-commerce & Retail"",""E-commerce & Retail"",""E-commerce & Retail"",""E-commerce & Retail"",""E-commerce & Retail"",""E-commerce & Retail"",""E-commerce & Retail"",""E-commerce & Retail"",""E-commerce & Retail"",""E-commerce & Retail""]","[]","https://cash4goldanddiamond.com/wp-content/uploads/2026/09/pexels-photo-8442325-300x200.jpeg | https://cash4goldanddiamond.com/wp-content/uploads/2026/09/pexels-photo-8844580-300x169.jpeg | https://cash4goldanddiamond.com/wp-content/uploads/2026/09/pexels-photo-35697086-300x200.jpeg | https://cash4goldanddiamond.com/wp-content/uploads/2026/09/pexels-photo-30171478-300x200.jpeg | https://cash4goldanddiamond.com/wp-content/uploads/2026/09/pexels-photo-37991776-300x225.jpeg | https://cash4goldanddiamond.com/wp-content/uploads/2026/09/pexels-photo-37485307-300x200.jpeg | https://cash4goldanddiamond.com/wp-content/uploads/2026/09/pexels-photo-32988651-300x200.jpeg | https://cash4goldanddiamond.com/wp-content/uploads/2026/09/pexels-photo-9145395-300x200.jpeg | https://cash4goldanddiamond.com/wp-content/uploads/2026/09/pexels-photo-12194343-300x263.jpeg | https://cash4goldanddiamond.com/wp-content/uploads/2026/09/pexels-photo-5912127-300x200.jpeg","E-commerce & Retail - Cash 4 Gold and Diamond","private Rank Math value unavailable","unavailable from source","follow, noindex","migration/pre-deployment/live-source/html/d04cf1cee8730dc51b5fc1355186483b3591758f281a9a5abbfafe5c1c2bcf18.html","https://cash4goldanddiamond.com/e-commerce-retail/","page-57e1ac11516df40763858a81","Existing redirect mapping","Owner facts: HOME-DISPLAY-AND-BUSINESS-NOTES.md; full disposition pending","BLOCKED — route present; source/metadata/disposition approval incomplete","wordpress-reconciliation.json; migration-comparison.json; substantive-review.json; verification.json"
"unavailable","pagination","200","https://cash4goldanddiamond.com/e-commerce-retail/page/5/","2026-09-10T16:29:06.817Z","E-commerce & Retail - Page 5 of 10 - Cash 4 Gold and Diamond","migration/pre-deployment/live-source/html/11cf6c0083e92d6b90520dae35b636b8ddc1c57764595bfa520dbff401a95fd5.html","661f81b61867a863e70fc157c32df1410f862340e3af0fa90dfcf8bbe56ae2cf","
		Best 14K White Gold Diamond Rings 2026: Top 5 Ranked
	 | 
		Loose Diamonds Appraised in Los Angeles – Expert Guide
	 | 
		Sell Inherited Jewelry No Obligation: Your Complete Guide
	 | 
		How Much Is My Gold Worth? 2026 Valuation Guide & Top Buyers Ranked
	 | 
		How Much Is My Gold Worth? 2026 Gold Buyer Comparison
	 | 
		Free Diamond Appraisal Same Day Cash: Los Angeles Guide
	 | 
		Best Price for Diamonds in LA: Expert Guide 2026
	 | 
		Trusted Jewelry Buyer Los Angeles Reviews: Top-Rated Local Buyers
	 | 
		Rolex Buyer Los Angeles: Sell for Cash Same-Day
	 | 
		Best Price for Diamonds in LA: Your Complete 2026 Guide
	 | Recent Posts | Recent Comments","Post author:Navid","","","[""E-commerce & Retail"",""E-commerce & Retail"",""E-commerce & Retail"",""E-commerce & Retail"",""E-commerce & Retail"",""E-commerce & Retail"",""E-commerce & Retail"",""E-commerce & Retail"",""E-commerce & Retail"",""E-commerce & Retail""]","[]","https://cash4goldanddiamond.com/wp-content/uploads/2026/08/pexels-photo-35560482-300x257.jpeg","E-commerce & Retail - Page 5 of 10 - Cash 4 Gold and Diamond","private Rank Math value unavailable","unavailable from source","follow, noindex","migration/pre-deployment/live-source/html/11cf6c0083e92d6b90520dae35b636b8ddc1c57764595bfa520dbff401a95fd5.html","https://cash4goldanddiamond.com/e-commerce-retail/page/5/","page-2addf5aecee9d427a71c9f79","Preserve route and compare sections","Owner facts: HOME-DISPLAY-AND-BUSINESS-NOTES.md; full disposition pending","BLOCKED — route present; source/metadata/disposition approval incomplete","wordpress-reconciliation.json; migration-comparison.json; substantive-review.json; verification.json"
"unavailable","pagination","200","https://cash4goldanddiamond.com/author/navid-lalezari/page/5/","2026-09-10T16:29:06.816Z","Navid, Author at Cash 4 Gold and Diamond - Page 5 of 11","migration/pre-deployment/live-source/html/13e0c3af65490610739e9da13dce05917b0ed9b3f314712cc30077f451920bdb.html","37fe6a5fa1f656a9ba1df62bb6ad1b331a6a8d038b3ebb0bbabad459d742b4be","
		GIA Certified Lab-Grown Diamonds 2026: Top Buyers Ranked
	 | 
		Loose Diamonds Appraised in Los Angeles – Expert Guide
	 | 
		Sell Inherited Jewelry No Obligation: Your Complete Guide
	 | 
		How Much Is My Gold Worth? 2026 Valuation Guide & Top Buyers Ranked
	 | 
		How Much Is My Gold Worth? 2026 Gold Buyer Comparison
	 | 
		Free Diamond Appraisal Same Day Cash: Los Angeles Guide
	 | 
		Best Price for Diamonds in LA: Expert Guide 2026
	 | 
		Trusted Jewelry Buyer Los Angeles Reviews: Top-Rated Local Buyers
	 | 
		Rolex Buyer Los Angeles: Sell for Cash Same-Day
	 | 
		Best Price for Diamonds in LA: Your Complete 2026 Guide
	 | Recent Posts | Recent Comments","Post author:Navid","","","[""E-commerce & Retail"",""E-commerce & Retail"",""E-commerce & Retail"",""E-commerce & Retail"",""E-commerce & Retail"",""E-commerce & Retail"",""E-commerce & Retail"",""E-commerce & Retail"",""E-commerce & Retail"",""E-commerce & Retail""]","[]","https://cash4goldanddiamond.com/wp-content/uploads/2026/08/pexels-photo-29245558-300x200.jpeg","Navid, Author at Cash 4 Gold and Diamond - Page 5 of 11","private Rank Math value unavailable","unavailable from source","follow, noindex","migration/pre-deployment/live-source/html/13e0c3af65490610739e9da13dce05917b0ed9b3f314712cc30077f451920bdb.html","https://cash4goldanddiamond.com/author/navid-lalezari/page/5/","page-06556158403c7a08be3771cb","Preserve route and compare sections","Owner facts: HOME-DISPLAY-AND-BUSINESS-NOTES.md; full disposition pending","BLOCKED — route present; source/metadata/disposition approval incomplete","wordpress-reconciliation.json; migration-comparison.json; substantive-review.json; verification.json"
"unavailable","pagination","200","https://cash4goldanddiamond.com/author/navid-lalezari/page/7/","2026-09-10T16:29:08.834Z","Navid, Author at Cash 4 Gold and Diamond - Page 7 of 11","migration/pre-deployment/live-source/html/eb376a14819891f938b8c37a6f23a6ff220e81c172b5ca5f07b437f7f3953a9c.html","5c7d76aefef0e8b40ddc00723f3d873a8a446107e74951239a7812766f81454e","
		Best Gold Rolex Watches 2026: Top Models Ranked & Compared
	 | 
		White Gold vs Yellow Gold: Which Is Better for You?
	 | 
		Best Way to Sell Gold Jewelry in Los Angeles, CA | Expert Guide
	 | 
		10K Diamond Ring: What You Need to Know Before Buying
	 | 
		Best Yellow Gold Rings 2026: Top 5 Ranked & Compared
	 | 
		Best 10K White Gold Rings 2026: Top Options Ranked
	 | 
		Round Brilliant Diamond: Why This Cut Reigns Supreme in 2026
	 | 
		Best Place to Sell Jewelry in Los Angeles 2026: Top 6 Ranked
	 | 
		Best 14K Yellow Gold Rings 2026: Top 5 Ranked
	 | 
		Best 14K Yellow Gold Rings 2026: Top 5 Ranked
	 | Recent Posts | Recent Comments","Post author:Navid","","","[""E-commerce & Retail"",""E-commerce & Retail"",""E-commerce & Retail"",""E-commerce & Retail"",""E-commerce & Retail"",""E-commerce & Retail"",""E-commerce & Retail"",""E-commerce & Retail"",""E-commerce & Retail"",""E-commerce & Retail""]","[]","https://cash4goldanddiamond.com/wp-content/uploads/2026/08/pexels-photo-3809175-1-300x200.jpeg | https://cash4goldanddiamond.com/wp-content/uploads/2026/07/pexels-photo-12194299-300x255.jpeg | https://cash4goldanddiamond.com/wp-content/uploads/2026/07/pexels-photo-29528804-300x219.jpeg | https://cash4goldanddiamond.com/wp-content/uploads/2026/07/pexels-photo-12194367-300x266.jpeg | https://cash4goldanddiamond.com/wp-content/uploads/2026/07/pexels-photo-12803908-300x199.jpeg | https://cash4goldanddiamond.com/wp-content/uploads/2026/07/pexels-photo-38598634-300x200.jpeg | https://cash4goldanddiamond.com/wp-content/uploads/2026/07/pexels-photo-5774953-300x200.jpeg | https://cash4goldanddiamond.com/wp-content/uploads/2026/07/pexels-photo-27917098-300x200.jpeg | https://cash4goldanddiamond.com/wp-content/uploads/2026/07/pexels-photo-5370658-300x200.jpeg | https://cash4goldanddiamond.com/wp-content/uploads/2026/07/pexels-photo-5370658-1-300x200.jpeg","Navid, Author at Cash 4 Gold and Diamond - Page 7 of 11","private Rank Math value unavailable","unavailable from source","follow, noindex","migration/pre-deployment/live-source/html/eb376a14819891f938b8c37a6f23a6ff220e81c172b5ca5f07b437f7f3953a9c.html","https://cash4goldanddiamond.com/author/navid-lalezari/page/7/","page-96bfdc836da4f320d1c6114b","Preserve route and compare sections","Owner facts: HOME-DISPLAY-AND-BUSINESS-NOTES.md; full disposition pending","BLOCKED — route present; source/metadata/disposition approval incomplete","wordpress-reconciliation.json; migration-comparison.json; substantive-review.json; verification.json"
"unavailable","pagination","200","https://cash4goldanddiamond.com/e-commerce-retail/page/6/","2026-09-10T16:29:08.834Z","E-commerce & Retail - Page 6 of 10 - Cash 4 Gold and Diamond","migration/pre-deployment/live-source/html/1f329e6a22d8e4e14200b77008f398fc507bb19937202790dd6494ef939015ec.html","e54fbb5317a19ada622a844511758acc3d80986bc25562be4d636119d9bdecdc","
		Sell Gold Jewelry Downtown Los Angeles: Best Buyers & Prices
	 | 
		Best 10K Gold Men’s Rings 2026: Top 5 Ranked & Compared
	 | 
		Diamond Chart: The Complete 4Cs Guide for Buyers & Sellers
	 | 
		Sell Tiffany Jewelry in Los Angeles: Get Fair Cash Today
	 | 
		Best 18K Gold Rings for Women 2026: Top 5 Ranked
	 | 
		The 4 Cs of Diamonds: Cut, Color, Clarity, Carat Explained
	 | 
		Best 14K Gold Belly Rings 2026: Top 5 Options Ranked
	 | 
		Diamond Carat Weight: Complete Guide & Pricing
	 | 
		White Diamond: What You Need to Know Before Buying
	 | 
		Champagne Diamond Buying Guide: What You Need to Know Before Investing
	 | Recent Posts | Recent Comments","Post author:Navid","","","[""E-commerce & Retail"",""E-commerce & Retail"",""E-commerce & Retail"",""E-commerce & Retail"",""E-commerce & Retail"",""E-commerce & Retail"",""E-commerce & Retail"",""E-commerce & Retail"",""E-commerce & Retail"",""E-commerce & Retail""]","[]","https://cash4goldanddiamond.com/wp-content/uploads/2026/08/pexels-photo-25052866-300x200.jpeg | https://cash4goldanddiamond.com/wp-content/uploads/2026/08/pexels-photo-5561915-300x200.jpeg | https://cash4goldanddiamond.com/wp-content/uploads/2026/08/pexels-photo-10772741-300x200.jpeg | https://cash4goldanddiamond.com/wp-content/uploads/2026/08/pexels-photo-10944900-1-300x200.jpeg | https://cash4goldanddiamond.com/wp-content/uploads/2026/08/pexels-photo-5912127-300x200.jpeg | https://cash4goldanddiamond.com/wp-content/uploads/2026/08/pexels-photo-1456641-300x200.jpeg | https://cash4goldanddiamond.com/wp-content/uploads/2026/08/pexels-photo-5362404-300x169.jpeg | https://cash4goldanddiamond.com/wp-content/uploads/2026/08/pexels-photo-8395024-300x225.jpeg | https://cash4goldanddiamond.com/wp-content/uploads/2026/08/pexels-photo-8153989-300x200.jpeg","E-commerce & Retail - Page 6 of 10 - Cash 4 Gold and Diamond","private Rank Math value unavailable","unavailable from source","follow, noindex","migration/pre-deployment/live-source/html/1f329e6a22d8e4e14200b77008f398fc507bb19937202790dd6494ef939015ec.html","https://cash4goldanddiamond.com/e-commerce-retail/page/6/","page-70ad89e390b9df1039466147","Preserve route and compare sections","Owner facts: HOME-DISPLAY-AND-BUSINESS-NOTES.md; full disposition pending","BLOCKED — route present; source/metadata/disposition approval incomplete","wordpress-reconciliation.json; migration-comparison.json; substantive-review.json; verification.json"
"unavailable","pagination","200","https://cash4goldanddiamond.com/author/navid-lalezari/page/10/","2026-09-10T16:29:08.834Z","Navid, Author at Cash 4 Gold and Diamond - Page 10 of 11","migration/pre-deployment/live-source/html/d93522b47f609c23679c3b02852b78aae9f6a627853261471c43575d3c5cf203.html","94808b87654db383a8427ed57bab2c058ac5e1a4753f3c587f93047d603cfb5d","
		Sell Gold Jewelry in Los Angeles: Fair Prices & Same-Day Cash
	 | 
		Best Gold & Jewelry Buyers Los Angeles 2026: Top 6 Ranked
	 | 
		Where to Sell Your Antique Gold Jewelry for the Best Price: Expert Guide
	 | 
		Local Gold Buyers vs. Online Gold Buyers. Which One Is Best?
	 | 
		Selling Scrap Gold: Your Ultimate Guide to Maximizing Value
	 | 
		How much will a 14k gold necklace worth pay me?
	 | 
		How Much Do Pawn Shops Pay for Gold?
	 | 
		How Much is 10kt Gold Worth?
	 | 
		10K Gold Price Per Gram at a Pawn Shop: Everything You Need to Know
	 | 
		Sell Your Gold for Cash: A Step-by-Step Guide to Selling Gold Online
	 | Recent Posts | Recent Comments","Post author:Navid","","","[""E-commerce & Retail"",""Cash For Gold"",""Cash For Gold"",""Cash For Gold"",""Cash For Gold"",""Cash For Gold"",""Cash For Gold"",""Cash For Gold"",""Cash For Gold"",""Cash For Gold""]","[]","https://cash4goldanddiamond.com/wp-content/uploads/2026/06/pexels-photo-29528804-300x219.jpeg | https://cash4goldanddiamond.com/wp-content/uploads/2025/01/images-9.webp | https://cash4goldanddiamond.com/wp-content/uploads/2025/01/online-vs-gold-buyers.jpeg | https://cash4goldanddiamond.com/wp-content/uploads/2025/01/scrap-gold-2-300x156.webp | https://cash4goldanddiamond.com/wp-content/uploads/2025/01/download-5.webp | https://cash4goldanddiamond.com/wp-content/uploads/2024/12/god-300x168.webp | https://cash4goldanddiamond.com/wp-content/uploads/2024/12/download-9-e1735530723144.webp | https://cash4goldanddiamond.com/wp-content/uploads/2024/12/woman-buying-ring-in-a-jewelry-store-4-1-300x300.webp | https://cash4goldanddiamond.com/wp-content/uploads/2024/12/sell-your-gold.webp","Navid, Author at Cash 4 Gold and Diamond - Page 10 of 11","private Rank Math value unavailable","unavailable from source","follow, noindex","migration/pre-deployment/live-source/html/d93522b47f609c23679c3b02852b78aae9f6a627853261471c43575d3c5cf203.html","https://cash4goldanddiamond.com/author/navid-lalezari/page/10/","page-e71212de34870ce47c2ab435","Preserve route and compare sections","Owner facts: HOME-DISPLAY-AND-BUSINESS-NOTES.md; full disposition pending","BLOCKED — route present; source/metadata/disposition approval incomplete","wordpress-reconciliation.json; migration-comparison.json; substantive-review.json; verification.json"
"unavailable","pagination","200","https://cash4goldanddiamond.com/e-commerce-retail/page/7/","2026-09-10T16:29:11.192Z","E-commerce & Retail - Page 7 of 10 - Cash 4 Gold and Diamond","migration/pre-deployment/live-source/html/26f5a060914cd509cbf546e4bef3286a9f29d743edfa15fa7615576214c167e2.html","4a529eb16da9481714bf24ff5c7aac77b898438b6e46749fd9507645e5acde50","
		Best Gold Rolex Watches 2026: Top Models Ranked & Compared
	 | 
		White Gold vs Yellow Gold: Which Is Better for You?
	 | 
		Best Way to Sell Gold Jewelry in Los Angeles, CA | Expert Guide
	 | 
		10K Diamond Ring: What You Need to Know Before Buying
	 | 
		Best Yellow Gold Rings 2026: Top 5 Ranked & Compared
	 | 
		Best 10K White Gold Rings 2026: Top Options Ranked
	 | 
		Round Brilliant Diamond: Why This Cut Reigns Supreme in 2026
	 | 
		Best Place to Sell Jewelry in Los Angeles 2026: Top 6 Ranked
	 | 
		Best 14K Yellow Gold Rings 2026: Top 5 Ranked
	 | 
		Best 14K Yellow Gold Rings 2026: Top 5 Ranked
	 | Recent Posts | Recent Comments","Post author:Navid","","","[""E-commerce & Retail"",""E-commerce & Retail"",""E-commerce & Retail"",""E-commerce & Retail"",""E-commerce & Retail"",""E-commerce & Retail"",""E-commerce & Retail"",""E-commerce & Retail"",""E-commerce & Retail"",""E-commerce & Retail""]","[]","https://cash4goldanddiamond.com/wp-content/uploads/2026/08/pexels-photo-3809175-1-300x200.jpeg | https://cash4goldanddiamond.com/wp-content/uploads/2026/07/pexels-photo-12194299-300x255.jpeg | https://cash4goldanddiamond.com/wp-content/uploads/2026/07/pexels-photo-29528804-300x219.jpeg | https://cash4goldanddiamond.com/wp-content/uploads/2026/07/pexels-photo-12194367-300x266.jpeg | https://cash4goldanddiamond.com/wp-content/uploads/2026/07/pexels-photo-12803908-300x199.jpeg | https://cash4goldanddiamond.com/wp-content/uploads/2026/07/pexels-photo-38598634-300x200.jpeg | https://cash4goldanddiamond.com/wp-content/uploads/2026/07/pexels-photo-5774953-300x200.jpeg | https://cash4goldanddiamond.com/wp-content/uploads/2026/07/pexels-photo-27917098-300x200.jpeg | https://cash4goldanddiamond.com/wp-content/uploads/2026/07/pexels-photo-5370658-300x200.jpeg | https://cash4goldanddiamond.com/wp-content/uploads/2026/07/pexels-photo-5370658-1-300x200.jpeg","E-commerce & Retail - Page 7 of 10 - Cash 4 Gold and Diamond","private Rank Math value unavailable","unavailable from source","follow, noindex","migration/pre-deployment/live-source/html/26f5a060914cd509cbf546e4bef3286a9f29d743edfa15fa7615576214c167e2.html","https://cash4goldanddiamond.com/e-commerce-retail/page/7/","page-1a9cdc2b58af4f08edf14387","Preserve route and compare sections","Owner facts: HOME-DISPLAY-AND-BUSINESS-NOTES.md; full disposition pending","BLOCKED — route present; source/metadata/disposition approval incomplete","wordpress-reconciliation.json; migration-comparison.json; substantive-review.json; verification.json"
"unavailable","pagination","200","https://cash4goldanddiamond.com/author/navid-lalezari/page/8/","2026-09-10T16:29:11.192Z","Navid, Author at Cash 4 Gold and Diamond - Page 8 of 11","migration/pre-deployment/live-source/html/961e82a83f43ca8edebad982b810d8f39eb9f50932cc1025cde123de5f5aa19d.html","9405096c8b7dfa9b0f4d1ccaf7449c4e0e5e5858d6f59533339ecfd6fa24d569","
		Best 18K Gold Rings 2026: Top 5 Ranked & Compared
	 | 
		Best 18K Gold Rings 2026: Top 5 Ranked & Compared
	 | 
		Best 14K White Gold Engagement Rings 2026: Top 5 Ranked
	 | 
		Best 14K White Gold Engagement Rings 2026: Top 5 Ranked
	 | 
		Best Gold Buyer Downtown Los Angeles | Cash 4 Gold & Diamonds
	 | 
		Best Gold Buyer Downtown Los Angeles | Cash 4 Gold & Diamonds
	 | 
		Best Black Hills Gold Rings 2026: Top Brands Ranked & Compared
	 | 
		Best Black Hills Gold Rings 2026: Top Brands Ranked & Compared
	 | 
		Best 1 Carat Diamond Buyers 2026: Top 5 Ranked
	 | 
		Best 10K Gold Rings 2026: Top 5 Ranked & Compared
	 | Recent Posts | Recent Comments","Post author:Navid","","","[""E-commerce & Retail"",""E-commerce & Retail"",""E-commerce & Retail"",""E-commerce & Retail"",""E-commerce & Retail"",""E-commerce & Retail"",""E-commerce & Retail"",""E-commerce & Retail"",""E-commerce & Retail"",""E-commerce & Retail""]","[]","https://cash4goldanddiamond.com/wp-content/uploads/2026/07/pexels-photo-30206324-1-300x200.jpeg | https://cash4goldanddiamond.com/wp-content/uploads/2026/07/pexels-photo-30206324-2-300x200.jpeg | https://cash4goldanddiamond.com/wp-content/uploads/2026/07/pexels-photo-8875420-300x199.jpeg | https://cash4goldanddiamond.com/wp-content/uploads/2026/07/pexels-photo-8875420-1-300x199.jpeg | https://cash4goldanddiamond.com/wp-content/uploads/2026/07/pexels-photo-35291222-300x200.jpeg | https://cash4goldanddiamond.com/wp-content/uploads/2026/07/pexels-photo-35291222-1-300x200.jpeg | https://cash4goldanddiamond.com/wp-content/uploads/2026/07/pexels-photo-8250149-1-300x200.jpeg | https://cash4goldanddiamond.com/wp-content/uploads/2026/07/pexels-photo-8250149-300x200.jpeg | https://cash4goldanddiamond.com/wp-content/uploads/2026/07/pexels-photo-5362404-300x169.jpeg | https://cash4goldanddiamond.com/wp-content/uploads/2026/07/pexels-photo-21928764-300x200.jpeg","Navid, Author at Cash 4 Gold and Diamond - Page 8 of 11","private Rank Math value unavailable","unavailable from source","follow, noindex","migration/pre-deployment/live-source/html/961e82a83f43ca8edebad982b810d8f39eb9f50932cc1025cde123de5f5aa19d.html","https://cash4goldanddiamond.com/author/navid-lalezari/page/8/","page-be96ed9579fc06bd1f17b025","Preserve route and compare sections","Owner facts: HOME-DISPLAY-AND-BUSINESS-NOTES.md; full disposition pending","BLOCKED — route present; source/metadata/disposition approval incomplete","wordpress-reconciliation.json; migration-comparison.json; substantive-review.json; verification.json"
"unavailable","pagination","200","https://cash4goldanddiamond.com/e-commerce-retail/page/9/","2026-09-10T16:29:11.192Z","E-commerce & Retail - Page 9 of 10 - Cash 4 Gold and Diamond","migration/pre-deployment/live-source/html/84cb94ba6fcc19c7d8420a94260e8f0c8d367c2a5c3a7765466287cdfdce580a.html","454e943a49e6094ddd1394521c79f53d83e74a879ced939e18e02de216de7dac","
		Best Place to Sell Gold in Los Angeles: Get Cash Today
	 | 
		Best Estate Jewelry Buyers Los Angeles 2026: Top 5 Ranked
	 | 
		Sell Cartier Jewelry Los Angeles: Get Fair Cash Today
	 | 
		Best Promise Rings Gold 2026: Top 5 Ranked
	 | 
		Diamond: What It Is, How to Value It & Where to Sell
	 | 
		Best Places to Sell a Rolex Watch in Los Angeles
	 | 
		Best Gold Coin Buyers Los Angeles 2026: Top 6 Ranked
	 | 
		Best Jewelry District Gold Buyer in Los Angeles, CA
	 | 
		Best 14K Gold Diamond Rings 2026: Top 5 Ranked
	 | 
		Diamond Price Guide 2026: What You’re Really Paying For
	 | Recent Posts | Recent Comments","Post author:Navid","","","[""E-commerce & Retail"",""E-commerce & Retail"",""E-commerce & Retail"",""E-commerce & Retail"",""E-commerce & Retail"",""E-commerce & Retail"",""E-commerce & Retail"",""E-commerce & Retail"",""E-commerce & Retail"",""E-commerce & Retail""]","[]","https://cash4goldanddiamond.com/wp-content/uploads/2026/07/pexels-photo-35291216-300x200.jpeg | https://cash4goldanddiamond.com/wp-content/uploads/2026/07/pexels-photo-5357788-300x215.jpeg | https://cash4goldanddiamond.com/wp-content/uploads/2026/07/pexels-photo-12131520-300x200.jpeg | https://cash4goldanddiamond.com/wp-content/uploads/2026/07/pexels-photo-30206324-300x200.jpeg | https://cash4goldanddiamond.com/wp-content/uploads/2026/07/pexels-photo-8395024-300x225.jpeg | https://cash4goldanddiamond.com/wp-content/uploads/2026/07/pexels-photo-3809175-300x200.jpeg | https://cash4goldanddiamond.com/wp-content/uploads/2026/07/pexels-photo-8844580-300x169.jpeg | https://cash4goldanddiamond.com/wp-content/uploads/2026/07/pexels-photo-27855447-300x200.jpeg | https://cash4goldanddiamond.com/wp-content/uploads/2026/06/pexels-photo-35541612-300x241.avif | https://cash4goldanddiamond.com/wp-content/uploads/2026/06/pexels-photo-6214472-300x200.avif","E-commerce & Retail - Page 9 of 10 - Cash 4 Gold and Diamond","private Rank Math value unavailable","unavailable from source","follow, noindex","migration/pre-deployment/live-source/html/84cb94ba6fcc19c7d8420a94260e8f0c8d367c2a5c3a7765466287cdfdce580a.html","https://cash4goldanddiamond.com/e-commerce-retail/page/9/","page-c0c795d4f1a64e14cf094228","Preserve route and compare sections","Owner facts: HOME-DISPLAY-AND-BUSINESS-NOTES.md; full disposition pending","BLOCKED — route present; source/metadata/disposition approval incomplete","wordpress-reconciliation.json; migration-comparison.json; substantive-review.json; verification.json"
"unavailable","pagination","200","https://cash4goldanddiamond.com/e-commerce-retail/page/8/","2026-09-10T16:29:13.549Z","E-commerce & Retail - Page 8 of 10 - Cash 4 Gold and Diamond","migration/pre-deployment/live-source/html/bf146b086c96420dfdf19282d12dcf449e7e9d7fd969b18c0e220df47d68684f.html","70a787f26211081da4495ef4bb714312bad436ad08399542cb59f2623f4cf301","
		Best 18K Gold Rings 2026: Top 5 Ranked & Compared
	 | 
		Best 18K Gold Rings 2026: Top 5 Ranked & Compared
	 | 
		Best 14K White Gold Engagement Rings 2026: Top 5 Ranked
	 | 
		Best 14K White Gold Engagement Rings 2026: Top 5 Ranked
	 | 
		Best Gold Buyer Downtown Los Angeles | Cash 4 Gold & Diamonds
	 | 
		Best Gold Buyer Downtown Los Angeles | Cash 4 Gold & Diamonds
	 | 
		Best Black Hills Gold Rings 2026: Top Brands Ranked & Compared
	 | 
		Best Black Hills Gold Rings 2026: Top Brands Ranked & Compared
	 | 
		Best 1 Carat Diamond Buyers 2026: Top 5 Ranked
	 | 
		Best 10K Gold Rings 2026: Top 5 Ranked & Compared
	 | Recent Posts | Recent Comments","Post author:Navid","","","[""E-commerce & Retail"",""E-commerce & Retail"",""E-commerce & Retail"",""E-commerce & Retail"",""E-commerce & Retail"",""E-commerce & Retail"",""E-commerce & Retail"",""E-commerce & Retail"",""E-commerce & Retail"",""E-commerce & Retail""]","[]","https://cash4goldanddiamond.com/wp-content/uploads/2026/07/pexels-photo-30206324-2-300x200.jpeg | https://cash4goldanddiamond.com/wp-content/uploads/2026/07/pexels-photo-30206324-1-300x200.jpeg | https://cash4goldanddiamond.com/wp-content/uploads/2026/07/pexels-photo-8875420-1-300x199.jpeg | https://cash4goldanddiamond.com/wp-content/uploads/2026/07/pexels-photo-8875420-300x199.jpeg | https://cash4goldanddiamond.com/wp-content/uploads/2026/07/pexels-photo-35291222-1-300x200.jpeg | https://cash4goldanddiamond.com/wp-content/uploads/2026/07/pexels-photo-35291222-300x200.jpeg | https://cash4goldanddiamond.com/wp-content/uploads/2026/07/pexels-photo-8250149-300x200.jpeg | https://cash4goldanddiamond.com/wp-content/uploads/2026/07/pexels-photo-8250149-1-300x200.jpeg | https://cash4goldanddiamond.com/wp-content/uploads/2026/07/pexels-photo-5362404-300x169.jpeg | https://cash4goldanddiamond.com/wp-content/uploads/2026/07/pexels-photo-21928764-300x200.jpeg","E-commerce & Retail - Page 8 of 10 - Cash 4 Gold and Diamond","private Rank Math value unavailable","unavailable from source","follow, noindex","migration/pre-deployment/live-source/html/bf146b086c96420dfdf19282d12dcf449e7e9d7fd969b18c0e220df47d68684f.html","https://cash4goldanddiamond.com/e-commerce-retail/page/8/","page-ad1963a8921c329e3d8c208c","Preserve route and compare sections","Owner facts: HOME-DISPLAY-AND-BUSINESS-NOTES.md; full disposition pending","BLOCKED — route present; source/metadata/disposition approval incomplete","wordpress-reconciliation.json; migration-comparison.json; substantive-review.json; verification.json"
"unavailable","page/archive","200","https://cash4goldanddiamond.com/cash-for-gold/page/1/","2026-09-10T16:29:13.549Z","Cash For Gold - Cash 4 Gold and Diamond","migration/pre-deployment/live-source/html/b73aed323ad95453c2d1bd0a7329def96ba337f0925e079047f515c7c6dac855.html","2ee2c10eda5757cb13a378cbd2de1145e4a83379f5a94d716b198fef9fae3a41","
		How Is Gold Valued? A Los Angeles Seller’s Guide to Gold Purity, Weight & Spot Price
	 | 
		Where to Sell Gold in Los Angeles: How to Get the Best Price for Your Gold
	 | 
		How Much Do Pawn Shops Pay for Gold? What Los Angeles Sellers Should Know
	 | 
		Where to Sell Your Antique Gold Jewelry for the Best Price: Expert Guide
	 | 
		Local Gold Buyers vs. Online Gold Buyers. Which One Is Best?
	 | 
		Selling Scrap Gold: Your Ultimate Guide to Maximizing Value
	 | 
		How much will a 14k gold necklace worth pay me?
	 | 
		How Much Do Pawn Shops Pay for Gold?
	 | 
		How Much is 10kt Gold Worth?
	 | 
		10K Gold Price Per Gram at a Pawn Shop: Everything You Need to Know
	 | Recent Posts | Recent Comments","Post author:Navid","","","[""Cash For Gold"",""Cash For Gold"",""Cash For Gold"",""Cash For Gold"",""Cash For Gold"",""Cash For Gold"",""Cash For Gold"",""Cash For Gold"",""Cash For Gold"",""Cash For Gold""]","[]","https://cash4goldanddiamond.com/wp-content/uploads/2026/08/ChatGPT-Image-Aug-13-2026-01_13_57-PM-300x200.png | https://cash4goldanddiamond.com/wp-content/uploads/2026/08/ChatGPT-Image-Aug-13-2026-12_46_21-PM-300x200.png | https://cash4goldanddiamond.com/wp-content/uploads/2026/08/ChatGPT-Image-Aug-13-2026-11_19_09-AM-300x200.png | https://cash4goldanddiamond.com/wp-content/uploads/2025/01/images-9.webp | https://cash4goldanddiamond.com/wp-content/uploads/2025/01/online-vs-gold-buyers.jpeg | https://cash4goldanddiamond.com/wp-content/uploads/2025/01/scrap-gold-2-300x156.webp | https://cash4goldanddiamond.com/wp-content/uploads/2025/01/download-5.webp | https://cash4goldanddiamond.com/wp-content/uploads/2024/12/god-300x168.webp | https://cash4goldanddiamond.com/wp-content/uploads/2024/12/download-9-e1735530723144.webp | https://cash4goldanddiamond.com/wp-content/uploads/2024/12/woman-buying-ring-in-a-jewelry-store-4-1-300x300.webp","Cash For Gold - Cash 4 Gold and Diamond","private Rank Math value unavailable","unavailable from source","follow, noindex","migration/pre-deployment/live-source/html/b73aed323ad95453c2d1bd0a7329def96ba337f0925e079047f515c7c6dac855.html","https://cash4goldanddiamond.com/cash-for-gold/","page-ff43f58023f0c0455ba1623d","Existing redirect mapping","Owner facts: HOME-DISPLAY-AND-BUSINESS-NOTES.md; full disposition pending","BLOCKED — route present; source/metadata/disposition approval incomplete","wordpress-reconciliation.json; migration-comparison.json; substantive-review.json; verification.json"
"unavailable","pagination","200","https://cash4goldanddiamond.com/author/navid-lalezari/page/9/","2026-09-10T16:29:13.548Z","Navid, Author at Cash 4 Gold and Diamond - Page 9 of 11","migration/pre-deployment/live-source/html/af20fa0c3e93461adb530158e9c16506b53dfa653348c4bf45c812b3cb5876ac.html","9e7d053c5d47db2c81363940db9b3f37f547ed07ac935aec9b4268e769395824","
		Best Place to Sell Gold in Los Angeles: Get Cash Today
	 | 
		Best Estate Jewelry Buyers Los Angeles 2026: Top 5 Ranked
	 | 
		Sell Cartier Jewelry Los Angeles: Get Fair Cash Today
	 | 
		Best Promise Rings Gold 2026: Top 5 Ranked
	 | 
		Diamond: What It Is, How to Value It & Where to Sell
	 | 
		Best Places to Sell a Rolex Watch in Los Angeles
	 | 
		Best Gold Coin Buyers Los Angeles 2026: Top 6 Ranked
	 | 
		Best Jewelry District Gold Buyer in Los Angeles, CA
	 | 
		Best 14K Gold Diamond Rings 2026: Top 5 Ranked
	 | 
		Diamond Price Guide 2026: What You’re Really Paying For
	 | Recent Posts | Recent Comments","Post author:Navid","","","[""E-commerce & Retail"",""E-commerce & Retail"",""E-commerce & Retail"",""E-commerce & Retail"",""E-commerce & Retail"",""E-commerce & Retail"",""E-commerce & Retail"",""E-commerce & Retail"",""E-commerce & Retail"",""E-commerce & Retail""]","[]","https://cash4goldanddiamond.com/wp-content/uploads/2026/07/pexels-photo-35291216-300x200.jpeg | https://cash4goldanddiamond.com/wp-content/uploads/2026/07/pexels-photo-5357788-300x215.jpeg | https://cash4goldanddiamond.com/wp-content/uploads/2026/07/pexels-photo-12131520-300x200.jpeg | https://cash4goldanddiamond.com/wp-content/uploads/2026/07/pexels-photo-30206324-300x200.jpeg | https://cash4goldanddiamond.com/wp-content/uploads/2026/07/pexels-photo-8395024-300x225.jpeg | https://cash4goldanddiamond.com/wp-content/uploads/2026/07/pexels-photo-3809175-300x200.jpeg | https://cash4goldanddiamond.com/wp-content/uploads/2026/07/pexels-photo-8844580-300x169.jpeg | https://cash4goldanddiamond.com/wp-content/uploads/2026/07/pexels-photo-27855447-300x200.jpeg | https://cash4goldanddiamond.com/wp-content/uploads/2026/06/pexels-photo-35541612-300x241.avif | https://cash4goldanddiamond.com/wp-content/uploads/2026/06/pexels-photo-6214472-300x200.avif","Navid, Author at Cash 4 Gold and Diamond - Page 9 of 11","private Rank Math value unavailable","unavailable from source","follow, noindex","migration/pre-deployment/live-source/html/af20fa0c3e93461adb530158e9c16506b53dfa653348c4bf45c812b3cb5876ac.html","https://cash4goldanddiamond.com/author/navid-lalezari/page/9/","page-94380af9b73c629521bfc29e","Preserve route and compare sections","Owner facts: HOME-DISPLAY-AND-BUSINESS-NOTES.md; full disposition pending","BLOCKED — route present; source/metadata/disposition approval incomplete","wordpress-reconciliation.json; migration-comparison.json; substantive-review.json; verification.json"
"unavailable","page/archive","fetch failed","https://cash4goldanddiamond.com/best-gold-buyers-los-angeles/","2026-09-10T16:29:15.025Z","","migration/source-evidence/crawl.json","unavailable","","unavailable","","","[]","[]","","private Rank Math value unavailable","private Rank Math value unavailable","unavailable from source","unavailable from source","Unavailable in public REST fields","UNRESOLVED source error/redirect or export needed","","Investigate; no removal approved","Owner facts: HOME-DISPLAY-AND-BUSINESS-NOTES.md; full disposition pending","BLOCKED — no approved disposition","wordpress-reconciliation.json; migration-comparison.json; substantive-review.json; verification.json"
