"path","title","role","primaryIntent","relatedQueries","primaryService","relatedPages","canonical","indexability","performanceEvidence","approval"
"/best-gemstone-ring-buyers-los-angeles/","Sell a Large, High-Quality Gemstone Ring in Los Angeles","Supporting article","sell large gemstone ring Los Angeles","high quality gemstone buyer Los Angeles | sell gemstone without certificate | Colombian emerald Burmese ruby Ceylon sapphire","/sell-gemstones-for-cash-in-los-angeles/","/best-sapphire-diamond-jewelry-buyers-los-angeles/ | /best-emerald-ring-gold-2026/","https://cash4goldanddiamond.com/best-gemstone-ring-buyers-los-angeles/","follow, index, max-snippet:-1, max-video-preview:-1, max-image-preview:large","Current query/landing-page export unavailable; intent map is a proposal","Owner review pending"
"/","Downtown LA Gold, Diamond & Rolex Buyer | Cash 4 Gold & Diamonds","Supporting page/archive","Gold Buyer Los Angeles | Cash 4 Gold & Diamonds","","","","https://cash4goldanddiamond.com/","follow, index, max-snippet:-1, max-video-preview:-1, max-image-preview:large","Current query/landing-page export unavailable; intent map is a proposal","Owner review pending"
"/sell-luxury-watch-same-day-cash-los-angeles/","Selling a Luxury Watch in Los Angeles: Timing & Payment","Supporting article","sell luxury watch Los Angeles payment","watch evaluation timing | Rolex box and papers | luxury watch payment options","/sell-luxury-watches-in-los-angeles/","/best-vintage-rolex-buyer-downtown-los-angeles-2026/ | /best-gold-rolex-buyers-2026/ | /how-to-sell-a-rolex-watch-in-los-angeles/","https://cash4goldanddiamond.com/sell-luxury-watch-same-day-cash-los-angeles/","follow, index, max-snippet:-1, max-video-preview:-1, max-image-preview:large","Current query/landing-page export unavailable; intent map is a proposal","Owner review pending"
"/gold-coins-buyer-near-me-downtown/","Gold Coin Buyers in Downtown LA: Preparing Your Collection","Supporting article","gold coin collection evaluation Downtown LA","sell silver coins in quantity | gold coin documentation | coin collection preparation","/sell-your-golds/","/best-gold-coin-buyers-los-angeles-2026/ | /sell-gold-in-los-angeles/ | /gold-valuation-how-gold-is-valued/","https://cash4goldanddiamond.com/gold-coins-buyer-near-me-downtown/","follow, index, max-snippet:-1, max-video-preview:-1, max-image-preview:large","Current query/landing-page export unavailable; intent map is a proposal","Owner review pending"
"/large-diamond-buyer-los-angeles/","Large Diamond Buyer in Downtown Los Angeles","Supporting article","large diamond buyer Downtown Los Angeles","sell large natural diamonds Los Angeles | natural diamond buyer any size any shape | sell loose diamonds Downtown LA | sell natural diamond eternity band","/sell-your-diamonds-in-los-angeles/","/best-price-for-diamonds-in-la/ | /loose-diamond-appraisal-downtown-los-angeles/ | /sell-diamond-necklace-for-cash-los-angeles/","https://cash4goldanddiamond.com/large-diamond-buyer-los-angeles/","follow, index, max-snippet:-1, max-video-preview:-1, max-image-preview:large","Current query/landing-page export unavailable; intent map is a proposal","Owner review pending"
"/gold-buyer-downtown-los-angeles/","Choosing a Gold Buyer in Downtown Los Angeles","Supporting article","choosing a gold buyer in Downtown Los Angeles","compare gold buying offers | Downtown LA Jewelry District | large gold collections","/sell-your-golds/","/gold-valuation-how-gold-is-valued/ | /best-gold-bracelet-buyers-los-angeles-2026/ | /gold-coins-buyer-near-me-downtown/","https://cash4goldanddiamond.com/gold-buyer-downtown-los-angeles/","follow, index, max-snippet:-1, max-video-preview:-1, max-image-preview:large","Current query/landing-page export unavailable; intent map is a proposal","Owner review pending"
"/sell-gold-coins-best-price-los-angeles/","Selling Gold Coins in Los Angeles: Compare Purchase Offers","Supporting article","compare gold coin offers Los Angeles","gold coin fine-gold content | bullion versus collectible value | gold coin purchase offers","/sell-your-golds/","/selling-scrap-gold-your-ultimate-guide-to-maximizing-value/ | /sell-your-gold-for-cash-a-step-by-step-guide-to-selling-gold-online/ | /gold-valuation-how-gold-is-valued/","https://cash4goldanddiamond.com/sell-gold-coins-best-price-los-angeles/","follow, index, max-snippet:-1, max-video-preview:-1, max-image-preview:large","Current query/landing-page export unavailable; intent map is a proposal","Owner review pending"
"/where-to-sell-fine-jewelry-downtown-los-angeles/","Sell Fine Jewelry in Downtown Los Angeles: What to Bring","Supporting article","sell fine jewelry Downtown Los Angeles","fine jewelry evaluation preparation | designer and diamond jewelry buyer | complete jewelry purchase offer","/sell-estate-jewelry-los-angeles/","/best-estate-jewelry-buyers-los-angeles-2026/ | /what-makes-a-jewelry-buyer-trustworthy-los-angeles/ | /how-to-value-estate-jewelry-pieces/","https://cash4goldanddiamond.com/where-to-sell-fine-jewelry-downtown-los-angeles/","follow, index, max-snippet:-1, max-video-preview:-1, max-image-preview:large","Current query/landing-page export unavailable; intent map is a proposal","Owner review pending"
"/best-price-for-diamonds-in-la/","Comparing Diamond Purchase Offers in Los Angeles","Supporting article","compare diamond purchase offers Los Angeles","diamond offer comparison checklist | diamond report versus purchase price | selling diamond jewelry Los Angeles","/sell-your-diamonds-in-los-angeles/","/gia-certified-diamonds-comparison-2026/ | /best-1-carat-diamond-buyers-2026/ | /4-cs-of-diamonds/","https://cash4goldanddiamond.com/best-price-for-diamonds-in-la/","follow, index, max-snippet:-1, max-video-preview:-1, max-image-preview:large","Current query/landing-page export unavailable; intent map is a proposal","Owner review pending"
"/best-certified-diamond-appraisers-los-angeles/","Choosing a Diamond Appraiser in Los Angeles: Purpose & Reports","Supporting article","choosing a diamond appraiser Los Angeles","diamond appraisal purpose and scope | jewelry appraiser qualifications | appraisal versus diamond buying offer","/sell-your-diamonds-in-los-angeles/","/free-diamond-appraisal-same-day-cash/ | /gia-certified-diamonds-comparison-2026/ | /large-diamond-buyer-los-angeles/","https://cash4goldanddiamond.com/best-certified-diamond-appraisers-los-angeles/","follow, index, max-snippet:-1, max-video-preview:-1, max-image-preview:large","Current query/landing-page export unavailable; intent map is a proposal","Owner review pending"
"/best-gold-bracelet-buyers-los-angeles-2026/","Selling Gold Bracelets in Los Angeles: Cuban Links & Scrap","Supporting article","selling gold bracelets in Los Angeles","sell Cuban bracelet Los Angeles | diamond-set gold bracelets | broken gold bracelets | heavy gold jewelry","/sell-your-golds/","/best-14k-gold-chain-2026-top-5-ranked/ | /selling-scrap-gold-your-ultimate-guide-to-maximizing-value/ | /gold-valuation-how-gold-is-valued/","https://cash4goldanddiamond.com/best-gold-bracelet-buyers-los-angeles-2026/","follow, index, max-snippet:-1, max-video-preview:-1, max-image-preview:large","Current query/landing-page export unavailable; intent map is a proposal","Owner review pending"
"/best-vintage-rolex-buyer-downtown-los-angeles-2026/","Vintage Rolex Buyer in Downtown LA: Originality & Records","Supporting article","vintage Rolex buyer Downtown Los Angeles","sell vintage Rolex | Rolex service parts and originality | inherited Rolex evaluation","/sell-luxury-watches-in-los-angeles/","/how-to-sell-a-rolex-watch-in-los-angeles/ | /how-to-spot-a-fake-rolex/ | /sell-estate-jewelry-los-angeles/","https://cash4goldanddiamond.com/best-vintage-rolex-buyer-downtown-los-angeles-2026/","follow, index, max-snippet:-1, max-video-preview:-1, max-image-preview:large","Current query/landing-page export unavailable; intent map is a proposal","Owner review pending"
"/best-diamond-buyers-los-angeles-2026/","Choosing a Diamond Buyer in Los Angeles: A Seller’s Checklist","Supporting article","choosing a diamond buyer Los Angeles","compare diamond buyers | diamond selling checklist | natural diamond buyer downtown Los Angeles","/sell-your-diamonds-in-los-angeles/","/best-price-diamonds-la/ | /loose-diamonds-appraised-los-angeles/ | /4-cs-of-diamonds/","https://cash4goldanddiamond.com/best-diamond-buyers-los-angeles-2026/","follow, index, max-snippet:-1, max-video-preview:-1, max-image-preview:large","Current query/landing-page export unavailable; intent map is a proposal","Owner review pending"
"/best-estate-jewelry-buyers-los-angeles-2026/","Estate Jewelry Buyers in Los Angeles: How to Compare Offers","Supporting article","compare estate jewelry buyers Los Angeles","estate jewelry collection buyer | estate jewelry purchase offer | selling mixed jewelry collections","/sell-estate-jewelry-los-angeles/","/how-to-value-estate-jewelry-pieces/ | /sell-inherited-jewelry-no-obligation/ | /best-place-to-sell-jewelry-los-angeles/","https://cash4goldanddiamond.com/best-estate-jewelry-buyers-los-angeles-2026/","follow, index, max-snippet:-1, max-video-preview:-1, max-image-preview:large","Current query/landing-page export unavailable; intent map is a proposal","Owner review pending"
"/best-gold-coin-buyers-los-angeles-2026/","Choosing a Gold Coin Buyer in Los Angeles: Questions to Ask","Supporting article","choose gold coin buyer Los Angeles","bullion coin evaluation | collectible coin buyer questions | mixed coin collection","/sell-your-golds/","/gold-coins-buyer-near-me-downtown/ | /gold-buyer-downtown-los-angeles/ | /gold-valuation-how-gold-is-valued/","https://cash4goldanddiamond.com/best-gold-coin-buyers-los-angeles-2026/","follow, index, max-snippet:-1, max-video-preview:-1, max-image-preview:large","Current query/landing-page export unavailable; intent map is a proposal","Owner review pending"
"/gia-certified-lab-grown-diamonds-buyers-ranked-2026/","Lab-Grown Diamond Reports: Identification & Our Buying Policy","Supporting article","lab-grown diamond reports and buying policy","natural versus lab-grown diamond identification | GIA laboratory-grown quality assessment | natural diamond buyer Downtown LA","/sell-your-diamonds-in-los-angeles/","/large-diamond-buyer-los-angeles/ | /gia-certified-diamonds-comparison-2026/ | /best-price-for-diamonds-in-la/","https://cash4goldanddiamond.com/gia-certified-lab-grown-diamonds-buyers-ranked-2026/","follow, index, max-snippet:-1, max-video-preview:-1, max-image-preview:large","Current query/landing-page export unavailable; intent map is a proposal","Owner review pending"
"/what-makes-a-jewelry-buyer-trustworthy-los-angeles/","What Makes a Jewelry Buyer Trustworthy? Questions to Ask in LA","Supporting article","trustworthy jewelry buyer Los Angeles","jewelry buyer questions | jewelry evaluation transparency | written jewelry purchase offer","/sell-estate-jewelry-los-angeles/","/trusted-jewelry-buyer-los-angeles-reviews/ | /best-place-to-sell-jewelry-los-angeles/ | /best-estate-jewelry-buyers-los-angeles-2026/","https://cash4goldanddiamond.com/what-makes-a-jewelry-buyer-trustworthy-los-angeles/","follow, index, max-snippet:-1, max-video-preview:-1, max-image-preview:large","Current query/landing-page export unavailable; intent map is a proposal","Owner review pending"
"/gia-certified-diamonds-comparison-2026/","GIA Diamond Reports: What to Check Before Selling","Supporting article","GIA diamond report before selling","match diamond report to stone | GIA Report Check selling diamond | natural diamond grading report","/sell-your-diamonds-in-los-angeles/","/diamond-chart-4cs-guide/ | /best-price-for-diamonds-in-la/ | /large-diamond-buyer-los-angeles/","https://cash4goldanddiamond.com/gia-certified-diamonds-comparison-2026/","follow, index, max-snippet:-1, max-video-preview:-1, max-image-preview:large","Current query/landing-page export unavailable; intent map is a proposal","Owner review pending"
"/sell-gold-jewelry-downtown-los-angeles/","Sell Gold Jewelry in Downtown Los Angeles: What to Bring","Supporting article","sell gold jewelry in Downtown Los Angeles","gold purity | gold jewelry value | selling gold in Los Angeles","/sell-your-golds/","/jewelry-district-gold-buyer-los-angeles/ | /best-22k-gold-jewelry-2026-top-5-buyers-sellers-ranked/ | /gold-valuation-how-gold-is-valued/","https://cash4goldanddiamond.com/sell-gold-jewelry-downtown-los-angeles/","follow, index, max-snippet:-1, max-video-preview:-1, max-image-preview:large","Current query/landing-page export unavailable; intent map is a proposal","Owner review pending"
"/jewelry-district-gold-buyer-los-angeles/","Selling Gold in the LA Jewelry District: Plan Your Visit","Supporting article","sell gold Los Angeles Jewelry District","Hill Street gold buyer | Jewelry District gold evaluation | large gold collection appointment","/sell-your-golds/","/best-22k-gold-jewelry-2026-top-5-buyers-sellers-ranked/ | /selling-gold-jewelry-los-angeles/ | /gold-valuation-how-gold-is-valued/","https://cash4goldanddiamond.com/jewelry-district-gold-buyer-los-angeles/","follow, index, max-snippet:-1, max-video-preview:-1, max-image-preview:large","Current query/landing-page export unavailable; intent map is a proposal","Owner review pending"
"/sell-diamond-necklace-for-cash-los-angeles/","Sell a Diamond Necklace in Los Angeles: Pendants & Collections","Supporting article","sell diamond necklace Los Angeles","natural diamond pendant buyer | sell diamond tennis necklace | diamond necklace total carat weight","/sell-your-diamonds-in-los-angeles/","/large-diamond-buyer-los-angeles/ | /where-to-sell-fine-jewelry-downtown-los-angeles/ | /best-price-for-diamonds-in-la/","https://cash4goldanddiamond.com/sell-diamond-necklace-for-cash-los-angeles/","follow, index, max-snippet:-1, max-video-preview:-1, max-image-preview:large","Current query/landing-page export unavailable; intent map is a proposal","Owner review pending"
"/free-diamond-appraisal-same-day-cash/","Diamond Purchase Evaluation vs Insurance Appraisal: What to Ask","Supporting article","diamond purchase evaluation versus insurance appraisal","diamond offer versus appraisal | diamond evaluation timing | natural diamond payment options Los Angeles","/sell-your-diamonds-in-los-angeles/","/best-certified-diamond-appraisers-los-angeles/ | /loose-diamond-appraisal-downtown-los-angeles/ | /best-price-for-diamonds-in-la/","https://cash4goldanddiamond.com/free-diamond-appraisal-same-day-cash/","follow, index, max-snippet:-1, max-video-preview:-1, max-image-preview:large","Current query/landing-page export unavailable; intent map is a proposal","Owner review pending"
"/diamond-price-guide-2026/","Natural Diamond Price Guide: Understanding a Purchase Offer","Supporting article","natural diamond price guide","diamond purchase offer explained | natural diamond resale factors | diamond report versus price","/sell-your-diamonds-in-los-angeles/","/best-price-for-diamonds-in-la/ | /large-diamond-buyer-los-angeles/ | /diamond-carat-weight-guide/","https://cash4goldanddiamond.com/diamond-price-guide-2026/","follow, index, max-snippet:-1, max-video-preview:-1, max-image-preview:large","Current query/landing-page export unavailable; intent map is a proposal","Owner review pending"
"/loose-diamond-appraisal-downtown-los-angeles/","Loose Diamond Evaluation in Downtown LA: What to Prepare","Supporting article","loose diamond evaluation Downtown Los Angeles","prepare loose natural diamond for sale | loose diamond report checklist | large loose diamond buyer Downtown LA","/sell-your-diamonds-in-los-angeles/","/large-diamond-buyer-los-angeles/ | /gia-certified-diamonds-comparison-2026/ | /best-price-for-diamonds-in-la/","https://cash4goldanddiamond.com/loose-diamond-appraisal-downtown-los-angeles/","follow, index, max-snippet:-1, max-video-preview:-1, max-image-preview:large","Current query/landing-page export unavailable; intent map is a proposal","Owner review pending"
"/best-sapphire-diamond-jewelry-buyers-los-angeles/","Sell Large, High-Quality Sapphire & Diamond Jewelry in Los Angeles","Supporting article","sell large high quality sapphire Los Angeles","Ceylon blue sapphire buyer Los Angeles | sapphire diamond jewelry evaluation | sell sapphire without certificate","/sell-gemstones-for-cash-in-los-angeles/","/best-emerald-ring-gold-2026/ | /best-gemstone-ring-buyers-los-angeles/ | /how-to-value-estate-jewelry-pieces/","https://cash4goldanddiamond.com/best-sapphire-diamond-jewelry-buyers-los-angeles/","follow, index, max-snippet:-1, max-video-preview:-1, max-image-preview:large","Current query/landing-page export unavailable; intent map is a proposal","Owner review pending"
"/best-14k-solid-gold-rings-2026-top-buyers-sellers-ranked/","14K Solid Gold Rings: Markings, Construction & Resale","Supporting article","14K solid gold ring construction","14K versus gold plated | solid and hollow gold rings | 585 ring marking","/sell-your-golds/","/best-10k-gold-mens-rings-2026-ranked/ | /best-yellow-gold-rings-2026/ | /gold-valuation-how-gold-is-valued/","https://cash4goldanddiamond.com/best-14k-solid-gold-rings-2026-top-buyers-sellers-ranked/","follow, index, max-snippet:-1, max-video-preview:-1, max-image-preview:large","Current query/landing-page export unavailable; intent map is a proposal","Owner review pending"
"/best-22k-gold-jewelry-2026-top-5-buyers-sellers-ranked/","22K Gold Jewelry: Purity, Weight & Selling in Los Angeles","Supporting article","22K gold jewelry evaluation","916 gold markings | sell 22 karat jewelry | 22K gold net weight","/sell-your-golds/","/selling-scrap-gold-your-ultimate-guide-to-maximizing-value/ | /jewelry-district-gold-buyer-los-angeles/ | /gold-valuation-how-gold-is-valued/","https://cash4goldanddiamond.com/best-22k-gold-jewelry-2026-top-5-buyers-sellers-ranked/","follow, index, max-snippet:-1, max-video-preview:-1, max-image-preview:large","Current query/landing-page export unavailable; intent map is a proposal","Owner review pending"
"/how-much-is-my-gold-worth-valuation-guide-2026/","How Much Is My Gold Worth? Build a Valuation Checklist","Supporting article","gold valuation checklist","estimate gold jewelry value | net gold weight | gold offer comparison worksheet","/sell-your-golds/","/how-much-will-a-14k-gold-necklace-worth-pay-me/ | /how-much-is-10kt-gold-worth/ | /gold-valuation-how-gold-is-valued/","https://cash4goldanddiamond.com/how-much-is-my-gold-worth-valuation-guide-2026/","follow, index, max-snippet:-1, max-video-preview:-1, max-image-preview:large","Current query/landing-page export unavailable; intent map is a proposal","Owner review pending"
"/best-gold-rolex-buyers-2026/","Selling a Gold Rolex in Los Angeles: Choosing a Buyer","Supporting article","gold Rolex buyer Los Angeles","sell gold Rolex | gold watch evaluation | Rolex purchase offer comparison","/sell-luxury-watches-in-los-angeles/","/best-gold-rolex-watches-2026-ranked/ | /rolex-buyer-los-angeles-cash/ | /gold-valuation-how-gold-is-valued/","https://cash4goldanddiamond.com/best-gold-rolex-buyers-2026/","follow, index, max-snippet:-1, max-video-preview:-1, max-image-preview:large","Current query/landing-page export unavailable; intent map is a proposal","Owner review pending"
"/best-14k-gold-rings-2026/","14K Gold Rings: Compare Design, Materials & Resale","Supporting article","compare 14K gold ring designs","14K ring purchase checklist | 14K ring color and alloy | gold ring retail versus resale","/sell-your-golds/","/best-18k-gold-rings-for-women-2026/ | /best-18k-gold-rings-2026-ranked/ | /gold-valuation-how-gold-is-valued/","https://cash4goldanddiamond.com/best-14k-gold-rings-2026/","follow, index, max-snippet:-1, max-video-preview:-1, max-image-preview:large","Current query/landing-page export unavailable; intent map is a proposal","Owner review pending"
"/diamond-chart-4cs-guide/","Diamond Grading Chart: Read Color, Clarity, Cut & Carat","Supporting article","diamond grading chart","diamond color and clarity chart | diamond report comparison | grading chart versus diamond price","/sell-your-diamonds-in-los-angeles/","/4-cs-of-diamonds/ | /diamond-carat-weight-guide/ | /round-brilliant-diamond-comparison-guide/","https://cash4goldanddiamond.com/diamond-chart-4cs-guide/","follow, index, max-snippet:-1, max-video-preview:-1, max-image-preview:large","Current query/landing-page export unavailable; intent map is a proposal","Owner review pending"
"/how-to-value-estate-jewelry-pieces/","How to Value Estate Jewelry: Inventory, Materials & Records","Supporting article","how to value estate jewelry","estate jewelry inventory | estate jewelry materials and condition | estate jewelry evaluation records","/sell-estate-jewelry-los-angeles/","/best-estate-jewelry-buyers-los-angeles-2026/ | /best-inherited-jewelry-valuation-los-angeles-2026/ | /where-to-sell-your-antique-gold-jewelry-for-the-best-price-expert-guide/","https://cash4goldanddiamond.com/how-to-value-estate-jewelry-pieces/","follow, index, max-snippet:-1, max-video-preview:-1, max-image-preview:large","Current query/landing-page export unavailable; intent map is a proposal","Owner review pending"
"/trusted-jewelry-buyer-los-angeles-reviews/","Jewelry Buyer Reviews in Los Angeles: How to Read Them","Supporting article","jewelry buyer reviews Los Angeles","read jewelry buyer reviews | compare local jewelry buyer feedback | jewelry selling review checklist","/sell-estate-jewelry-los-angeles/","/what-makes-a-jewelry-buyer-trustworthy-los-angeles/ | /best-place-to-sell-jewelry-los-angeles/ | /best-estate-jewelry-buyers-los-angeles-2026/","https://cash4goldanddiamond.com/trusted-jewelry-buyer-los-angeles-reviews/","follow, index, max-snippet:-1, max-video-preview:-1, max-image-preview:large","Current query/landing-page export unavailable; intent map is a proposal","Owner review pending"
"/best-24k-gold-chains-2026/","24K Gold Chains: Fineness, Construction & Selling Guide","Supporting article","24K gold chain fineness and value","999 gold chain | high purity gold necklace | 24K chain construction","/sell-your-golds/","/best-22k-gold-jewelry-2026-top-5-buyers-sellers-ranked/ | /best-10k-white-gold-rings-2026/ | /gold-valuation-how-gold-is-valued/","https://cash4goldanddiamond.com/best-24k-gold-chains-2026/","follow, index, max-snippet:-1, max-video-preview:-1, max-image-preview:large","Current query/landing-page export unavailable; intent map is a proposal","Owner review pending"
"/best-14k-white-gold-rings-2026-top-5-ranked/","14K White Gold Rings: Alloy, Rhodium Finish & Resale","Supporting article","14K white gold ring alloy and finish","rhodium plated white gold ring | 14K white gold resale | white gold ring repairs","/sell-your-golds/","/white-gold-guide/ | /best-10k-white-gold-rings-2026/ | /gold-valuation-how-gold-is-valued/","https://cash4goldanddiamond.com/best-14k-white-gold-rings-2026-top-5-ranked/","follow, index, max-snippet:-1, max-video-preview:-1, max-image-preview:large","Current query/landing-page export unavailable; intent map is a proposal","Owner review pending"
"/best-emerald-ring-gold-2026/","Sell a Large, High-Quality Emerald Ring in Gold in Los Angeles","Supporting article","sell large emerald ring Los Angeles","Colombian green emerald buyer | emerald ring gold evaluation | sell emerald without certificate","/sell-gemstones-for-cash-in-los-angeles/","/best-sapphire-diamond-jewelry-buyers-los-angeles/ | /best-gemstone-ring-buyers-los-angeles/ | /how-to-value-estate-jewelry-pieces/","https://cash4goldanddiamond.com/best-emerald-ring-gold-2026/","follow, index, max-snippet:-1, max-video-preview:-1, max-image-preview:large","Current query/landing-page export unavailable; intent map is a proposal","Owner review pending"
"/best-14k-gold-chain-2026-top-5-ranked/","14K Gold Chains: Cuban Links, Construction & Resale","Supporting article","14K gold chains","gold purity | gold jewelry value | selling gold in Los Angeles","/sell-your-golds/","/best-gold-bracelet-buyers-los-angeles-2026/ | /best-14k-solid-gold-rings-2026-top-buyers-sellers-ranked/ | /gold-valuation-how-gold-is-valued/","https://cash4goldanddiamond.com/best-14k-gold-chain-2026-top-5-ranked/","follow, index, max-snippet:-1, max-video-preview:-1, max-image-preview:large","Current query/landing-page export unavailable; intent map is a proposal","Owner review pending"
"/best-gold-watches-2026-top-5-ranked/","Gold Watches: Materials, Movements & Selling Considerations","Supporting article","gold watch materials and value","solid gold versus gold plated watch | gold watch movement condition | selling gold watches","/sell-luxury-watches-in-los-angeles/","/best-gold-rolex-watches-2026-ranked/ | /best-gold-watches-for-women-2026/ | /sell-luxury-watches-in-los-angeles/","https://cash4goldanddiamond.com/best-gold-watches-2026-top-5-ranked/","follow, index, max-snippet:-1, max-video-preview:-1, max-image-preview:large","Current query/landing-page export unavailable; intent map is a proposal","Owner review pending"
"/best-10k-gold-mens-rings-2026-ranked/","10K Gold Men’s Rings: Weight, Construction & Value","Supporting article","10K men’s gold ring evaluation","10K signet ring value | hollow gold ring construction | sell 10K mens ring","/sell-your-golds/","/best-14k-solid-gold-rings-2026-top-buyers-sellers-ranked/ | /best-14k-gold-rings-2026/ | /gold-valuation-how-gold-is-valued/","https://cash4goldanddiamond.com/best-10k-gold-mens-rings-2026-ranked/","follow, index, max-snippet:-1, max-video-preview:-1, max-image-preview:large","Current query/landing-page export unavailable; intent map is a proposal","Owner review pending"
"/best-14k-gold-belly-rings-2026/","14K Gold Belly Rings: Material, Fit & Gold-Value Questions","Supporting article","14K gold belly ring materials","gold body jewelry components | belly ring gauge versus length | 14K body jewelry resale","/sell-your-golds/","/best-black-hills-gold-rings-2026/ | /best-14k-solid-gold-rings-2026-top-buyers-sellers-ranked/ | /gold-valuation-how-gold-is-valued/","https://cash4goldanddiamond.com/best-14k-gold-belly-rings-2026/","follow, index, max-snippet:-1, max-video-preview:-1, max-image-preview:large","Current query/landing-page export unavailable; intent map is a proposal","Owner review pending"
"/best-18k-gold-rings-for-women-2026/","18K Gold Rings for Women: Design & Pre-Owned Checks","Supporting article","18K gold rings for women design","pre owned 18K ring condition | 18K ring fit | 18K gold ring documents","/sell-your-golds/","/best-14k-gold-rings-2026/ | /best-black-hills-gold-rings-2026/ | /gold-valuation-how-gold-is-valued/","https://cash4goldanddiamond.com/best-18k-gold-rings-for-women-2026/","follow, index, max-snippet:-1, max-video-preview:-1, max-image-preview:large","Current query/landing-page export unavailable; intent map is a proposal","Owner review pending"
"/best-14k-yellow-gold-rings-2026/","14K Yellow Gold Rings: A Practical Buying Checklist","Supporting article","14K yellow gold ring buying checklist","14K yellow gold alloy | yellow gold ring return terms | 14K ring construction","/sell-your-golds/","/best-yellow-gold-rings-2026/ | /sell-gold-jewelry-downtown-los-angeles/ | /gold-valuation-how-gold-is-valued/","https://cash4goldanddiamond.com/best-14k-yellow-gold-rings-2026/","follow, index, max-snippet:-1, max-video-preview:-1, max-image-preview:large","Current query/landing-page export unavailable; intent map is a proposal","Owner review pending"
"/best-gold-rolex-watches-2026-ranked/","Gold Rolex Watches: Compare References, Materials & Condition","Supporting article","gold Rolex watch comparison","Rolex reference and configuration | gold Rolex condition | Day-Date bracelet and records","/sell-luxury-watches-in-los-angeles/","/best-gold-rolex-buyers-2026/ | /rolex-day-date-gold-market-analysis-2026-pricing-demand-trends/ | /how-to-sell-a-rolex-watch-in-los-angeles/","https://cash4goldanddiamond.com/best-gold-rolex-watches-2026-ranked/","follow, index, max-snippet:-1, max-video-preview:-1, max-image-preview:large","Current query/landing-page export unavailable; intent map is a proposal","Owner review pending"
"/best-yellow-gold-rings-2026/","Yellow Gold Rings: Condition, Karat & Resale Evaluation","Supporting article","yellow gold ring resale evaluation","yellow gold ring condition | resized gold ring value | vintage yellow gold ring","/sell-your-golds/","/best-14k-solid-gold-rings-2026-top-buyers-sellers-ranked/ | /best-10k-gold-mens-rings-2026-ranked/ | /gold-valuation-how-gold-is-valued/","https://cash4goldanddiamond.com/best-yellow-gold-rings-2026/","follow, index, max-snippet:-1, max-video-preview:-1, max-image-preview:large","Current query/landing-page export unavailable; intent map is a proposal","Owner review pending"
"/best-10k-gold-rings-for-women-2026/","10K Gold Rings for Women: Bands, Stacks & Stone Settings","Supporting article","10K gold rings for women styles","10K gold stackable rings | 10K solitaire ring materials | thin gold ring construction","/sell-your-golds/","/best-14k-gold-rings-2026/ | /best-14k-white-gold-rings-2026-top-5-ranked/ | /gold-valuation-how-gold-is-valued/","https://cash4goldanddiamond.com/best-10k-gold-rings-for-women-2026/","follow, index, max-snippet:-1, max-video-preview:-1, max-image-preview:large","Current query/landing-page export unavailable; intent map is a proposal","Owner review pending"
"/best-black-hills-gold-rings-2026/","Black Hills Gold Rings: Mixed Karats, Leaves & Resale","Supporting article","Black Hills Gold ring materials","Black Hills Gold mixed karats | green and rose gold leaves | Black Hills Gold resale","/sell-your-golds/","/best-18k-gold-rings-for-women-2026/ | /best-promise-rings-gold-2026/ | /gold-valuation-how-gold-is-valued/","https://cash4goldanddiamond.com/best-black-hills-gold-rings-2026/","follow, index, max-snippet:-1, max-video-preview:-1, max-image-preview:large","Current query/landing-page export unavailable; intent map is a proposal","Owner review pending"
"/best-18k-gold-rings-2026-ranked/","18K Gold Rings: 750 Markings, Metal Content & Resale","Supporting article","18K gold ring value and 750 marking","18K gold ring metal content | 750 gold ring evaluation | sell 18K gold ring","/sell-your-golds/","/best-14k-gold-rings-2026/ | /best-10k-gold-rings-2026-top-5-ranked/ | /gold-valuation-how-gold-is-valued/","https://cash4goldanddiamond.com/best-18k-gold-rings-2026-ranked/","follow, index, max-snippet:-1, max-video-preview:-1, max-image-preview:large","Current query/landing-page export unavailable; intent map is a proposal","Owner review pending"
"/best-14k-gold-diamond-rings-2026/","14K Gold Diamond Rings: Evaluate the Metal and the Stone","Supporting article","14K gold diamond ring evaluation","diamond ring metal and stone value | 14K ring net weight | diamond report versus offer","/sell-your-diamonds-in-los-angeles/","/large-diamond-buyer-los-angeles/ | /best-price-for-diamonds-in-la/ | /4-cs-of-diamonds/","https://cash4goldanddiamond.com/best-14k-gold-diamond-rings-2026/","follow, index, max-snippet:-1, max-video-preview:-1, max-image-preview:large","Current query/landing-page export unavailable; intent map is a proposal","Owner review pending"
"/best-promise-rings-gold-2026/","Gold Promise Rings: Meaning, Materials & Future Resale","Supporting article","gold promise ring materials","promise ring gold versus vermeil | promise ring sizing terms | selling a gold promise ring","/sell-your-golds/","/best-18k-gold-rings-for-women-2026/ | /best-black-hills-gold-rings-2026/ | /gold-valuation-how-gold-is-valued/","https://cash4goldanddiamond.com/best-promise-rings-gold-2026/","follow, index, max-snippet:-1, max-video-preview:-1, max-image-preview:large","Current query/landing-page export unavailable; intent map is a proposal","Owner review pending"
"/best-10k-gold-rings-2026-top-5-ranked/","10K Gold Rings: Gold Content, Markings & Purchase Value","Supporting article","10K gold ring gold content","417 gold ring marking | 10K ring material estimate | selling a 10K gold ring","/sell-your-golds/","/best-14k-gold-rings-2026/ | /best-18k-gold-rings-2026-ranked/ | /gold-valuation-how-gold-is-valued/","https://cash4goldanddiamond.com/best-10k-gold-rings-2026-top-5-ranked/","follow, index, max-snippet:-1, max-video-preview:-1, max-image-preview:large","Current query/landing-page export unavailable; intent map is a proposal","Owner review pending"
"/sell-gold-in-los-angeles/","Sell Gold in Los Angeles: Options, Evaluation & Payment","Supporting article","gold selling options Los Angeles","sell gold collection Los Angeles | compare gold purchase offers | scrap gold and coin evaluation","/sell-your-golds/","/gold-coins-buyer-near-me-downtown/ | /sell-gold-jewelry-downtown-los-angeles/ | /gold-valuation-how-gold-is-valued/","https://cash4goldanddiamond.com/sell-gold-in-los-angeles/","follow, index, max-snippet:-1, max-video-preview:-1, max-image-preview:large","Current query/landing-page export unavailable; intent map is a proposal","Owner review pending"
"/best-place-to-sell-jewelry-los-angeles/","Where to Sell Jewelry in Los Angeles: Match the Buyer to Your Items","Supporting article","where to sell jewelry Los Angeles","jewelry selling options Los Angeles | compare jewelry purchase offers | sell mixed jewelry collection","/sell-estate-jewelry-los-angeles/","/what-makes-a-jewelry-buyer-trustworthy-los-angeles/ | /best-estate-jewelry-buyers-los-angeles-2026/ | /best-price-diamonds-la/","https://cash4goldanddiamond.com/best-place-to-sell-jewelry-los-angeles/","follow, index, max-snippet:-1, max-video-preview:-1, max-image-preview:large","Current query/landing-page export unavailable; intent map is a proposal","Owner review pending"
"/how-to-know-if-diamonds-are-worth-selling/","Are Your Diamonds Worth Selling? How to Make the Decision","Supporting article","are diamonds worth selling","sell small natural diamonds | diamond selling decision | diamond evaluation without report","/sell-your-diamonds-in-los-angeles/","/best-price-diamonds-la/ | /best-diamond-buyers-los-angeles-2026/ | /4-cs-of-diamonds/","https://cash4goldanddiamond.com/how-to-know-if-diamonds-are-worth-selling/","follow, index, max-snippet:-1, max-video-preview:-1, max-image-preview:large","Current query/landing-page export unavailable; intent map is a proposal","Owner review pending"
"/white-diamond-guide/","White Diamonds: Colorless Grades vs Fancy White Explained","Supporting article","white diamonds versus Fancy white","white diamond meaning | colorless diamond grades | Fancy white diamond report","/sell-your-diamonds-in-los-angeles/","/diamond-chart-4cs-guide/ | /champagne-diamond-buying-guide-comparison/ | /best-price-diamonds-la/","https://cash4goldanddiamond.com/white-diamond-guide/","follow, index, max-snippet:-1, max-video-preview:-1, max-image-preview:large","Current query/landing-page export unavailable; intent map is a proposal","Owner review pending"
"/gold-buyer-downtown-los-angeles-2/","Your First Gold Evaluation in Downtown Los Angeles","Supporting article","first gold evaluation Downtown Los Angeles","what to bring to a gold buyer | gold evaluation questions | Downtown LA gold buying visit","/sell-your-golds/","/gold-coins-buyer-near-me-downtown/ | /sell-gold-in-los-angeles/ | /gold-valuation-how-gold-is-valued/","https://cash4goldanddiamond.com/gold-buyer-downtown-los-angeles-2/","follow, index, max-snippet:-1, max-video-preview:-1, max-image-preview:large","Current query/landing-page export unavailable; intent map is a proposal","Owner review pending"
"/white-gold-guide/","White Gold: Alloy, Rhodium Finish & Selling Value","Supporting article","white gold alloy and value","rhodium plating white gold | selling white gold jewelry | white gold purity","/sell-your-golds/","/best-14k-white-gold-rings-2026-top-5-ranked/ | /how-jewelry-buyers-determine-gold-value/ | /gold-valuation-how-gold-is-valued/","https://cash4goldanddiamond.com/white-gold-guide/","follow, index, max-snippet:-1, max-video-preview:-1, max-image-preview:large","Current query/landing-page export unavailable; intent map is a proposal","Owner review pending"
"/los-angeles-gold-jewelry-sales-market-data-2026/","Gold Market Prices: What They Mean for Los Angeles Sellers","Supporting article","gold market price versus jewelry offer","read gold price data | gold price units and purity | Los Angeles gold jewelry offers","/sell-your-golds/","/selling-scrap-gold-your-ultimate-guide-to-maximizing-value/ | /sell-gold-coins-best-price-los-angeles/ | /gold-valuation-how-gold-is-valued/","https://cash4goldanddiamond.com/los-angeles-gold-jewelry-sales-market-data-2026/","follow, index, max-snippet:-1, max-video-preview:-1, max-image-preview:large","Current query/landing-page export unavailable; intent map is a proposal","Owner review pending"
"/how-much-is-my-gold-worth-gold-buyers-ranked/","Compare Gold Buyer Offers: Estimates, Weights & Final Amounts","Supporting article","compare gold buyer offers","gold purchase offer checklist | gold estimate versus final offer | compare gold jewelry payouts","/sell-your-golds/","/gold-buyer-downtown-los-angeles/ | /sell-gold-coins-best-price-los-angeles/ | /gold-valuation-how-gold-is-valued/","https://cash4goldanddiamond.com/how-much-is-my-gold-worth-gold-buyers-ranked/","follow, index, max-snippet:-1, max-video-preview:-1, max-image-preview:large","Current query/landing-page export unavailable; intent map is a proposal","Owner review pending"
"/how-jewelry-buyers-determine-gold-value/","How Gold Buyers Test Purity, Weight & Jewelry Value","Supporting article","how gold buyers test purity and weight","gold testing limitations | net gold alloy weight | mounted jewelry valuation","/sell-your-golds/","/white-gold-guide/ | /14k-gold-price-per-gram-los-angeles/ | /gold-valuation-how-gold-is-valued/","https://cash4goldanddiamond.com/how-jewelry-buyers-determine-gold-value/","follow, index, max-snippet:-1, max-video-preview:-1, max-image-preview:large","Current query/landing-page export unavailable; intent map is a proposal","Owner review pending"
"/legitimate-gold-buyer-vs-pawn-shop/","Gold Buyer vs Pawn Shop: Compare a Sale and a Loan","Supporting article","gold sale versus pawn loan","gold buyer vs pawn shop | outright gold purchase | pawn jewelry terms","/sell-your-golds/","/gold-buyer-downtown-los-angeles/ | /sell-gold-coins-best-price-los-angeles/ | /gold-valuation-how-gold-is-valued/","https://cash4goldanddiamond.com/legitimate-gold-buyer-vs-pawn-shop/","follow, index, max-snippet:-1, max-video-preview:-1, max-image-preview:large","Current query/landing-page export unavailable; intent map is a proposal","Owner review pending"
"/best-price-diamonds-la/","Diamond Resale Prices in Los Angeles: How to Compare Offers","Supporting article","diamond resale prices Los Angeles","compare diamond purchase offers | natural diamond resale value | diamond offer versus appraisal","/sell-your-diamonds-in-los-angeles/","/best-diamond-buyers-los-angeles-2026/ | /4-cs-of-diamonds/ | /loose-diamonds-appraised-los-angeles/","https://cash4goldanddiamond.com/best-price-diamonds-la/","follow, index, max-snippet:-1, max-video-preview:-1, max-image-preview:large","Current query/landing-page export unavailable; intent map is a proposal","Owner review pending"
"/selling-gold-jewelry-los-angeles/","Selling Gold Jewelry: From Evaluation to Payment in LA","Supporting article","gold jewelry evaluation to payment Los Angeles","gold buying payment options | accepting a gold jewelry offer | sell part of a gold collection","/sell-your-golds/","/jewelry-district-gold-buyer-los-angeles/ | /best-22k-gold-jewelry-2026-top-5-buyers-sellers-ranked/ | /gold-valuation-how-gold-is-valued/","https://cash4goldanddiamond.com/selling-gold-jewelry-los-angeles/","follow, index, max-snippet:-1, max-video-preview:-1, max-image-preview:large","Current query/landing-page export unavailable; intent map is a proposal","Owner review pending"
"/10k-gold-price-per-gram-pawn-shop/","10K Gold Price Per Gram: Understanding Pawn-Shop Offers","Supporting article","10K gold price per gram pawn shop","10K gold content calculation | 10K pawn purchase offer | 417 gold value per gram","/sell-your-golds/","/14k-gold-price-per-gram-los-angeles/ | /pawn-shops-pay-for-gold-los-angeles/ | /gold-valuation-how-gold-is-valued/","https://cash4goldanddiamond.com/10k-gold-price-per-gram-pawn-shop/","follow, index, max-snippet:-1, max-video-preview:-1, max-image-preview:large","Current query/landing-page export unavailable; intent map is a proposal","Owner review pending"
"/rolex-buyer-los-angeles-cash/","Rolex Buyer in Los Angeles: Evaluation & Payment Options","Supporting article","Rolex buyer Los Angeles","sell Rolex for cash Los Angeles | Rolex purchase evaluation | Rolex buyer payment options","/sell-luxury-watches-in-los-angeles/","/how-to-sell-a-rolex-watch-in-los-angeles/ | /where-to-sell-rolex-watch-los-angeles/ | /how-to-spot-a-fake-rolex/","https://cash4goldanddiamond.com/rolex-buyer-los-angeles-cash/","follow, index, max-snippet:-1, max-video-preview:-1, max-image-preview:large","Current query/landing-page export unavailable; intent map is a proposal","Owner review pending"
"/14k-gold-price-per-gram-los-angeles/","14K Gold Price Per Gram: Estimating Jewelry Value","Supporting article","14K gold price per gram","14K gold melt value | 585 gold purity | 14K gold weight calculation | sell 14K gold Los Angeles","/sell-your-golds/","/gold-valuation-how-gold-is-valued/ | /best-14k-gold-chain-2026-top-5-ranked/ | /white-gold-guide/","https://cash4goldanddiamond.com/14k-gold-price-per-gram-los-angeles/","follow, index, max-snippet:-1, max-video-preview:-1, max-image-preview:large","Current query/landing-page export unavailable; intent map is a proposal","Owner review pending"
"/white-gold-vs-yellow-gold/","White Gold vs Yellow Gold: Purity, Finish & Resale","Supporting article","white gold versus yellow gold value","white and yellow gold purity | gold color and resale | compare gold alloy finishes","/sell-your-golds/","/best-14k-white-gold-rings-2026-top-5-ranked/ | /best-14k-yellow-gold-rings-2026/ | /gold-valuation-how-gold-is-valued/","https://cash4goldanddiamond.com/white-gold-vs-yellow-gold/","follow, index, max-snippet:-1, max-video-preview:-1, max-image-preview:large","Current query/landing-page export unavailable; intent map is a proposal","Owner review pending"
"/how-to-sell-a-rolex-watch-in-los-angeles/","How to Sell a Rolex in Los Angeles: A Preparation Checklist","Supporting article","how to sell a Rolex Los Angeles","prepare Rolex for sale | sell Rolex without box and papers | Rolex selling checklist","/sell-luxury-watches-in-los-angeles/","/rolex-buyer-los-angeles-cash/ | /best-vintage-rolex-buyer-downtown-los-angeles-2026/ | /best-gold-rolex-buyers-2026/","https://cash4goldanddiamond.com/how-to-sell-a-rolex-watch-in-los-angeles/","follow, index, max-snippet:-1, max-video-preview:-1, max-image-preview:large","Current query/landing-page export unavailable; intent map is a proposal","Owner review pending"
"/best-inherited-jewelry-valuation-los-angeles-2026/","Inherited Jewelry Valuation in Los Angeles: Documents & Next Steps","Supporting article","inherited jewelry valuation Los Angeles","inherited jewelry appraisal documents | estate jewelry valuation purpose | inherited jewelry sale records","/sell-estate-jewelry-los-angeles/","/how-to-value-estate-jewelry-pieces/ | /sell-inherited-jewelry-no-obligation/ | /best-estate-jewelry-buyers-los-angeles-2026/","https://cash4goldanddiamond.com/best-inherited-jewelry-valuation-los-angeles-2026/","follow, index, max-snippet:-1, max-video-preview:-1, max-image-preview:large","Current query/landing-page export unavailable; intent map is a proposal","Owner review pending"
"/how-much-should-i-get-for-my-gold-jewelry/","How Much Should You Expect for Gold Jewelry?","Supporting article","gold jewelry resale expectations","gold offer versus retail price | expected gold jewelry payout | gold jewelry replacement value","/sell-your-golds/","/sell-gold-jewelry-downtown-los-angeles/ | /jewelry-district-gold-buyer-los-angeles/ | /gold-valuation-how-gold-is-valued/","https://cash4goldanddiamond.com/how-much-should-i-get-for-my-gold-jewelry/","follow, index, max-snippet:-1, max-video-preview:-1, max-image-preview:large","Current query/landing-page export unavailable; intent map is a proposal","Owner review pending"
"/where-to-sell-gold-los-angeles/","Where to Sell Gold in Los Angeles: A Seller’s Checklist","Supporting article","where to sell gold in Los Angeles","gold purity | gold jewelry value | selling gold in Los Angeles","/sell-your-golds/","/sell-gold-jewelry-downtown-los-angeles/ | /how-much-is-my-gold-worth-valuation-guide-2026/ | /gold-valuation-how-gold-is-valued/","https://cash4goldanddiamond.com/where-to-sell-gold-los-angeles/","follow, index, max-snippet:-1, max-video-preview:-1, max-image-preview:large","Current query/landing-page export unavailable; intent map is a proposal","Owner review pending"
"/sell-inherited-jewelry-no-obligation/","Selling Inherited Jewelry Without Pressure: A Practical Guide","Supporting article","sell inherited jewelry without pressure","inherited jewelry no obligation | keep or sell inherited jewelry | partial estate jewelry sale","/sell-estate-jewelry-los-angeles/","/best-inherited-jewelry-valuation-los-angeles-2026/ | /how-to-value-estate-jewelry-pieces/ | /best-estate-jewelry-buyers-los-angeles-2026/","https://cash4goldanddiamond.com/sell-inherited-jewelry-no-obligation/","follow, index, max-snippet:-1, max-video-preview:-1, max-image-preview:large","Current query/landing-page export unavailable; intent map is a proposal","Owner review pending"
"/diamond-gem-los-angeles-guide/","Sell Natural Diamonds in Los Angeles: Preparing Your Jewelry","Supporting article","prepare natural diamonds for sale Los Angeles","sell natural diamond jewelry Los Angeles | diamond collection evaluation preparation | loose and mounted natural diamonds","/sell-your-diamonds-in-los-angeles/","/large-diamond-buyer-los-angeles/ | /where-to-sell-fine-jewelry-downtown-los-angeles/ | /best-price-for-diamonds-in-la/","https://cash4goldanddiamond.com/diamond-gem-los-angeles-guide/","follow, index, max-snippet:-1, max-video-preview:-1, max-image-preview:large","Current query/landing-page export unavailable; intent map is a proposal","Owner review pending"
"/rolex-day-date-gold-market-analysis-2026-pricing-demand-trends/","Gold Rolex Day-Date: Reference, Bracelet & Purchase Value","Supporting article","gold Rolex Day-Date value","sell Rolex Day-Date Los Angeles | Rolex President bracelet condition | Day-Date reference evaluation","/sell-luxury-watches-in-los-angeles/","/best-gold-rolex-watches-2026-ranked/ | /best-gold-rolex-buyers-2026/ | /how-to-spot-a-fake-rolex/","https://cash4goldanddiamond.com/rolex-day-date-gold-market-analysis-2026-pricing-demand-trends/","follow, index, max-snippet:-1, max-video-preview:-1, max-image-preview:large","Current query/landing-page export unavailable; intent map is a proposal","Owner review pending"
"/pawn-shops-pay-for-gold-los-angeles/","Compare Pawn-Shop Gold Offers in Los Angeles: A Seller’s Checklist","Supporting article","compare pawn shop gold offers Los Angeles","pawn shop gold purchase Los Angeles | compare gold buyer offers downtown LA | sell Cuban chains Los Angeles","/sell-your-golds/","/how-much-do-pawn-shops-pay-for-gold/ | /legitimate-gold-buyer-vs-pawn-shop/ | /gold-buyer-downtown-los-angeles/","https://cash4goldanddiamond.com/pawn-shops-pay-for-gold-los-angeles/","follow, index, max-snippet:-1, max-video-preview:-1, max-image-preview:large","Current query/landing-page export unavailable; intent map is a proposal","Owner review pending"
"/sell-tiffany-jewelry-los-angeles/","Sell Tiffany Jewelry in Los Angeles: Prepare the Piece & Papers","Supporting article","sell Tiffany jewelry Los Angeles","Tiffany jewelry resale evaluation | sell Tiffany diamond ring Los Angeles | Tiffany jewelry without papers","/sell-estate-jewelry-los-angeles/","/sell-cartier-jewelry-los-angeles/ | /how-to-value-estate-jewelry-pieces/ | /what-makes-a-jewelry-buyer-trustworthy-los-angeles/","https://cash4goldanddiamond.com/sell-tiffany-jewelry-los-angeles/","follow, index, max-snippet:-1, max-video-preview:-1, max-image-preview:large","Current query/landing-page export unavailable; intent map is a proposal","Owner review pending"
"/14-karat-gold-market-statistics-2026/","What Does 14 Karat Gold Mean? Marks, Color & Construction","Supporting article","what does 14 karat gold mean","14K and 585 gold markings | 14 karat alloy colors | 14K hollow and solid gold","/sell-your-golds/","/best-14k-gold-rings-2026/ | /best-18k-gold-rings-2026-ranked/ | /gold-valuation-how-gold-is-valued/","https://cash4goldanddiamond.com/14-karat-gold-market-statistics-2026/","follow, index, max-snippet:-1, max-video-preview:-1, max-image-preview:large","Current query/landing-page export unavailable; intent map is a proposal","Owner review pending"
"/sell-cartier-jewelry-los-angeles/","Sell Cartier Jewelry in Los Angeles: Model, Condition & Offer","Supporting article","sell Cartier jewelry Los Angeles","sell Cartier Love bracelet Los Angeles | Cartier jewelry evaluation | pre owned Cartier jewelry documents","/sell-estate-jewelry-los-angeles/","/sell-tiffany-jewelry-los-angeles/ | /how-to-value-estate-jewelry-pieces/ | /best-place-to-sell-jewelry-los-angeles/","https://cash4goldanddiamond.com/sell-cartier-jewelry-los-angeles/","follow, index, max-snippet:-1, max-video-preview:-1, max-image-preview:large","Current query/landing-page export unavailable; intent map is a proposal","Owner review pending"
"/platinum-vs-white-gold/","Platinum vs White Gold: Alloy, Finish, Care & Resale","Supporting article","platinum vs white gold","platinum white gold maintenance | white metal jewelry comparison | platinum and gold resale evaluation","/sell-your-golds/","/best-14k-white-gold-diamond-rings-2026/ | /best-18k-gold-rings-2026-ranked-2/ | /best-10k-white-gold-rings-2026/","https://cash4goldanddiamond.com/platinum-vs-white-gold/","follow, index, max-snippet:-1, max-video-preview:-1, max-image-preview:large","Current query/landing-page export unavailable; intent map is a proposal","Owner review pending"
"/diamond-what-it-is-how-to-value-where-to-sell/","Diamond Basics: Identify Your Item and Prepare to Sell","Supporting article","diamond identification and selling guide","identify inherited diamond jewelry | prepare diamonds for sale | diamond evaluation Los Angeles","/sell-your-diamonds-in-los-angeles/","/4-cs-of-diamonds/ | /diamond-chart-4cs-guide/ | /how-to-know-if-diamonds-are-worth-selling/","https://cash4goldanddiamond.com/diamond-what-it-is-how-to-value-where-to-sell/","follow, index, max-snippet:-1, max-video-preview:-1, max-image-preview:large","Current query/landing-page export unavailable; intent map is a proposal","Owner review pending"
"/where-to-sell-rolex-watch-los-angeles/","Where to Sell a Rolex in Los Angeles: Compare Your Options","Supporting article","where to sell Rolex Los Angeles","Rolex selling options | local versus online watch buyer | Rolex consignment versus outright sale","/sell-luxury-watches-in-los-angeles/","/rolex-buyer-los-angeles-cash/ | /how-to-sell-a-rolex-watch-in-los-angeles/ | /what-makes-a-jewelry-buyer-trustworthy-los-angeles/","https://cash4goldanddiamond.com/where-to-sell-rolex-watch-los-angeles/","follow, index, max-snippet:-1, max-video-preview:-1, max-image-preview:large","Current query/landing-page export unavailable; intent map is a proposal","Owner review pending"
"/best-14k-white-gold-diamond-rings-2026/","14K White Gold Diamond Rings: Metal, Finish & Resale Evaluation","Supporting article","14K white gold diamond ring evaluation","14K white gold purity | white gold ring resale | natural diamond ring value factors","/sell-your-golds/","/4-cs-of-diamonds/ | /diamond-carat-weight-guide/ | /best-price-diamonds-la/","https://cash4goldanddiamond.com/best-14k-white-gold-diamond-rings-2026/","follow, index, max-snippet:-1, max-video-preview:-1, max-image-preview:large","Current query/landing-page export unavailable; intent map is a proposal","Owner review pending"
"/best-14k-white-gold-engagement-rings-2026/","Choosing a 14K White Gold Engagement Ring: Setting & Care","Supporting article","choosing a 14K white gold engagement ring","14K white gold engagement ring setting | white gold ring rhodium maintenance | engagement ring construction checklist","/sell-your-golds/","/how-to-know-if-diamonds-are-worth-selling/ | /platinum-vs-white-gold/ | /diamond-chart-4cs-guide/","https://cash4goldanddiamond.com/best-14k-white-gold-engagement-rings-2026/","follow, index, max-snippet:-1, max-video-preview:-1, max-image-preview:large","Current query/landing-page export unavailable; intent map is a proposal","Owner review pending"
"/best-10k-white-gold-rings-2026/","10K White Gold Rings: Construction, Finish & Selling Guide","Supporting article","10K white gold rings","10K white gold finish | 10K ring construction | sell 10K white gold ring Los Angeles","/sell-your-golds/","/10k-diamond-ring-buying-guide/ | /platinum-vs-white-gold/ | /best-14k-white-gold-diamond-rings-2026/","https://cash4goldanddiamond.com/best-10k-white-gold-rings-2026/","follow, index, max-snippet:-1, max-video-preview:-1, max-image-preview:large","Current query/landing-page export unavailable; intent map is a proposal","Owner review pending"
"/10k-diamond-ring-buying-guide/","10K Diamond Ring Guide: Gold Purity, Stone Weight & Offers","Supporting article","10K diamond ring guide","10K versus diamond carat | 10K diamond ring value | sell 10K diamond ring","/sell-your-golds/","/diamond-carat-weight-guide/ | /4-cs-of-diamonds/ | /best-10k-white-gold-rings-2026/","https://cash4goldanddiamond.com/10k-diamond-ring-buying-guide/","follow, index, max-snippet:-1, max-video-preview:-1, max-image-preview:large","Current query/landing-page export unavailable; intent map is a proposal","Owner review pending"
"/diamond-carat-weight-guide/","Diamond Carat Weight: Points, Grams & Total Weight Explained","Supporting article","diamond carat weight","total carat weight versus center stone | diamond points to carats | mounted diamond weight estimate","/sell-your-diamonds-in-los-angeles/","/4-cs-of-diamonds/ | /diamond-chart-4cs-guide/ | /round-brilliant-diamond-comparison-guide/","https://cash4goldanddiamond.com/diamond-carat-weight-guide/","follow, index, max-snippet:-1, max-video-preview:-1, max-image-preview:large","Current query/landing-page export unavailable; intent map is a proposal","Owner review pending"
"/champagne-diamond-buying-guide-comparison/","Champagne Diamonds: Brown Color, Reports & Selling Questions","Supporting article","champagne diamond color and reports","brown diamond grading | champagne diamond meaning | sell champagne diamond Los Angeles","/sell-your-diamonds-in-los-angeles/","/white-diamond-guide/ | /diamond-chart-4cs-guide/ | /best-price-diamonds-la/","https://cash4goldanddiamond.com/champagne-diamond-buying-guide-comparison/","follow, index, max-snippet:-1, max-video-preview:-1, max-image-preview:large","Current query/landing-page export unavailable; intent map is a proposal","Owner review pending"
"/best-gold-watches-for-women-2026/","Women’s Gold Watches: Fit, Materials & Selling Preparation","Supporting article","women’s gold watches evaluation","sell women’s gold watch | inherited gold bracelet watch | gold watch bracelet fit","/sell-luxury-watches-in-los-angeles/","/best-gold-watches-2026-top-5-ranked/ | /sell-estate-jewelry-los-angeles/ | /sell-luxury-watches-in-los-angeles/","https://cash4goldanddiamond.com/best-gold-watches-for-women-2026/","follow, index, max-snippet:-1, max-video-preview:-1, max-image-preview:large","Current query/landing-page export unavailable; intent map is a proposal","Owner review pending"
"/loose-diamonds-appraised-los-angeles/","Loose Diamond Appraisals in Los Angeles: Which Service Do You Need?","Supporting article","loose diamond appraisal Los Angeles","diamond appraisal versus grading report | loose diamond evaluation | diamond appraisal preparation","/sell-your-diamonds-in-los-angeles/","/diamond-chart-4cs-guide/ | /best-price-diamonds-la/ | /best-diamond-buyers-los-angeles-2026/","https://cash4goldanddiamond.com/loose-diamonds-appraised-los-angeles/","follow, index, max-snippet:-1, max-video-preview:-1, max-image-preview:large","Current query/landing-page export unavailable; intent map is a proposal","Owner review pending"
"/4-cs-of-diamonds/","The 4 Cs of Diamonds: Questions to Ask Before Buying or Selling","Supporting article","4 Cs of diamonds","compare diamond quality | diamond buying questions | diamond evaluation checklist","/sell-your-diamonds-in-los-angeles/","/diamond-chart-4cs-guide/ | /diamond-carat-weight-guide/ | /round-brilliant-diamond-comparison-guide/","https://cash4goldanddiamond.com/4-cs-of-diamonds/","follow, index, max-snippet:-1, max-video-preview:-1, max-image-preview:large","Current query/landing-page export unavailable; intent map is a proposal","Owner review pending"
"/best-gold-diamond-buyers-2026-top-5-ranked/","Selling Gold and Diamonds Together: Compare a Complete Offer","Supporting article","selling gold and diamonds together","sell diamond Cuban chains Los Angeles | gold and diamond jewelry offer | mixed jewelry collection buyer Los Angeles","/sell-your-diamonds-in-los-angeles/","/best-gold-bracelet-buyers-los-angeles-2026/ | /how-to-know-if-diamonds-are-worth-selling/ | /gold-valuation-how-gold-is-valued/","https://cash4goldanddiamond.com/best-gold-diamond-buyers-2026-top-5-ranked/","follow, index, max-snippet:-1, max-video-preview:-1, max-image-preview:large","Current query/landing-page export unavailable; intent map is a proposal","Owner review pending"
"/best-1-carat-diamond-buyers-2026/","Selling a 1 Carat Diamond: Weight, Reports & Offer Questions","Supporting article","sell a 1 carat diamond Los Angeles","one carat diamond offer | 1 carat versus total weight | one carat diamond resale preparation","/sell-your-diamonds-in-los-angeles/","/diamond-carat-weight-guide/ | /best-price-diamonds-la/ | /best-diamond-buyers-los-angeles-2026/","https://cash4goldanddiamond.com/best-1-carat-diamond-buyers-2026/","follow, index, max-snippet:-1, max-video-preview:-1, max-image-preview:large","Current query/landing-page export unavailable; intent map is a proposal","Owner review pending"
"/gold-valuation-how-gold-is-valued/","How Gold Is Valued: Weight, Purity & Purchase Offers","Supporting article","how gold is valued","net gold weight | karat and fineness | gold testing | jewelry resale value","/sell-your-golds/","/14k-gold-price-per-gram-los-angeles/ | /selling-scrap-gold-your-ultimate-guide-to-maximizing-value/","https://cash4goldanddiamond.com/gold-valuation-how-gold-is-valued/","follow, index, max-snippet:-1, max-video-preview:-1, max-image-preview:large","Current query/landing-page export unavailable; intent map is a proposal","Owner review pending"
"/best-14k-yellow-gold-rings-2026-2/","14K Yellow Gold Rings: A Practical Buying Checklist","Supporting article","14K yellow gold ring buying checklist","14K yellow gold alloy | yellow gold ring return terms | 14K ring construction","/sell-your-golds/","/best-yellow-gold-rings-2026/ | /sell-gold-jewelry-downtown-los-angeles/ | /gold-valuation-how-gold-is-valued/","https://cash4goldanddiamond.com/best-14k-yellow-gold-rings-2026/","follow, index, max-snippet:-1, max-video-preview:-1, max-image-preview:large","Current query/landing-page export unavailable; intent map is a proposal","Owner review pending"
"/how-much-do-pawn-shops-pay-for-gold/","How Much Do Pawn Shops Pay for Gold? Read the Offer Calculation","Supporting article","how much do pawn shops pay for gold","pawn shop gold payout calculation | gold offer metal weight purity | gold melt estimate versus purchase offer","/sell-your-golds/","/pawn-shops-pay-for-gold-los-angeles/ | /gold-valuation-how-gold-is-valued/ | /how-jewelry-buyers-determine-gold-value/","https://cash4goldanddiamond.com/how-much-do-pawn-shops-pay-for-gold/","follow, index, max-snippet:-1, max-video-preview:-1, max-image-preview:large","Current query/landing-page export unavailable; intent map is a proposal","Owner review pending"
"/round-brilliant-diamond-comparison-guide/","Round Brilliant Diamonds: Compare Cut Grades and Reports","Supporting article","round brilliant diamond comparison","GIA round brilliant cut grade | diamond proportions and measurements | compare diamond reports","/sell-your-diamonds-in-los-angeles/","/4-cs-of-diamonds/ | /diamond-chart-4cs-guide/ | /diamond-carat-weight-guide/","https://cash4goldanddiamond.com/round-brilliant-diamond-comparison-guide/","follow, index, max-snippet:-1, max-video-preview:-1, max-image-preview:large","Current query/landing-page export unavailable; intent map is a proposal","Owner review pending"
"/best-14k-white-gold-engagement-rings-2026-2/","Choosing a 14K White Gold Engagement Ring: Setting & Care","Supporting article","choosing a 14K white gold engagement ring","14K white gold engagement ring setting | white gold ring rhodium maintenance | engagement ring construction checklist","/sell-your-golds/","/how-to-know-if-diamonds-are-worth-selling/ | /platinum-vs-white-gold/ | /diamond-chart-4cs-guide/","https://cash4goldanddiamond.com/best-14k-white-gold-engagement-rings-2026/","follow, index, max-snippet:-1, max-video-preview:-1, max-image-preview:large","Current query/landing-page export unavailable; intent map is a proposal","Owner review pending"
"/best-18k-gold-rings-2026-ranked-2/","18K Gold Rings: 750 Markings, Metal Content & Resale","Supporting article","18K gold ring value and 750 marking","18K gold ring metal content | 750 gold ring evaluation | sell 18K gold ring","/sell-your-golds/","/best-14k-gold-rings-2026/ | /best-10k-gold-rings-2026-top-5-ranked/ | /gold-valuation-how-gold-is-valued/","https://cash4goldanddiamond.com/best-18k-gold-rings-2026-ranked/","follow, index, max-snippet:-1, max-video-preview:-1, max-image-preview:large","Current query/landing-page export unavailable; intent map is a proposal","Owner review pending"
"/best-black-hills-gold-rings-2026-2/","Black Hills Gold Rings: Mixed Karats, Leaves & Resale","Supporting article","Black Hills Gold ring materials","Black Hills Gold mixed karats | green and rose gold leaves | Black Hills Gold resale","/sell-your-golds/","/best-18k-gold-rings-for-women-2026/ | /best-promise-rings-gold-2026/ | /gold-valuation-how-gold-is-valued/","https://cash4goldanddiamond.com/best-black-hills-gold-rings-2026/","follow, index, max-snippet:-1, max-video-preview:-1, max-image-preview:large","Current query/landing-page export unavailable; intent map is a proposal","Owner review pending"
"/selling-scrap-gold-your-ultimate-guide-to-maximizing-value/","Selling Scrap Gold: Broken Jewelry, Purity & Offers","Supporting article","selling scrap gold","scrap gold | gold purity | gold jewelry value | selling gold in Los Angeles","/sell-your-golds/","/best-22k-gold-jewelry-2026-top-5-buyers-sellers-ranked/ | /sell-gold-coins-best-price-los-angeles/ | /gold-valuation-how-gold-is-valued/","https://cash4goldanddiamond.com/selling-scrap-gold-your-ultimate-guide-to-maximizing-value/","follow, index, max-snippet:-1, max-video-preview:-1, max-image-preview:large","Current query/landing-page export unavailable; intent map is a proposal","Owner review pending"
"/how-much-will-a-14k-gold-necklace-worth-pay-me/","How Much Is a 14K Gold Necklace Worth?","Supporting article","how much is a 14K gold necklace worth","gold purity | gold jewelry value | selling gold in Los Angeles","/sell-your-golds/","/how-much-is-my-gold-worth-valuation-guide-2026/ | /how-much-is-10kt-gold-worth/ | /gold-valuation-how-gold-is-valued/","https://cash4goldanddiamond.com/how-much-will-a-14k-gold-necklace-worth-pay-me/","follow, index, max-snippet:-1, max-video-preview:-1, max-image-preview:large","Current query/landing-page export unavailable; intent map is a proposal","Owner review pending"
"/where-to-sell-your-antique-gold-jewelry-for-the-best-price-expert-guide/","Selling Antique Gold Jewelry: Preserve the Piece, Compare Offers","Supporting article","sell antique gold jewelry Los Angeles","antique gold complete piece value | antique jewelry evaluation | antique gold selling options","/sell-estate-jewelry-los-angeles/","/how-to-value-estate-jewelry-pieces/ | /best-estate-jewelry-buyers-los-angeles-2026/ | /best-place-to-sell-jewelry-los-angeles/","https://cash4goldanddiamond.com/where-to-sell-your-antique-gold-jewelry-for-the-best-price-expert-guide/","follow, index, max-snippet:-1, max-video-preview:-1, max-image-preview:large","Current query/landing-page export unavailable; intent map is a proposal","Owner review pending"
"/real-diamond-watches-for-men-the-ultimate-buying-guide/","Diamond Watches: Natural Stones, Factory Settings & Value","Supporting article","diamond watch evaluation","natural diamond watch | factory versus aftermarket diamond watch | sell diamond Rolex Los Angeles","/sell-luxury-watches-in-los-angeles/","/how-to-spot-a-fake-rolex/ | /top-7-real-diamond-watches-for-men-how-to-choose-the-best-diamond-watches-for-men-in-2024/ | /large-diamond-buyer-los-angeles/","https://cash4goldanddiamond.com/real-diamond-watches-for-men-the-ultimate-buying-guide/","follow, index, max-snippet:-1, max-video-preview:-1, max-image-preview:large","Current query/landing-page export unavailable; intent map is a proposal","Owner review pending"
"/sell-your-gold-for-cash-a-step-by-step-guide-to-selling-gold-online/","Selling Gold Online: Shipping, Offers & Payment Checklist","Supporting article","selling gold online checklist","mail gold for evaluation | gold shipping insurance questions | online gold offer and return terms","/sell-your-golds/","/local-gold-buyers-vs-online-gold-buyers-which-one-is-best/ | /sell-gold-coins-best-price-los-angeles/ | /gold-valuation-how-gold-is-valued/","https://cash4goldanddiamond.com/sell-your-gold-for-cash-a-step-by-step-guide-to-selling-gold-online/","follow, index, max-snippet:-1, max-video-preview:-1, max-image-preview:large","Current query/landing-page export unavailable; intent map is a proposal","Owner review pending"
"/local-gold-buyers-vs-online-gold-buyers-which-one-is-best/","Local vs Online Gold Buyers: Compare the Selling Process","Supporting article","local versus online gold buyers","in-person gold evaluation | mail-in gold buyer comparison | gold selling process options","/sell-your-golds/","/sell-your-gold-for-cash-a-step-by-step-guide-to-selling-gold-online/ | /gold-coins-buyer-near-me-downtown/ | /gold-valuation-how-gold-is-valued/","https://cash4goldanddiamond.com/local-gold-buyers-vs-online-gold-buyers-which-one-is-best/","follow, index, max-snippet:-1, max-video-preview:-1, max-image-preview:large","Current query/landing-page export unavailable; intent map is a proposal","Owner review pending"
"/3-5-carat-oval-diamond-ring-buying-step-by-step-guide/","3.5 Carat Oval Diamond Ring: Measurements, Bow Tie & Setting","Supporting article","3.5 carat oval diamond ring guide","oval diamond bow tie | 3.5 carat oval measurements | oval diamond setting questions","/sell-your-diamonds-in-los-angeles/","/diamond-carat-weight-guide/ | /4-cs-of-diamonds/ | /2-carat-diamond-ring-price-complete-buying-guide/","https://cash4goldanddiamond.com/3-5-carat-oval-diamond-ring-buying-step-by-step-guide/","follow, index, max-snippet:-1, max-video-preview:-1, max-image-preview:large","Current query/landing-page export unavailable; intent map is a proposal","Owner review pending"
"/2-carat-diamond-ring-price-complete-buying-guide/","2 Carat Diamond Ring Price: How to Compare Complete Quotes","Supporting article","2 carat diamond ring price comparison","two carat ring buying guide | 2 carat center versus total weight | two carat diamond dimensions","/sell-your-diamonds-in-los-angeles/","/diamond-carat-weight-guide/ | /3-5-carat-oval-diamond-ring-buying-step-by-step-guide/ | /best-price-diamonds-la/","https://cash4goldanddiamond.com/2-carat-diamond-ring-price-complete-buying-guide/","follow, index, max-snippet:-1, max-video-preview:-1, max-image-preview:large","Current query/landing-page export unavailable; intent map is a proposal","Owner review pending"
"/top-7-real-diamond-watches-for-men-how-to-choose-the-best-diamond-watches-for-men-in-2024/","Diamond Watch Checklist: Seven Questions Before Buying or Selling","Supporting article","diamond watch checklist","questions before selling diamond watch | factory diamond watch documentation | diamond watch purchase terms","/sell-luxury-watches-in-los-angeles/","/real-diamond-watches-for-men-the-ultimate-buying-guide/ | /how-to-spot-a-fake-rolex/ | /where-to-sell-rolex-watch-los-angeles/","https://cash4goldanddiamond.com/top-7-real-diamond-watches-for-men-how-to-choose-the-best-diamond-watches-for-men-in-2024/","follow, index, max-snippet:-1, max-video-preview:-1, max-image-preview:large","Current query/landing-page export unavailable; intent map is a proposal","Owner review pending"
"/sell-luxury-watches-in-los-angeles/","Luxury Watch Buyer Los Angeles | Sell Rolex & Watches","Primary commercial destination","Luxury Watch Buyer Los Angeles – Sell Rolex & Luxury Watches","","/sell-luxury-watches-in-los-angeles/","","https://cash4goldanddiamond.com/sell-luxury-watches-in-los-angeles/","follow, index, max-snippet:-1, max-video-preview:-1, max-image-preview:large","Current query/landing-page export unavailable; intent map is a proposal","Owner review pending"
"/sell-your-diamonds-in-los-angeles/","Natural Diamond Buyers Los Angeles | Any Size & Shape","Primary commercial destination","Natural Diamond Buyers in Los Angeles","","/sell-your-diamonds-in-los-angeles/","","https://cash4goldanddiamond.com/sell-your-diamonds-in-los-angeles/","follow, index, max-snippet:-1, max-video-preview:-1, max-image-preview:large","Current query/landing-page export unavailable; intent map is a proposal","Owner review pending"
"/how-much-is-10kt-gold-worth/","How Much Is 10KT Gold Worth? Content, Marks & Condition","Supporting article","how much is 10KT gold worth","10KT gold markings | 10K jewelry versus scrap value | 10KT gold weight calculation","/sell-your-golds/","/best-22k-gold-jewelry-2026-top-5-buyers-sellers-ranked/ | /how-much-is-my-gold-worth-valuation-guide-2026/ | /gold-valuation-how-gold-is-valued/","https://cash4goldanddiamond.com/how-much-is-10kt-gold-worth/","follow, index, max-snippet:-1, max-video-preview:-1, max-image-preview:large","Current query/landing-page export unavailable; intent map is a proposal","Owner review pending"
"/start-selling-gold-and-diamonds/","Sell Gold, Natural Diamonds & Luxury Watches in Downtown LA","Supporting page/archive","Sell Gold, Diamonds, Watches & Gemstones in Los Angeles","","","","https://cash4goldanddiamond.com/start-selling-gold-and-diamonds/","follow, index, max-snippet:-1, max-video-preview:-1, max-image-preview:large","Current query/landing-page export unavailable; intent map is a proposal","Owner review pending"
"/reviews/","Cash 4 Gold and Diamond Reviews | 5-Star Client Feedback","Supporting page/archive","Client Reviews – Cash for Gold & Diamonds in Los Angeles","","","","https://cash4goldanddiamond.com/reviews/","follow, index, max-snippet:-1, max-video-preview:-1, max-image-preview:large","Current query/landing-page export unavailable; intent map is a proposal","Owner review pending"
"/about-us-sell-gold-and-diamonds-online/","Sell Gold and Diamonds Online with Cash 4 Gold & Diamond","Supporting page/archive","About Cash 4 Gold & Diamonds, Los Angeles","","","","https://cash4goldanddiamond.com/about-us-sell-gold-and-diamonds-online/","follow, index, max-snippet:-1, max-video-preview:-1, max-image-preview:large","Current query/landing-page export unavailable; intent map is a proposal","Owner review pending"
"/contact-us/","Contact Cash 4 Gold & Diamonds | Downtown Los Angeles","Supporting page/archive","Contact Cash 4 Gold & Diamonds","","","","https://cash4goldanddiamond.com/contact-us/","follow, index, max-snippet:-1, max-video-preview:-1, max-image-preview:large","Current query/landing-page export unavailable; intent map is a proposal","Owner review pending"
"/sell-estate-jewelry-los-angeles/","Sell Estate & Inherited Jewelry in Los Angeles, CA","Primary commercial destination","Turn Your Inheritance Gold into Cash Today!","","/sell-estate-jewelry-los-angeles/","","https://cash4goldanddiamond.com/sell-estate-jewelry-los-angeles/","follow, index, max-snippet:-1, max-video-preview:-1, max-image-preview:large","Current query/landing-page export unavailable; intent map is a proposal","Owner review pending"
"/faqs/","FAQs: Cash 4 Gold & Diamond | Top 10 Questions Answered","Supporting page/archive","Frequently Asked Questions - Cash 4 Gold and Diamond","","","","https://cash4goldanddiamond.com/faqs/","follow, index, max-snippet:-1, max-video-preview:-1, max-image-preview:large","Current query/landing-page export unavailable; intent map is a proposal","Owner review pending"
"/blogs/","Gold, Diamond & Rolex Selling Guides | Downtown Los Angeles","Supporting page/archive","Gold, Diamond & Jewelry Selling Guides","","","","https://cash4goldanddiamond.com/blogs/","follow, index, max-snippet:-1, max-video-preview:-1, max-image-preview:large","Current query/landing-page export unavailable; intent map is a proposal","Owner review pending"
"/sell-your-golds/","Gold Buyer Downtown Los Angeles | Scrap Gold, Chains & Coins","Primary commercial destination","gold buyer Downtown Los Angeles","scrap gold buyer Los Angeles | sell Cuban chain Los Angeles | gold coin buyer Downtown LA | silver coin buyer Los Angeles","/sell-your-golds/","/gold-valuation-how-gold-is-valued/ | /selling-scrap-gold-your-ultimate-guide-to-maximizing-value/","https://cash4goldanddiamond.com/sell-your-golds/","follow, index, max-snippet:-1, max-video-preview:-1, max-image-preview:large","Current query/landing-page export unavailable; intent map is a proposal","Owner review pending"
"/privacy-policy/","Website Privacy Information | Cash 4 Gold & Diamonds","Supporting page/archive","Website Privacy Information","","","","https://cash4goldanddiamond.com/privacy-policy/","follow, index, max-snippet:-1, max-video-preview:-1, max-image-preview:large","Current query/landing-page export unavailable; intent map is a proposal","Owner review pending"
"/sell-gemstones-for-cash-in-los-angeles/","Large, High-Quality Gemstone Buyer in Los Angeles","Primary commercial destination","Large, High-Quality Gemstone Buyer in Los Angeles","","/sell-gemstones-for-cash-in-los-angeles/","","https://cash4goldanddiamond.com/sell-gemstones-for-cash-in-los-angeles/","follow, index, max-snippet:-1, max-video-preview:-1, max-image-preview:large","Current query/landing-page export unavailable; intent map is a proposal","Owner review pending"
"/author/navid-lalezari/","Navid, Author at Cash 4 Gold and Diamond","Supporting page/archive","Navid, Author at Cash 4 Gold and Diamond","","","","https://cash4goldanddiamond.com/author/navid-lalezari/","follow, noindex","Current query/landing-page export unavailable; intent map is a proposal","Owner review pending"
"/e-commerce-retail/","E-commerce & Retail - Cash 4 Gold and Diamond","Supporting page/archive","E-commerce & Retail - Cash 4 Gold and Diamond","","","","https://cash4goldanddiamond.com/e-commerce-retail/","follow, noindex","Current query/landing-page export unavailable; intent map is a proposal","Owner review pending"
"/tag/sell-your-gold-at-pawn-shop/","Sell your Gold at Pawn Shop | Cash 4 Gold and Diamond","Supporting page/archive","Sell your Gold at Pawn Shop | Cash 4 Gold and Diamond","","","","https://cash4goldanddiamond.com/tag/sell-your-gold-at-pawn-shop/","follow, noindex","Current query/landing-page export unavailable; intent map is a proposal","Owner review pending"
"/tag/pawn-shop/","Sell Gold at Pawn Shop | Cash 4 Gold and Diamond","Supporting page/archive","Sell Gold at Pawn Shop | Cash 4 Gold and Diamond","","","","https://cash4goldanddiamond.com/tag/pawn-shop/","follow, noindex","Current query/landing-page export unavailable; intent map is a proposal","Owner review pending"
"/cash-for-gold/","Cash For Gold - Cash 4 Gold and Diamond","Supporting page/archive","Cash For Gold - Cash 4 Gold and Diamond","","","","https://cash4goldanddiamond.com/cash-for-gold/","follow, noindex","Current query/landing-page export unavailable; intent map is a proposal","Owner review pending"
"/tag/14k-gold/","14K gold - Cash 4 Gold and Diamond","Supporting page/archive","14K gold - Cash 4 Gold and Diamond","","","","https://cash4goldanddiamond.com/tag/14k-gold/","follow, noindex","Current query/landing-page export unavailable; intent map is a proposal","Owner review pending"
"/uncategorized/","Uncategorized - Cash 4 Gold and Diamond","Supporting page/archive","Uncategorized - Cash 4 Gold and Diamond","","","","https://cash4goldanddiamond.com/uncategorized/","follow, noindex","Current query/landing-page export unavailable; intent map is a proposal","Owner review pending"
"/tag/14k-gold-price/","14K gold price - Cash 4 Gold and Diamond","Supporting page/archive","14K gold price - Cash 4 Gold and Diamond","","","","https://cash4goldanddiamond.com/tag/14k-gold-price/","follow, noindex","Current query/landing-page export unavailable; intent map is a proposal","Owner review pending"
"/tag/14k-gold-value/","14K gold value - Cash 4 Gold and Diamond","Supporting page/archive","14K gold value - Cash 4 Gold and Diamond","","","","https://cash4goldanddiamond.com/tag/14k-gold-value/","follow, noindex","Current query/landing-page export unavailable; intent map is a proposal","Owner review pending"
"/tag/14k-gold-price-per-gram/","14K gold price per gram - Cash 4 Gold and Diamond","Supporting page/archive","14K gold price per gram - Cash 4 Gold and Diamond","","","","https://cash4goldanddiamond.com/tag/14k-gold-price-per-gram/","follow, noindex","Current query/landing-page export unavailable; intent map is a proposal","Owner review pending"
"/tag/downtown-los-angeles-gold-buyer/","Downtown Los Angeles gold buyer - Cash 4 Gold and Diamond","Supporting page/archive","Downtown Los Angeles gold buyer - Cash 4 Gold and Diamond","","","","https://cash4goldanddiamond.com/tag/downtown-los-angeles-gold-buyer/","follow, noindex","Current query/landing-page export unavailable; intent map is a proposal","Owner review pending"
"/tag/gold-price-per-gram/","gold price per gram - Cash 4 Gold and Diamond","Supporting page/archive","gold price per gram - Cash 4 Gold and Diamond","","","","https://cash4goldanddiamond.com/tag/gold-price-per-gram/","follow, noindex","Current query/landing-page export unavailable; intent map is a proposal","Owner review pending"
"/tag/sell-14k-gold/","sell 14K gold - Cash 4 Gold and Diamond","Supporting page/archive","sell 14K gold - Cash 4 Gold and Diamond","","","","https://cash4goldanddiamond.com/tag/sell-14k-gold/","follow, noindex","Current query/landing-page export unavailable; intent map is a proposal","Owner review pending"
"/tag/gold-buyer-los-angeles/","gold buyer los angeles - Cash 4 Gold and Diamond","Supporting page/archive","gold buyer los angeles - Cash 4 Gold and Diamond","","","","https://cash4goldanddiamond.com/tag/gold-buyer-los-angeles/","follow, noindex","Current query/landing-page export unavailable; intent map is a proposal","Owner review pending"
"/tag/gold-buyers-los-angeles/","Gold Buyers Los Angeles - Cash 4 Gold and Diamond","Supporting page/archive","Gold Buyers Los Angeles - Cash 4 Gold and Diamond","","","","https://cash4goldanddiamond.com/tag/gold-buyers-los-angeles/","follow, noindex","Current query/landing-page export unavailable; intent map is a proposal","Owner review pending"
"/tag/sell-gold-los-angeles/","Sell Gold Los Angeles - Cash 4 Gold and Diamond","Supporting page/archive","Sell Gold Los Angeles - Cash 4 Gold and Diamond","","","","https://cash4goldanddiamond.com/tag/sell-gold-los-angeles/","follow, noindex","Current query/landing-page export unavailable; intent map is a proposal","Owner review pending"
"/tag/selling-gold/","Selling Gold - Cash 4 Gold and Diamond","Supporting page/archive","Selling Gold - Cash 4 Gold and Diamond","","","","https://cash4goldanddiamond.com/tag/selling-gold/","follow, noindex","Current query/landing-page export unavailable; intent map is a proposal","Owner review pending"
"/tag/gold-price/","gold price - Cash 4 Gold and Diamond","Supporting page/archive","gold price - Cash 4 Gold and Diamond","","","","https://cash4goldanddiamond.com/tag/gold-price/","follow, noindex","Current query/landing-page export unavailable; intent map is a proposal","Owner review pending"
"/tag/gold-vlue/","gold vlue - Cash 4 Gold and Diamond","Supporting page/archive","gold vlue - Cash 4 Gold and Diamond","","","","https://cash4goldanddiamond.com/tag/gold-vlue/","follow, noindex","Current query/landing-page export unavailable; intent map is a proposal","Owner review pending"
"/tag/gold-purity/","gold purity - Cash 4 Gold and Diamond","Supporting page/archive","gold purity - Cash 4 Gold and Diamond","","","","https://cash4goldanddiamond.com/tag/gold-purity/","follow, noindex","Current query/landing-page export unavailable; intent map is a proposal","Owner review pending"
"/how-to-spot-a-fake-rolex/","How to Check a Rolex: Why Visual Tests Cannot Authenticate It","Supporting article","how to spot a fake Rolex","Rolex authentication limits | Rolex serial number check limitations | original and aftermarket watch parts","/sell-luxury-watches-in-los-angeles/","/best-vintage-rolex-buyer-downtown-los-angeles-2026/ | /real-diamond-watches-for-men-the-ultimate-buying-guide/ | /how-to-sell-a-rolex-watch-in-los-angeles/","https://cash4goldanddiamond.com/how-to-spot-a-fake-rolex/","follow, noindex","Current query/landing-page export unavailable; intent map is a proposal","Owner review pending"
"/tag/scrap-gold/","scrap gold - Cash 4 Gold and Diamond","Supporting page/archive","scrap gold - Cash 4 Gold and Diamond","","","","https://cash4goldanddiamond.com/tag/scrap-gold/","follow, noindex","Current query/landing-page export unavailable; intent map is a proposal","Owner review pending"
"/sell-gold-and-diamonds-online/","Selling Gold and Diamonds Online: Prepare the Whole Piece","Supporting article","selling gold and diamonds online","online diamond jewelry evaluation | gold and diamond documentation | diamond-set jewelry shipping","/sell-your-diamonds-in-los-angeles/","/how-to-know-if-diamonds-are-worth-selling/ | /diamond-what-it-is-how-to-value-where-to-sell/ | /4-cs-of-diamonds/","https://cash4goldanddiamond.com/sell-gold-and-diamonds-online/","follow, noindex","Current query/landing-page export unavailable; intent map is a proposal","Owner review pending"
"/tag/14k-gold-neckless/","14K Gold Necklaces | Cash 4 Gold and Diamonds","Supporting page/archive","14K Gold Necklaces | Cash 4 Gold and Diamonds","","","","https://cash4goldanddiamond.com/tag/14k-gold-neckless/","follow, noindex","Current query/landing-page export unavailable; intent map is a proposal","Owner review pending"
"/tag/sell-your-scrap-gold/","Sell your Scrap Gold | Cash 4 Gold and Diamond","Supporting page/archive","Sell your Scrap Gold | Cash 4 Gold and Diamond","","","","https://cash4goldanddiamond.com/tag/sell-your-scrap-gold/","follow, noindex","Current query/landing-page export unavailable; intent map is a proposal","Owner review pending"
"/tag/gold-neckless/","Gold Necklace Value | Cash 4 Gold and Diamond","Supporting page/archive","Gold Necklace Value | Cash 4 Gold and Diamond","","","","https://cash4goldanddiamond.com/tag/gold-neckless/","follow, noindex","Current query/landing-page export unavailable; intent map is a proposal","Owner review pending"
"/tag/gold-calculator/","Gold Calculator Tool | Cash 4 Gold and Diamond","Supporting page/archive","Gold Calculator Tool | Cash 4 Gold and Diamond","","","","https://cash4goldanddiamond.com/tag/gold-calculator/","follow, noindex","Current query/landing-page export unavailable; intent map is a proposal","Owner review pending"
"/tag/neckless/","neckless - Cash 4 Gold and Diamond","Supporting page/archive","neckless - Cash 4 Gold and Diamond","","","","https://cash4goldanddiamond.com/tag/neckless/","follow, noindex","Current query/landing-page export unavailable; intent map is a proposal","Owner review pending"
"/tag/antique-gold/","Antique gold - Cash 4 Gold and Diamond","Supporting page/archive","Antique gold - Cash 4 Gold and Diamond","","","","https://cash4goldanddiamond.com/tag/antique-gold/","follow, noindex","Current query/landing-page export unavailable; intent map is a proposal","Owner review pending"
"/tag/best-worth-of-your-gold/","best worth of your gold - Cash 4 Gold and Diamond","Supporting page/archive","best worth of your gold - Cash 4 Gold and Diamond","","","","https://cash4goldanddiamond.com/tag/best-worth-of-your-gold/","follow, noindex","Current query/landing-page export unavailable; intent map is a proposal","Owner review pending"
"/tag/cash4goldanddiamond/","cash4goldanddiamond - Cash 4 Gold and Diamond","Supporting page/archive","cash4goldanddiamond - Cash 4 Gold and Diamond","","","","https://cash4goldanddiamond.com/tag/cash4goldanddiamond/","follow, noindex","Current query/landing-page export unavailable; intent map is a proposal","Owner review pending"
"/tag/diamond-watches/","""Diamond watches - Cash 4 Gold and Diamond","Supporting page/archive","""Diamond watches - Cash 4 Gold and Diamond","","","","https://cash4goldanddiamond.com/tag/diamond-watches/","follow, noindex","Current query/landing-page export unavailable; intent map is a proposal","Owner review pending"
"/tag/se-your-antique-gold-jewelry/","se;; your antique gold jewelry - Cash 4 Gold and Diamond","Supporting page/archive","se;; your antique gold jewelry - Cash 4 Gold and Diamond","","","","https://cash4goldanddiamond.com/tag/se-your-antique-gold-jewelry/","follow, noindex","Current query/landing-page export unavailable; intent map is a proposal","Owner review pending"
"/tag/sell-you-gold/","Sell your Gold for Cash | Cash 4 Gold and Diamond","Supporting page/archive","Sell your Gold for Cash | Cash 4 Gold and Diamond","","","","https://cash4goldanddiamond.com/tag/sell-you-gold/","follow, noindex","Current query/landing-page export unavailable; intent map is a proposal","Owner review pending"
"/tag/real-diamond-watches/","Real Diamond Watches - Cash 4 Gold and Diamond","Supporting page/archive","Real Diamond Watches - Cash 4 Gold and Diamond","","","","https://cash4goldanddiamond.com/tag/real-diamond-watches/","follow, noindex","Current query/landing-page export unavailable; intent map is a proposal","Owner review pending"
"/tag/selling-gold-online/","Selling Gold Online | Cash 4 Gold and Diamond","Supporting page/archive","Selling Gold Online | Cash 4 Gold and Diamond","","","","https://cash4goldanddiamond.com/tag/selling-gold-online/","follow, noindex","Current query/landing-page export unavailable; intent map is a proposal","Owner review pending"
"/tag/sell-your-gold-offline/","sell your gold offline - Cash 4 Gold and Diamond","Supporting page/archive","sell your gold offline - Cash 4 Gold and Diamond","","","","https://cash4goldanddiamond.com/tag/sell-your-gold-offline/","follow, noindex","Current query/landing-page export unavailable; intent map is a proposal","Owner review pending"
"/tag/sell-your-gold-online/","sell your Gold online - Cash 4 Gold and Diamond","Supporting page/archive","sell your Gold online - Cash 4 Gold and Diamond","","","","https://cash4goldanddiamond.com/tag/sell-your-gold-online/","follow, noindex","Current query/landing-page export unavailable; intent map is a proposal","Owner review pending"
"/tag/online-vs-offline-gold-selling/","online vs offline gold selling - Cash 4 Gold and Diamond","Supporting page/archive","online vs offline gold selling - Cash 4 Gold and Diamond","","","","https://cash4goldanddiamond.com/tag/online-vs-offline-gold-selling/","follow, noindex","Current query/landing-page export unavailable; intent map is a proposal","Owner review pending"
"/tag/best-real-diamond/","best real diamond - Cash 4 Gold and Diamond","Supporting page/archive","best real diamond - Cash 4 Gold and Diamond","","","","https://cash4goldanddiamond.com/tag/best-real-diamond/","follow, noindex","Current query/landing-page export unavailable; intent map is a proposal","Owner review pending"
"/tag/diamond-ring/","diamond ring - Cash 4 Gold and Diamond","Supporting page/archive","diamond ring - Cash 4 Gold and Diamond","","","","https://cash4goldanddiamond.com/tag/diamond-ring/","follow, noindex","Current query/landing-page export unavailable; intent map is a proposal","Owner review pending"
"/tag/3-5-carat-oval-diamond-ring/","3.5 Carat Oval Diamond Ring - Cash 4 Gold and Diamond","Supporting page/archive","3.5 Carat Oval Diamond Ring - Cash 4 Gold and Diamond","","","","https://cash4goldanddiamond.com/tag/3-5-carat-oval-diamond-ring/","follow, noindex","Current query/landing-page export unavailable; intent map is a proposal","Owner review pending"
"/tag/2-carat-diamond-price/","2 carat diamond price - Cash 4 Gold and Diamond","Supporting page/archive","2 carat diamond price - Cash 4 Gold and Diamond","","","","https://cash4goldanddiamond.com/tag/2-carat-diamond-price/","follow, noindex","Current query/landing-page export unavailable; intent map is a proposal","Owner review pending"
"/tag/oval-diamond-ring/","Oval Diamond ring - Cash 4 Gold and Diamond","Supporting page/archive","Oval Diamond ring - Cash 4 Gold and Diamond","","","","https://cash4goldanddiamond.com/tag/oval-diamond-ring/","follow, noindex","Current query/landing-page export unavailable; intent map is a proposal","Owner review pending"
"/tag/2-carat-diamond-ring/","2 carat diamond ring - Cash 4 Gold and Diamond","Supporting page/archive","2 carat diamond ring - Cash 4 Gold and Diamond","","","","https://cash4goldanddiamond.com/tag/2-carat-diamond-ring/","follow, noindex","Current query/landing-page export unavailable; intent map is a proposal","Owner review pending"
"/tag/anniversary-diamond-ring/","anniversary diamond ring - Cash 4 Gold and Diamond","Supporting page/archive","anniversary diamond ring - Cash 4 Gold and Diamond","","","","https://cash4goldanddiamond.com/tag/anniversary-diamond-ring/","follow, noindex","Current query/landing-page export unavailable; intent map is a proposal","Owner review pending"
"/tag/wedding-diamond-ring/","wedding diamond ring - Cash 4 Gold and Diamond","Supporting page/archive","wedding diamond ring - Cash 4 Gold and Diamond","","","","https://cash4goldanddiamond.com/tag/wedding-diamond-ring/","follow, noindex","Current query/landing-page export unavailable; intent map is a proposal","Owner review pending"
"/tag/real-diamond-watches-for-men/","Real Diamond Watches for Men - Cash 4 Gold and Diamond","Supporting page/archive","Real Diamond Watches for Men - Cash 4 Gold and Diamond","","","","https://cash4goldanddiamond.com/tag/real-diamond-watches-for-men/","follow, noindex","Current query/landing-page export unavailable; intent map is a proposal","Owner review pending"
"/tag/top-7-real-diamond-watches/","Top 7 Real Diamond Watches - Cash 4 Gold and Diamond","Supporting page/archive","Top 7 Real Diamond Watches - Cash 4 Gold and Diamond","","","","https://cash4goldanddiamond.com/tag/top-7-real-diamond-watches/","follow, noindex","Current query/landing-page export unavailable; intent map is a proposal","Owner review pending"
"/tag/10k-gold/","10k Gold | Cash 4 Gold and Diamond","Supporting page/archive","10k Gold | Cash 4 Gold and Diamond","","","","https://cash4goldanddiamond.com/tag/10k-gold/","follow, noindex","Current query/landing-page export unavailable; intent map is a proposal","Owner review pending"
"/tag/gold-worth/","What is Gold Worth | Cash 4 Gold and Diamond","Supporting page/archive","What is Gold Worth | Cash 4 Gold and Diamond","","","","https://cash4goldanddiamond.com/tag/gold-worth/","follow, noindex","Current query/landing-page export unavailable; intent map is a proposal","Owner review pending"
"/tag/gold-ring/","gold ring - Cash 4 Gold and Diamond","Supporting page/archive","gold ring - Cash 4 Gold and Diamond","","","","https://cash4goldanddiamond.com/tag/gold-ring/","follow, noindex","Current query/landing-page export unavailable; intent map is a proposal","Owner review pending"
"/tag/sell-yout-gold/","sell yout gold - Cash 4 Gold and Diamond","Supporting page/archive","sell yout gold - Cash 4 Gold and Diamond","","","","https://cash4goldanddiamond.com/tag/sell-yout-gold/","follow, noindex","Current query/landing-page export unavailable; intent map is a proposal","Owner review pending"
"/author/navid-lalezari/page/3/","Navid, Author at Cash 4 Gold and Diamond - Page 3 of 11","Supporting page/archive","Navid, Author at Cash 4 Gold and Diamond - Page 3 of 11","","","","https://cash4goldanddiamond.com/author/navid-lalezari/page/3/","follow, noindex","Current query/landing-page export unavailable; intent map is a proposal","Owner review pending"
"/author/navid-lalezari/page/4/","Navid, Author at Cash 4 Gold and Diamond - Page 4 of 11","Supporting page/archive","Navid, Author at Cash 4 Gold and Diamond - Page 4 of 11","","","","https://cash4goldanddiamond.com/author/navid-lalezari/page/4/","follow, noindex","Current query/landing-page export unavailable; intent map is a proposal","Owner review pending"
"/author/navid-lalezari/page/2/","Navid, Author at Cash 4 Gold and Diamond - Page 2 of 11","Supporting page/archive","Navid, Author at Cash 4 Gold and Diamond - Page 2 of 11","","","","https://cash4goldanddiamond.com/author/navid-lalezari/page/2/","follow, noindex","Current query/landing-page export unavailable; intent map is a proposal","Owner review pending"
"/e-commerce-retail/page/3/","E-commerce & Retail - Page 3 of 10 - Cash 4 Gold and Diamond","Supporting page/archive","E-commerce & Retail - Page 3 of 10 - Cash 4 Gold and Diamond","","","","https://cash4goldanddiamond.com/e-commerce-retail/page/3/","follow, noindex","Current query/landing-page export unavailable; intent map is a proposal","Owner review pending"
"/e-commerce-retail/page/2/","E-commerce & Retail - Page 2 of 10 - Cash 4 Gold and Diamond","Supporting page/archive","E-commerce & Retail - Page 2 of 10 - Cash 4 Gold and Diamond","","","","https://cash4goldanddiamond.com/e-commerce-retail/page/2/","follow, noindex","Current query/landing-page export unavailable; intent map is a proposal","Owner review pending"
"/author/navid-lalezari/page/11/","Navid, Author at Cash 4 Gold and Diamond - Page 11 of 11","Supporting page/archive","Navid, Author at Cash 4 Gold and Diamond - Page 11 of 11","","","","https://cash4goldanddiamond.com/author/navid-lalezari/page/11/","follow, noindex","Current query/landing-page export unavailable; intent map is a proposal","Owner review pending"
"/e-commerce-retail/page/4/","E-commerce & Retail - Page 4 of 10 - Cash 4 Gold and Diamond","Supporting page/archive","E-commerce & Retail - Page 4 of 10 - Cash 4 Gold and Diamond","","","","https://cash4goldanddiamond.com/e-commerce-retail/page/4/","follow, noindex","Current query/landing-page export unavailable; intent map is a proposal","Owner review pending"
"/e-commerce-retail/page/10/","E-commerce & Retail - Page 10 of 10 - Cash 4 Gold and Diamond","Supporting page/archive","E-commerce & Retail - Page 10 of 10 - Cash 4 Gold and Diamond","","","","https://cash4goldanddiamond.com/e-commerce-retail/page/10/","follow, noindex","Current query/landing-page export unavailable; intent map is a proposal","Owner review pending"
"/cash-for-gold/page/2/","Cash For Gold - Page 2 of 2 - Cash 4 Gold and Diamond","Supporting page/archive","Cash For Gold - Page 2 of 2 - Cash 4 Gold and Diamond","","","","https://cash4goldanddiamond.com/cash-for-gold/page/2/","follow, noindex","Current query/landing-page export unavailable; intent map is a proposal","Owner review pending"
"/tag/rolex-watches/","Rolex Watches - Cash 4 Gold and Diamond","Supporting page/archive","Rolex Watches - Cash 4 Gold and Diamond","","","","https://cash4goldanddiamond.com/tag/rolex-watches/","follow, noindex","Current query/landing-page export unavailable; intent map is a proposal","Owner review pending"
"/tag/watches/","Watches - Cash 4 Gold and Diamond","Supporting page/archive","Watches - Cash 4 Gold and Diamond","","","","https://cash4goldanddiamond.com/tag/watches/","follow, noindex","Current query/landing-page export unavailable; intent map is a proposal","Owner review pending"
"/tag/fake-rolex-vs-real-rolex-spot-fake/","Fake Rolex vs. Real Rolex: How to Identify a Fake Rolex","Supporting page/archive","Fake Rolex vs. Real Rolex: How to Identify a Fake Rolex","","","","https://cash4goldanddiamond.com/tag/fake-rolex-vs-real-rolex-spot-fake/","follow, noindex","Current query/landing-page export unavailable; intent map is a proposal","Owner review pending"
"/author/navid-lalezari/page/6/","Navid, Author at Cash 4 Gold and Diamond - Page 6 of 11","Supporting page/archive","Navid, Author at Cash 4 Gold and Diamond - Page 6 of 11","","","","https://cash4goldanddiamond.com/author/navid-lalezari/page/6/","follow, noindex","Current query/landing-page export unavailable; intent map is a proposal","Owner review pending"
"/author/navid-lalezari/page/5/","Navid, Author at Cash 4 Gold and Diamond - Page 5 of 11","Supporting page/archive","Navid, Author at Cash 4 Gold and Diamond - Page 5 of 11","","","","https://cash4goldanddiamond.com/author/navid-lalezari/page/5/","follow, noindex","Current query/landing-page export unavailable; intent map is a proposal","Owner review pending"
"/e-commerce-retail/page/5/","E-commerce & Retail - Page 5 of 10 - Cash 4 Gold and Diamond","Supporting page/archive","E-commerce & Retail - Page 5 of 10 - Cash 4 Gold and Diamond","","","","https://cash4goldanddiamond.com/e-commerce-retail/page/5/","follow, noindex","Current query/landing-page export unavailable; intent map is a proposal","Owner review pending"
"/author/navid-lalezari/page/7/","Navid, Author at Cash 4 Gold and Diamond - Page 7 of 11","Supporting page/archive","Navid, Author at Cash 4 Gold and Diamond - Page 7 of 11","","","","https://cash4goldanddiamond.com/author/navid-lalezari/page/7/","follow, noindex","Current query/landing-page export unavailable; intent map is a proposal","Owner review pending"
"/author/navid-lalezari/page/10/","Navid, Author at Cash 4 Gold and Diamond - Page 10 of 11","Supporting page/archive","Navid, Author at Cash 4 Gold and Diamond - Page 10 of 11","","","","https://cash4goldanddiamond.com/author/navid-lalezari/page/10/","follow, noindex","Current query/landing-page export unavailable; intent map is a proposal","Owner review pending"
"/e-commerce-retail/page/6/","E-commerce & Retail - Page 6 of 10 - Cash 4 Gold and Diamond","Supporting page/archive","E-commerce & Retail - Page 6 of 10 - Cash 4 Gold and Diamond","","","","https://cash4goldanddiamond.com/e-commerce-retail/page/6/","follow, noindex","Current query/landing-page export unavailable; intent map is a proposal","Owner review pending"
"/author/navid-lalezari/page/8/","Navid, Author at Cash 4 Gold and Diamond - Page 8 of 11","Supporting page/archive","Navid, Author at Cash 4 Gold and Diamond - Page 8 of 11","","","","https://cash4goldanddiamond.com/author/navid-lalezari/page/8/","follow, noindex","Current query/landing-page export unavailable; intent map is a proposal","Owner review pending"
"/e-commerce-retail/page/9/","E-commerce & Retail - Page 9 of 10 - Cash 4 Gold and Diamond","Supporting page/archive","E-commerce & Retail - Page 9 of 10 - Cash 4 Gold and Diamond","","","","https://cash4goldanddiamond.com/e-commerce-retail/page/9/","follow, noindex","Current query/landing-page export unavailable; intent map is a proposal","Owner review pending"
"/e-commerce-retail/page/7/","E-commerce & Retail - Page 7 of 10 - Cash 4 Gold and Diamond","Supporting page/archive","E-commerce & Retail - Page 7 of 10 - Cash 4 Gold and Diamond","","","","https://cash4goldanddiamond.com/e-commerce-retail/page/7/","follow, noindex","Current query/landing-page export unavailable; intent map is a proposal","Owner review pending"
"/author/navid-lalezari/page/9/","Navid, Author at Cash 4 Gold and Diamond - Page 9 of 11","Supporting page/archive","Navid, Author at Cash 4 Gold and Diamond - Page 9 of 11","","","","https://cash4goldanddiamond.com/author/navid-lalezari/page/9/","follow, noindex","Current query/landing-page export unavailable; intent map is a proposal","Owner review pending"
"/e-commerce-retail/page/8/","E-commerce & Retail - Page 8 of 10 - Cash 4 Gold and Diamond","Supporting page/archive","E-commerce & Retail - Page 8 of 10 - Cash 4 Gold and Diamond","","","","https://cash4goldanddiamond.com/e-commerce-retail/page/8/","follow, noindex","Current query/landing-page export unavailable; intent map is a proposal","Owner review pending"
"/best-gold-bars-2026-top-dealers-ranked/","Gold Bars: Compare Dealer Quotes, Records and Resale Terms","Supporting article","compare gold bar dealer quotes","gold bar assay records | gold bullion resale terms | Los Angeles gold bar evaluation","/sell-your-golds/","/gold-coins-buyer-near-me-downtown/ | /gold-valuation-how-gold-is-valued/","https://cash4goldanddiamond.com/best-gold-bars-2026-top-dealers-ranked/","index,follow","Current query/landing-page export unavailable; intent map is a proposal","Owner review pending"
"/best-gold-jewelry-buyers-los-angeles-2026/","Compare Gold and Jewelry Buyer Offers in Los Angeles","Supporting article","compare jewelry buyer offers Los Angeles","jewelry offer comparison | jewelry buyer payment terms | gold jewelry evaluation records","/sell-your-golds/","/gold-valuation-how-gold-is-valued/ | /diamond-chart-4cs-guide/","https://cash4goldanddiamond.com/best-gold-jewelry-buyers-los-angeles-2026/","index,follow","Current query/landing-page export unavailable; intent map is a proposal","Owner review pending"
